ret_long,ret_short,ret_long_short,n_long,n_short,yyyymm,turnover
0.2280926447368421,0.1943023289473684,0.033790315789473696,152,152,200001,0.0
-0.007347189542483659,-0.04540932796250981,0.03806213842002615,153,153,200002,2.549019607843129
-0.05483733333333332,-0.08349290666666664,0.028655573333333323,150,150,200003,2.640522875816986
-0.11713972077922077,-0.09401972077922077,-0.02312,154,154,200004,2.7272727272727275
0.16885130718954253,0.07956085620915035,0.08929045098039218,153,153,200005,2.3766233766233706
-0.10422163225806447,0.007679290322580648,-0.11190092258064512,155,155,200006,3.1096774193548296
0.1610020011731612,0.08248998947865804,0.07851201169450317,155,155,200007,3.0193548387096656
-0.0351188961038961,-0.07514374025974024,0.04002484415584415,154,154,200008,2.7354838709677374
-0.10571586274509806,-0.09537686928104577,-0.010338993464052287,153,153,200009,2.727272727272722
-0.19877633116883114,-0.12414292207792207,-0.07463340909090907,154,154,200010,2.7142857142857095
0.03890770588235296,-0.016696418300653597,0.05560412418300656,153,153,200011,2.714285714285709
0.28658730201342286,0.26224418791946313,0.024343114093959728,149,149,200012,2.745098039215685
-0.07736009999999997,-0.19911726666666663,0.12175716666666665,150,150,200101,2.813333333333336
-0.02431473999999998,-0.08321827333333331,0.058903533333333334,150,150,200102,2.6533333333333315
0.1078582323943662,0.10422451408450703,0.003633718309859174,142,142,200103,2.8399999999999963
0.10957873469387755,-0.017626013605442165,0.12720474829931971,147,147,200104,2.8299319727891143
0.022783544217687076,-0.014628993197278908,0.03741253741496599,147,147,200105,2.557823129251703
-0.05439802027027027,-0.08357587837837838,0.029177858108108107,148,148,200106,2.8783783783783834
-0.04082745144810135,-0.08806431081081079,0.04723685936270944,148,148,200107,2.7297297297297387
-0.15438325850340134,-0.2469679047619047,0.09258464625850335,147,147,200108,2.6351351351351395
0.13950614285714286,0.17639960544217687,-0.03689346258503401,147,147,200109,2.7074829931972815
0.1147780743243243,0.14518195945945944,-0.030403885135135145,148,148,200110,2.378378378378381
0.08119785810810812,0.04859633783783784,0.03260152027027028,148,148,200111,2.1621621621621676
0.036900201388888866,-0.05744409655172411,0.09434429794061297,144,145,200112,2.4594594594594605
-0.0773188424657534,-0.11772282876712324,0.040403986301369835,146,146,200201,2.2739726027397253
0.11040025342465751,0.1312737739726027,-0.020873520547945196,146,146,200202,2.356164383561651
0.010769553956834547,-0.06991894964028779,0.08068850359712233,139,139,200203,2.4657534246575348
-0.025902951724137927,-0.055110143835616424,0.029207192111478496,145,146,200204,2.599149740198394
-0.07504932712582313,-0.1184442176870748,0.043394890561251676,147,147,200205,2.1768707482993244
-0.1324902905405405,-0.19630752702702703,0.06381723648648652,148,148,200206,2.6081081081081114
0.030365912162162154,-0.023638878378378386,0.05400479054054054,148,148,200207,2.689189189189198
-0.09587557883545943,-0.14660172297297297,0.05072614413751354,148,148,200208,2.716216216216225
0.10864135616438356,0.14041642465753418,-0.03177506849315062,146,146,200209,2.5270270270270334
0.1990868424657534,0.3240652328767123,-0.1249783904109589,146,146,200210,2.6027397260274054
-0.032688599999999984,-0.12136890344827586,0.08868030344827588,145,145,200211,2.863013698630143
-0.024863225352112675,-0.06145759859154929,0.036594373239436616,142,142,200212,2.8965517241379306
-0.038011384615384614,-0.03317039160839159,-0.004840993006993026,143,143,200301,2.405594405594405
0.010051760563380278,-0.013934999999999998,0.023986760563380276,142,142,200302,2.615384615384615
0.19247510144927535,0.13404655797101445,0.0584285434782609,138,138,200303,2.7746478873239466
0.19034797163120568,0.17171984507042254,0.018628126560783137,141,142,200304,2.5304165418040165
0.04993622535211267,0.018299070422535202,0.03163715492957747,142,142,200305,2.6338028169014027
0.1231399647887324,0.049851253521126765,0.07328871126760564,142,142,200306,2.957746478873236
0.0918175,0.0548341748251748,0.03698332517482519,142,143,200307,2.8907712006303545
0.005433267605633808,-0.036624852112676035,0.04205811971830984,142,142,200308,2.7924751305032975
0.13243311267605634,0.07140489436619718,0.06102821830985916,142,142,200309,3.2535211267605595
0.06151538194444441,0.010820944444444435,0.05069443749999998,144,144,200310,3.3333333333333273
-0.01911360139860139,0.052860349650349636,-0.07197395104895102,143,143,200311,2.541666666666665
0.07001778014184397,0.01790821276595745,0.05210956737588652,141,141,200312,3.3986013986013983
-0.014063718309859152,-0.005957845070422539,-0.008105873239436612,142,142,200401,3.4084507042253405
-0.0024668450704225346,0.005947915492957751,-0.008414760563380285,142,142,200402,3.0281690140845035
-0.12327919424460435,-0.050023136690647486,-0.07325605755395687,139,139,200403,2.957746478873231
0.022652553191489358,0.04802111971830986,-0.0253685665268205,141,142,200404,3.080910997902299
0.0352103340526197,0.026608816901408445,0.008601517151211258,142,142,200405,3.22535211267605
-0.11641062411347518,-0.10631282978723405,-0.010097794326241125,141,141,200406,2.873239436619711
-0.03650254225352113,-0.019888591549295766,-0.01661395070422536,142,142,200407,2.845070422535204
0.08110080281690138,0.04446790845070423,0.03663289436619715,142,142,200408,3.042253521126757
0.019037380281690143,0.012799591549295768,0.006237788732394375,142,142,200409,2.535211267605631
0.08086791608391605,0.08008146853146852,0.0007864475524475278,143,143,200410,3.034965034965038
0.046148795774647894,0.057978591549295744,-0.01182979577464785,142,142,200411,2.615384615384615
-0.08956282733812951,-0.07934327338129499,-0.01021955395683452,139,139,200412,2.6760563380281615
0.00928902877697841,0.016542309352517992,-0.007253280575539582,139,139,200501,2.5755395683453153
-0.026547712230215823,-0.006844172661870506,-0.019703539568345318,139,139,200502,2.5323741007194163
-0.0903805185185185,-0.04356327407407406,-0.04681724444444444,135,135,200503,2.546762589928047
0.09397793430656935,0.0779725620437956,0.01600537226277375,137,137,200504,2.598540145985405
0.05041178260869564,0.029169688405797096,0.02124209420289854,138,138,200505,3.434782608695668
0.0845900072463768,0.08068594202898549,0.0039040652173913115,138,138,200506,3.086956521739138
0.01215523188405797,-0.02502297826086956,0.03717821014492753,138,138,200507,3.1304347826087033
0.0013554130434782641,0.013384492753623183,-0.012029079710144918,138,138,200508,2.9565217391304417
-0.019614191176470584,-0.05432264233576643,0.03470845115929585,136,137,200509,2.66666666666667
0.06990787681159419,0.03976887681159419,0.030139,138,138,200510,2.5797101449275397
0.004360345588235285,-0.0198841897810219,0.024244535369257185,136,137,200511,3.0724637681159486
0.12324309701492533,0.06103640298507461,0.062206694029850726,134,134,200512,2.6367539716616584
-0.04656657462686566,-0.002408574626865668,-0.044157999999999996,134,134,200601,2.4626865671641776
0.047024639097744333,0.053930283582089525,-0.006905644484345191,133,134,200602,2.3731343283582094
0.006332430769230768,-0.005035776923076919,0.011368207692307687,130,130,200603,2.7121535181236656
-0.05038976515151514,-0.07247024999999997,0.022080484848484835,132,132,200604,3.3030303030302965
-0.01956925757575758,-0.021636015151515142,0.002066757575757562,132,132,200605,2.893939393939392
-0.023573466165413524,-0.07013510526315787,0.04656163909774435,133,133,200606,3.323308270676697
0.020850664179104472,0.04768305223880595,-0.02683238805970148,134,134,200607,2.5820895522388057
-0.011946097744360885,0.003506624060150368,-0.015452721804511252,133,133,200608,2.955223880597016
0.06121203787878789,0.07820568939393938,-0.01699365151515149,132,132,200609,2.7669172932330865
0.0214397196969697,0.0410166515151515,-0.0195769318181818,132,132,200610,2.7272727272727253
0.014065192307692308,-0.02734233076923076,0.04140752307692307,130,130,200611,2.57575757575757
0.018062559055118107,0.027371499999999997,-0.00930894094488189,127,128,200612,2.8615384615384576
0.004257710937499994,0.006418289062499996,-0.0021605781250000023,128,128,200701,3.499999999999999
0.0023295546874999946,0.014137242187499994,-0.0118076875,128,128,200702,2.84375
0.010514588709677416,0.03334979032258063,-0.022835201612903217,124,124,200703,2.718749999999999
0.023926777777777773,0.046438658730158726,-0.022511880952380953,126,126,200704,2.698412698412697
-0.00684273809523808,-0.0060642142857142926,-0.0007785238095237871,126,126,200705,3.317460317460311
-0.07277929032258064,-0.0565336693548387,-0.016245620967741937,124,124,200706,3.238095238095235
-0.005622471999999996,-0.007521983999999991,0.0018995119999999947,125,125,200707,3.1519999999999992
-0.0025652096774193512,0.009670887999999996,-0.012236097677419348,124,125,200708,2.3200000000000003
0.04030072950819673,0.006503204918032794,0.033797524590163934,122,122,200709,3.0987096774193494
-0.07199818852459017,-0.1022559016393443,0.03025771311475413,122,122,200710,3.475409836065557
-0.01500990163934426,-0.02221489344262294,0.0072049918032786806,122,122,200711,3.524590163934409
-0.08372235,-0.04663515833333332,-0.03708719166666668,120,120,200712,2.9836065573770423
-0.010182892561983462,-0.02816585950413222,0.017982966942148758,121,121,200801,3.239669421487596
0.0009954958677685897,-0.014400106557377045,0.015395602425145635,121,122,200802,2.3206882536241653
0.04313283760683763,0.025609641025641037,0.017523196581196592,117,117,200803,2.550196450345477
0.06427916666666667,0.04687549166666667,0.017403674999999993,120,120,200804,2.499999999999996
-0.12982122499999998,-0.10065734166666668,-0.029163883333333307,120,120,200805,2.4833333333333294
0.0492403305785124,0.030211297520661158,0.01902903305785124,121,121,200806,2.8429752066115643
0.04643093442622951,0.004755229508196715,0.0416757049180328,122,122,200807,2.508196721311471
-0.10251881147540985,-0.11762916393442621,0.01511035245901636,122,122,200808,2.4918032786885203
-0.26316231886930574,-0.2535107685950413,-0.009651550274264453,121,121,200809,2.8524590163934356
-0.1918173196721312,-0.12446969672131147,-0.06734762295081972,122,122,200810,2.557377049180322
0.03498969105691057,0.024146398373983725,0.010843292682926844,123,123,200811,2.390243902439022
-0.09272372499999999,-0.08493310833333333,-0.0077906166666666665,120,120,200812,2.666666666666666
-0.14117922314049586,-0.10666970247933882,-0.034509520661157034,121,121,200901,2.628099173553714
0.1453563553719008,0.10247586776859502,0.04288048760330579,121,121,200902,2.628099173553712
0.38488725423728803,0.17650314406779655,0.2083841101694915,118,118,200903,2.6776859504132173
0.053424583333333345,0.04834542500000001,0.0050791583333333334,120,120,200904,2.666666666666662
0.02874465289256199,0.007813628099173554,0.020931024793388434,121,121,200905,2.57851239669421
0.15361866115702474,0.0905279504132231,0.06309071074380164,121,121,200906,2.8925619834710665
0.04067632786885246,0.048106319672131144,-0.0074299918032786835,122,122,200907,3.327868852459005
0.12242939344262295,0.05636604098360658,0.06606335245901637,122,122,200908,3.262295081967199
-0.08208821487603304,-0.0923487685950413,0.010260553719008261,121,121,200909,3.4754098360655616
0.0264624918032787,0.04397345081967213,-0.01751095901639343,122,122,200910,2.5245901639344215
0.11371669672131147,0.08009687704918032,0.03361981967213115,122,122,200911,2.7868852459016313
-0.014367661157024782,-0.052832628099173516,0.03846496694214874,121,121,200912,2.9672131147540894
0.04616493388429751,0.061618677685950404,-0.015453743801652896,121,121,201001,2.8429752066115626
0.08428387499999998,0.06999082644628098,0.014293048553719004,120,121,201002,2.8429752066115634
0.10967751694915251,0.033047093220338976,0.07663042372881354,118,118,201003,3.119559228650131
-0.08125241176470586,-0.09428222689075634,0.013029815126050476,119,119,201004,3.4453781512604973
-0.13561441666666668,-0.053140258333333315,-0.08247415833333337,120,120,201005,2.7833333333333288
0.08152055932203388,0.10061705932203385,-0.019096499999999975,118,118,201006,3.3499999999999934
-0.08868637288135588,-0.05696059322033895,-0.031725779661016924,118,118,201007,2.881355932203384
0.16241561864406776,0.1171945423728813,0.04522107627118646,118,118,201008,2.457627118644063
0.038015495726495714,0.014045179487179489,0.023970316239316225,117,117,201009,2.661016949152537
0.03595938135593219,0.05685517796610167,-0.02089579661016948,118,118,201010,2.8135593220338926
0.10121484615384617,0.06691093162393165,0.03430391452991452,117,117,201011,2.966101694915248
-0.006749379310344828,0.023877620689655172,-0.030627,116,116,201012,3.0940170940170866
0.06572179310344825,0.05800124137931032,0.007720551724137929,116,116,201101,2.5344827586206837
0.018325982905982904,0.031419641025641036,-0.013093658119658132,117,117,201102,2.717948717948712
0.028562448275862063,0.021755862068965504,0.006806586206896559,116,116,201103,2.803418803418797
-0.032860034188034196,-0.009046581196581199,-0.023813452991452995,117,117,201104,2.256410256410252
-0.04403041379310343,-0.0329185344827586,-0.011111879310344824,116,116,201105,2.837606837606831
-0.05399059482758618,-0.04073911206896549,-0.013251482758620696,116,116,201106,2.9137931034482683
-0.118100448275862,-0.105302448275862,-0.01279799999999999,116,116,201107,2.379310344827581
-0.11426544827586202,-0.12643737068965513,0.012171922413793113,116,116,201108,2.293103448275857
0.19503877391304345,0.18434074999999994,0.010698023913043503,115,116,201109,2.4827586206896486
-0.013262965517241368,-0.0048452327586206885,-0.008417732758620679,116,116,201110,2.586206896551717
0.011146293103448281,-0.030341974137931025,0.04148826724137931,116,116,201111,2.5689655172413732
0.13868273043478255,0.05544400869565216,0.08323872173913038,115,115,201112,2.7931034482758528
0.024393417391304333,0.040679052173913016,-0.016285634782608683,115,115,201201,3.4260869565217256
0.004641417391304345,0.029574521739130423,-0.024933104347826078,115,115,201202,3.3739130434782476
-0.0061641491228070265,-0.006780877192982437,0.0006167280701754102,114,114,201203,3.4956521739130415
-0.10478760526315788,-0.06935382608695649,-0.035433779176201385,114,115,201204,3.684973302822276
0.039575771929824546,0.03165190591476314,0.007923866015061405,114,114,201205,3.6317315026697203
-0.010022371681415915,-0.011067500000000008,0.0010451283185840925,113,114,201206,3.1228070175438667
0.028419123893805298,0.05272075438596489,-0.02430163049215959,113,114,201207,3.047197640118
0.04456235398230088,0.03808036677522122,0.0064819872070796605,113,113,201208,3.2771308802980954
-0.03082983035714285,-0.014574223214285701,-0.016255607142857148,112,112,201209,3.0088495575221215
0.01366359821428571,0.0062419910714285615,0.007421607142857148,112,112,201210,2.8749999999999947
0.048228432432432404,0.02385324324324322,0.024375189189189184,111,111,201211,3.3749999999999902
0.053569252252252224,0.07135680180180175,-0.017787549549549524,111,111,201212,3.6396396396396256
-0.016293790909090906,-0.007737700000000005,-0.0085560909090909,110,110,201301,3.4594594594594477
0.044713636363636344,0.05332128900950907,-0.008607652645872724,110,110,201302,2.545454545454537
0.009071999999999995,-0.004137102803738309,0.013209102803738304,107,107,201303,3.1090909090908943
0.07049241284403672,0.03748655045871559,0.03300586238532113,109,109,201304,2.9541284403669654
-0.019428944444444436,-0.014360155963302755,-0.0050687884811416815,108,109,201305,2.6605504587155973
0.10183874311926602,0.05989488073394493,0.04194386238532109,109,109,201306,2.935779816513762
-0.023030825688073384,-0.010052577981651364,-0.01297824770642202,109,109,201307,2.5504587155963323
0.06259882568807337,0.05012168807339448,0.01247713761467889,109,109,201308,3.1926605504587147
0.03034662037037035,0.03678322018348624,-0.006436599813115888,108,109,201309,3.045871559633029
0.0313227247706422,0.023260128440366973,0.008062596330275226,109,109,201310,2.4770642201834905
0.022054366972477056,0.021108321100917416,0.00094604587155964,109,109,201311,2.8807339449541294
-0.024857420560747648,-0.037556280373831755,0.012698859813084107,107,107,201312,2.513761467889905
0.06671999999999997,0.05906266355140184,0.0076573364485981316,107,107,201401,2.9345794392523255
0.01160897196261682,-0.017203814814814807,0.028812786777431626,107,108,201402,2.6772239529248854
-0.024927295238095237,-0.013241409523809516,-0.011685885714285721,105,105,201403,2.9184839044652104
-0.03985993457943925,0.007850504672897184,-0.04771043925233644,107,107,201404,3.25233644859812
0.04775667289719624,0.041015271028037356,0.006741401869158885,107,107,201405,3.17757009345793
-0.04708754629629628,-0.0528358148148148,0.005748268518518521,108,108,201406,3.5185185185185146
0.092975037037037,0.048441037037037005,0.04453399999999999,108,108,201407,3.666666666666677
-0.08062872222222217,-0.05229291666666664,-0.02833580555555553,108,108,201408,2.796296296296303
-0.021398373831775706,0.044069383177570066,-0.06546775700934578,107,107,201409,3.074074074074072
-0.017254333333333337,-0.02727074074074074,0.010016407407407404,108,108,201410,3.3703703703703685
-0.016374495327102796,-0.008206149532710285,-0.00816834579439251,107,107,201411,3.018518518518518
-0.07739414150943395,-0.037907537735849046,-0.039486603773584907,106,106,201412,3.02803738317757
0.09442825471698113,0.09935590566037734,-0.004927650943396214,106,106,201501,3.377358490566053
-0.030101292452830188,-0.020087830188679243,-0.010013462264150945,106,106,201502,2.8867924528301985
-0.011818161904761886,0.028036438095238102,-0.03985459999999999,105,105,201503,2.641509433962267
-0.040749933333333335,0.01815972641509434,-0.05890965974842767,105,106,201504,3.2023360287511227
-0.02517506666666667,-0.01307887619047617,-0.0120961904761905,105,105,201505,1.7114106019766373
-0.04412405714285715,-0.05204240566037736,0.007918348517520206,105,106,201506,3.4492362982929023
-0.0019247904761904508,-0.05293649523809521,0.05101170476190476,105,105,201507,3.3356693620844564
-0.1293118285714286,-0.06647177142857144,-0.06284005714285715,105,105,201508,3.1999999999999935
0.07823041346153847,0.09116849038461539,-0.012938076923076913,104,104,201509,2.742857142857138
0.009233409523809522,0.006958571428571429,0.002274838095238092,105,105,201510,3.3904761904761833
-0.06391765048543689,-0.047680625000000004,-0.016237025485436887,103,104,201511,3.3904761904761846
-0.08965041176470594,-0.05094826470588235,-0.038702147058823584,102,102,201512,3.1293876026885674
0.021715194174757268,0.024706660194174758,-0.00299146601941749,103,103,201601,3.456310679611646
0.14196343689320393,0.08048642718446601,0.061477009708737915,103,103,201602,2.388349514563106
0.026255696078431368,0.05512625490196081,-0.028870558823529444,102,102,201603,2.504854368932035
-0.013381931372549035,0.017601284313725492,-0.030983215686274525,102,102,201604,2.509803921568623
0.010385325453000005,0.0008628235294117561,0.009522501923588248,102,102,201605,2.3137254901960747
0.07165234,0.039545459999999984,0.03210688000000001,100,100,201606,3.2941176470588225
0.020544559999999996,0.014330010000000002,0.006214549999999994,100,100,201607,3.5000000000000027
-0.00028134343434342644,0.021779550000000005,-0.02206089343434343,99,100,201608,2.5800000000000027
-0.042660828282828286,-0.0578850808080808,0.015224252525252516,99,99,201609,3.1345454545454574
0.12565118181818183,0.09168128282828282,0.03396989898989901,99,99,201610,2.424242424242423
0.026636193877551003,0.006468785714285709,0.020167408163265295,98,98,201611,3.0707070707070674
0.02522377319587628,-0.0005259072164948443,0.025749680412371124,97,97,201612,3.346938775510195
0.021378567010309265,0.010480927835051546,0.010897639175257719,97,97,201701,3.340206185567003
-0.010929587628865966,0.01601942268041236,-0.026949010309278328,97,97,201702,3.5463917525773114
-0.0004528020833333424,-0.002241687500000006,0.0017888854166666635,96,96,201703,2.0206185567010286
-0.007898239915484545,-0.013675391752577305,0.005777151837092759,97,97,201704,2.1030927835051525
0.014796773195876276,0.00674882474226804,0.008047948453608237,97,97,201705,2.5154639175257687
-0.00968202105263157,0.03467781249999999,-0.04435983355263156,95,96,201706,2.680412371134021
-0.022226677083333327,-0.027980656249999986,0.005753979166666659,96,96,201707,2.541666666666668
0.05357387368421049,0.08787118947368412,-0.034297315789473634,95,95,201708,2.666666666666668
0.001376578947368424,-0.0068658315789473555,0.00824241052631578,95,95,201709,2.842105263157899
0.056452894736842056,0.03176949473684207,0.024683399999999987,95,95,201710,3.557894736842112
0.0023343684210526297,0.002546768421052638,-0.00021240000000000842,95,95,201711,3.41052631578948
0.01819238297872339,0.04115114893617021,-0.02295876595744682,94,94,201712,3.178947368421059
-0.05089994680851061,-0.03848399999999997,-0.012415946808510638,94,95,201801,3.3422172452407675
0.003942221052631569,0.005959403999831572,-0.0020171829472000026,95,95,201802,3.957894736842114
-0.013965913978494615,0.05451993548387094,-0.06848584946236555,93,93,201803,3.0736842105263156
0.025729736842105225,0.0649154526315789,-0.03918571578947368,95,95,201804,2.799999999999999
0.013522697916666673,0.03717421874999999,-0.023651520833333314,96,96,201805,3.625000000000007
0.03465948453608245,0.014553020618556688,0.020106463917525758,97,97,201806,3.835051546391753
0.026693412371133988,0.03380070103092781,-0.0071072886597938235,97,97,201807,3.5257731958762806
-0.02257451546391752,-0.02079327835051544,-0.0017812371134020774,97,97,201808,3.463917525773188
-0.12126654639175252,-0.11814289690721644,-0.003123649484536084,97,97,201809,3.3608247422680337
-0.008810319587628866,0.007782979381443284,-0.01659329896907215,97,97,201810,2.2886597938144293
-0.10617008333333328,-0.1341510729166666,0.027980989583333338,96,96,201811,3.8762886597938158
0.09754590526315782,0.14937189473684195,-0.051825989473684136,95,95,201812,3.541666666666674
0.03978533684210524,0.05196543157894733,-0.01218009473684209,95,95,201901,3.3473684210526375
-0.028130947368421026,-0.019128463157894723,-0.009002484210526303,95,95,201902,3.768421052631586
0.045635282608695635,0.013721684782608679,0.03191359782608696,92,92,201903,2.4421052631579
-0.08482589361702124,-0.10859141489361702,0.023765521276595786,94,94,201904,3.3404255319149017
0.07306241052631572,0.08276218947368412,-0.009699778947368398,95,95,201905,3.4947368421052705
0.009365757894736836,0.013899294736842083,-0.004533536842105248,95,95,201906,3.747368421052639
-0.06528158333333331,-0.023849249999999985,-0.04143233333333332,96,96,201907,2.8958333333333357
0.08701414736842099,-0.0066731368421052775,0.09368728421052627,95,95,201908,2.958333333333336
0.023023305263157857,0.01095836842105262,0.012064936842105238,95,95,201909,2.778947368421057
0.08138021052631576,0.03124959999999996,0.0501306105263158,95,95,201910,3.621052631578954
0.08213859574468085,0.028319947368421007,0.053818648376259846,94,95,201911,3.536842105263165
-0.030838808510638287,-0.06098696808510638,0.030148159574468095,94,94,201912,3.659574468085114
-0.1052606808510638,-0.05509357446808509,-0.05016710638297871,94,94,202001,3.255319148936176
-0.22130701063829789,-0.3400574042553192,0.11875039361702133,94,94,202002,2.787234042553194
0.2430062967032967,0.5349898571428571,-0.29198356043956036,91,91,202003,2.489361702127656
0.05304823913043476,0.05606848913043477,-0.003020250000000016,92,92,202004,2.478260869565218
0.03604544086021505,0.08687813978494624,-0.05083269892473119,93,93,202005,3.440860215053768
0.0505472688172043,0.013751236559139778,0.03679603225806452,93,93,202006,3.376344086021503
0.05762077419354837,0.058560376344086014,-0.0009396021505376426,93,93,202007,3.505376344086019
-0.03561975268817201,-0.04791419148936169,0.012294438801189682,93,94,202008,3.6575154426904595
0.03645192553191488,0.028592265957446808,0.007859659574468075,94,94,202009,3.40425531914894
0.23692031914893621,0.21727727659574467,0.019643042553191548,94,94,202010,3.489361702127667
0.07077016129032256,0.0819007340425532,-0.011130572752230644,93,94,202011,3.531914893617026
0.07502631182795698,0.10812627956989246,-0.03309996774193548,93,93,202012,3.0805307709906184
0.03509692473118279,0.10702918279569892,-0.07193225806451614,93,93,202101,2.7741935483870948
0.03383554838709676,0.06675096774193548,-0.03291541935483872,93,93,202102,3.010752688172041
0.03198493406593404,0.018726793478260867,0.013258140587673176,91,92,202103,2.795698924731182
0.0099003152173913,0.034127456521739125,-0.024227141304347825,92,92,202104,2.6739130434782643
0.021960698924731185,0.008136763440860216,0.013823935483870968,93,93,202105,3.1612903225806486
-0.04273956989247309,-0.03182602150537632,-0.010913548387096766,93,93,202106,3.526881720430105
-0.0009655698924731161,0.007950440860215048,-0.008916010752688164,93,93,202107,2.9677419354838688
-0.032237279569892446,-0.026334086021505342,-0.005903193548387104,93,93,202108,3.053763440860213
0.05112588297872339,0.04560013829787233,0.005525744680851062,94,94,202109,3.042553191489362
-0.04129829787234044,-0.03860355319148936,-0.0026947446808510828,94,94,202110,2.765957446808513
0.04124622340425532,-0.00569027659574468,0.046936500000000006,94,94,202111,3.468085106382986
-0.10369485106382975,-0.09029011702127661,-0.013404734042553143,94,94,202112,2.787234042553194
0.01105347872340427,0.048239978723404256,-0.03718649999999998,94,94,202201,2.936170212765961
0.002268978723404264,0.029070968085106386,-0.02680198936170212,94,94,202202,2.446808510638298
-0.04818636956521737,-0.1341925652173913,0.08600619565217393,92,92,202203,2.829787234042557
-0.02398840860215053,0.02297060215053764,-0.04695901075268817,93,93,202204,3.4838709677419404
-0.12100141935483866,-0.12284378804094681,0.0018423686861081534,93,94,202205,2.6739876458476304
0.12989534736842095,0.1014197368421052,0.028475610526315753,95,95,202206,2.9473684210526354
-0.026141505263157862,0.009147778947368429,-0.035289284210526295,95,95,202207,2.778947368421057
-0.13225227368421041,-0.10039377894736835,-0.03185849473684206,95,95,202208,2.694736842105267
0.1267888736842104,0.13255195789473675,-0.005763084210526348,95,95,202209,2.58947368421053
0.07457849473684203,0.032570894736842076,0.04200759999999995,95,95,202210,2.2736842105263184
-0.07458709473684205,-0.052307642105263105,-0.022279452631578947,95,95,202211,2.547368421052635
0.1422574574468085,0.12078630851063826,0.021471148936170248,94,94,202212,2.5263157894736876
-0.03198468085106381,-0.030262095744680834,-0.0017225851063829775,94,94,202301,3.468085106382986
-0.02363451063829787,-0.03839634042553191,0.014761829787234039,94,94,202302,2.2765957446808516
-0.03162470967741934,-0.014301301075268813,-0.017323408602150522,93,93,202303,3.531914893617023
-0.022134553191489364,-0.05648043617021274,0.034345882978723374,94,94,202304,3.382978723404257
0.08545207368421048,0.15567448421052618,-0.0702224105263157,95,95,202305,3.57894736842106
0.044177430403822895,0.0970430208333333,-0.0528655904295104,96,96,202306,3.604166666666674
-0.034224531249999975,-0.07347726041666665,0.039252729166666674,96,96,202307,2.791666666666669
-0.060341239583333296,-0.06880140624999997,0.008460166666666678,96,96,202308,2.91666666666667
-0.07669299129946872,-0.08126648958333331,0.004573498283864594,96,96,202309,3.2708333333333393
0.07188761458333331,0.0923042083333333,-0.02041659374999999,96,96,202310,2.8958333333333366
0.11546629080210413,0.1904004479166666,-0.07493415711456247,96,96,202311,3.312500000000006
-0.017106574468085094,-0.050601621052631544,0.03349504658454645,94,95,202312,3.2708333333333384
0.06696408510638298,0.05947169473684206,0.00749239036954092,94,95,202401,3.387234042553198
0.039061052234042534,0.007355404255319143,0.03170564797872339,94,94,202402,2.5410974244120963
-0.06921873626373624,-0.059441989130434754,-0.00977674713330149,91,92,202403,3.0638297872340434
0.03166038709677416,0.015278473118279567,0.016381913978494596,93,93,202404,3.118279569892472
-0.021598473118279553,-0.03752774193548385,0.0159292688172043,93,93,202405,3.333333333333331
0.13590483870967734,0.05712123404255318,0.07878360466712417,93,94,202406,3.5724090597117355
-0.0017317741935483858,-0.039553139784946234,0.03782136559139785,93,93,202407,2.8448867536032934
-0.0026727021276595855,0.028495829787234042,-0.03116853191489363,94,94,202408,2.723404255319148
-0.046696913978494604,-0.015676904255319146,-0.031020009723175458,93,94,202409,2.4255319148936154
0.08502995698924727,0.16356699999999996,-0.07853704301075269,93,93,202410,2.973690231068405
-0.05621358461538458,-0.07929292307692308,0.0230793384615385,65,65,202411,3.1182795698924672
