yyyymm,R2_std,R2_wt
200001,-0.0050226251148548,0.0077065679718544
200002,-7.809010356485402e-05,0.0070704946837439
200003,0.0214369335043236,-0.0099574771780326
200004,-0.026332495057493,-0.0141456834491198
200005,0.0025602624782633,0.019881801905901
200006,0.000958230961606,-0.02449107097117
200007,0.0214275540298055,0.023123086232803
200008,-0.0200020535316023,-0.020158254739244
200009,-0.0217153167574335,-0.0151012119348925
200010,-0.0122562650627022,-0.0290592936637903
200011,-0.0125220451115219,-0.0172025743012322
200012,0.0139722301331323,0.0231171677169426
200101,0.0169631484608583,0.0173601108204888
200102,-0.0222272130597016,0.0075954332628105
200103,0.0093219002792346,0.0054266444223545
200104,0.0195074733219203,0.0254103639257685
200105,0.0053044522687655,0.0027504537103354
200106,0.0050690916490648,0.0063982930600368
200107,-0.0219520079961363,0.0007418322096696
200108,0.0106497414711351,-0.0050045711038075
200109,0.015851574031135,0.0011670457754437
200110,0.0120258049815731,0.0019718111223652
200111,0.0030376262927576,-0.0084039817757419
200112,0.0443595284218524,0.0336630532190675
200201,0.0003719592312114,-0.0072693329137307
200202,0.0040757016342659,0.0031336260184448
200203,0.0195184377590882,0.0169227953466394
200204,0.0179803162589378,-0.0239504977839155
200205,-0.0122295741011635,-0.0557890006683496
200206,0.0258826201060046,0.0199582963103261
200207,0.0165351087590948,0.0109457263695279
200208,0.0365387969822933,0.0249808191246856
200209,-0.0002003875100191,-0.0041471779787631
200210,-0.0114901050265117,-0.0150840710448116
200211,0.0084207421876935,0.0255013363947852
200212,0.0380964234286185,0.0309863104029251
200301,0.0030769950494521,0.0090232695622786
200302,0.0028266219762069,0.002273848337656
200303,-0.0140998302210288,-0.0096311738749053
200304,0.0120194341089235,0.002994081711408
200305,0.0068062144894404,0.0034276867802163
200306,0.0239157106218635,0.0147664564752361
200307,0.0082545509183455,0.0119140156946695
200308,0.0124578114515194,0.0127529746056946
200309,0.0115899192446913,0.0101348066619033
200310,0.0122368978846989,0.0215023227874743
200311,-0.0091146805430506,-0.0231657921840717
200312,0.0247341550713995,0.0290433967566663
200401,-0.0056313880025651,0.0026395167964154
200402,-0.0100555276100344,-0.0064916714966742
200403,0.0130272162885497,-0.0323521444722143
200404,-0.0189880645116038,-0.0371524728055481
200405,-0.001328109010839,-0.0072577814178547
200406,-0.0415166812568039,-0.0211285332773465
200407,-0.0161338715769971,-0.0434235628039898
200408,-0.0254435981894536,-0.01376681225283
200409,0.00081477249075,0.0050680378668254
200410,0.0064912320089929,-0.010283239503062
200411,-0.0073906271954315,0.0120453096886736
200412,-0.0039433291685011,-0.0150208881542945
200501,-0.0173090478413222,-0.0039277664412689
200502,-0.0029860531469094,-0.0124238455238199
200503,-0.012623242635708,-0.0221679622768116
200504,-0.0027463467094754,-0.0118331984875517
200505,0.0099798984222189,0.0031429736717897
200506,-0.0216918925336109,-0.0268226323591396
200507,-0.0222256840247838,-0.006822753841847
200508,-0.0042992900871179,-0.0115457530693234
200509,-0.0160529542427962,-0.0374902835546724
200510,-0.0056384636911241,-0.00694463134421
200511,0.0034718550646077,0.0104253637391256
200512,-0.0147086426032363,-0.0019607225498614
200601,-0.0067306310351402,-0.0120391723598365
200602,-0.0070320348565207,0.0118442990911767
200603,0.0015250286257384,-8.686015162306937e-05
200604,-0.0702799259535911,-0.04129187914207
200605,0.0024685299325991,-0.0047831199119319
200606,0.0085557752803028,0.0227665172281215
200607,-0.0108558867210408,-0.0161304120560055
200608,-0.003757414263438,-0.0066595187862354
200609,-0.0324098153733347,-0.0296385059808783
200610,-0.0024432704848511,-0.0016464488951999
200611,0.0181844733188027,0.0133341479296326
200612,0.0059636384319989,0.0022306738900219
200701,0.0040689661443354,0.0075258511132366
200702,-0.0025044323170615,0.0002096784052537
200703,-0.0186969097018327,-0.013650967567599
200704,-0.0154657563472113,-0.00887998219504
200705,-0.0047169421290027,0.0005636668496155
200706,0.0065405434986017,0.0104682328765965
200707,-0.0163327523223624,-0.0132817222683405
200708,0.0012880785377322,-0.0008116134487787
200709,-0.0078062830999918,-0.0041533454552065
200710,0.0224524865370269,0.0117019650060983
200711,0.0089150325233927,0.0090420174482096
200712,0.0336408010090298,0.0339654864275495
200801,0.0284818337322716,0.023307448640107
200802,0.016137124046117,0.0108557991567699
200803,-0.0199417205974581,-0.0185268092262795
200804,-0.0280241650597472,-0.0262896523475466
200805,0.0729700167516572,0.0638507887493669
200806,-0.0066598285469847,-0.006759825822219
200807,-0.0389070310250672,-0.0313843745238562
200808,0.0791625992767611,0.0735402082486202
200809,0.0528265639990669,0.0496351139269716
200810,0.0595732867317134,0.0536839713413631
200811,-0.0189842252410084,-0.0159042328670984
200812,0.0328879227556097,0.0332457622877795
200901,0.072782723771351,0.0631612007712186
200902,-0.0397199303836404,-0.0355473730487938
200903,-0.0425797551602769,-0.0351512958717694
200904,-0.0351635595592454,-0.0278431739173679
200905,-0.0148093420451145,-0.0054367233952863
200906,-0.0208305634636947,-0.0505118838502158
200907,0.0075206112060001,0.003228634976106
200908,-0.0210131734339817,-0.0620840265800572
200909,0.0258500386391338,0.0340002115129397
200910,-0.016133699753271,-0.0116588999989606
200911,-0.0023307831201562,-0.0002148452096861
200912,0.0357236720199943,0.0382714381639783
201001,0.0046923132578619,0.0284796941099083
201002,0.0073613439061297,-0.0210060577264679
201003,0.0110547832823697,0.0193462561446546
201004,-0.0364013209243183,0.0073732708330118
201005,0.0064000244589556,-0.0176203507391319
201006,0.0174070120398791,-0.0527731254229466
201007,0.0128119641347059,-0.0699564994612256
201008,-0.0352959461096373,-0.0132550225662972
201009,0.0030929497567232,0.0002253903492568
201010,0.0150721865814238,-0.0086528244446282
201011,0.0181987191016786,0.0065158715358457
201012,0.0205497434921766,0.0141050405642948
201101,0.0323384141665359,0.0180107329748971
201102,8.896912780131938e-05,-0.0207320274006681
201103,-0.0273963843223092,-0.0255112745131425
201104,-0.0169060994006604,-0.0263165822024091
201105,-0.057988599543115,-0.0408380488942567
201106,-0.0070767140198495,-0.0085797211808067
201107,-0.0069858869647883,-0.0330342619592376
201108,-0.0047496002124685,0.0125597867797143
201109,-0.0506733959403207,-0.0590553205402137
201110,0.0069743252913068,0.0083076042345984
201111,0.0048204268287158,0.0065236719214523
201112,-0.0057777698671974,-0.0266705103672804
201201,-0.0294212109500873,-0.0314554752995808
201202,-0.0105281971972401,-0.0145561299823435
201203,0.0125509424466041,0.0114338345384215
201204,0.0376979297006007,0.0617940015879072
201205,-0.0294348110838686,-0.0257397427723613
201206,0.0362212705993034,0.0152826568225136
201207,-0.0191444759228973,-0.0266198641623272
201208,-0.0284061577488892,-0.0021466110979924
201209,-0.0176542038509819,0.0016590046736589
201210,-0.0154224433972436,-0.0099359577649487
201211,-0.0096407771700655,-0.0053745843319168
201212,-0.0007820879642737,-0.0012427496964717
201301,0.0008410908943023,0.0001236926702613
201302,-0.0098136034526989,-0.0135351978058235
201303,0.0059485501848963,0.0099087117413274
201304,0.0086876473984616,0.0223123707100687
201305,-0.0023727696868067,0.0020325663854404
201306,0.0070603809167871,0.0262388237456758
201307,-0.0199448479394495,-0.0027369442682338
201308,0.0287116060578188,0.0356003916725558
201309,0.0171874580358516,0.0144087585300685
201310,0.0045209290118548,0.0149544399535086
201311,0.0097457860546026,0.0013179979143808
201312,0.0124695424281304,0.004365458170127
201401,0.0314678398619283,0.0270622046233203
201402,0.0047020104273475,-0.0006123883793309
201403,-0.0304832422485981,-0.0454142073608261
201404,-0.0136435981628251,-0.0382155066901883
201405,0.0015584882199437,0.0091112042860007
201406,0.0103048264395962,-0.0301059064259854
201407,0.0043252802741351,-0.0035092578107893
201408,-0.0095865960872061,-0.0155960105108812
201409,-0.0117144872005787,-0.0102158673283381
201410,0.0028351942681388,0.0056817036856432
201411,-0.0054691634762613,-0.0001352022894809
201412,0.0330559895556844,0.0282127798487912
201501,-0.0250457659324763,-0.0441058199616
201502,0.0138656017638706,0.0118498244635452
201503,-0.0062974888900613,0.0110365527343805
201504,-0.0039794812041455,0.0068997504187935
201505,-0.0380768776117328,0.0154776511490954
201506,0.0218330983586235,0.0537537199646012
201507,0.0089719697692353,0.0149401098662185
201508,0.0894902280974937,0.0270972309739075
201509,-0.0824782132410257,-0.0351258970209595
201510,-0.0064074598337422,-0.0034852252354429
201511,0.0450066916964345,0.033762348293915
201512,0.1207498480651252,0.0409861246238416
201601,-0.0277982477946081,-0.0272400270428863
201602,-0.1045996510307964,-0.0997922141859295
201603,-0.0637635119119195,-0.0646588144125537
201604,0.0140303197384908,0.0089863598259263
201605,-0.0034808618141661,-0.0060669400764055
201606,-0.1102798333998753,-0.1170267963497804
201607,-0.0094170783597231,-0.0028297183539536
201608,0.0041463879863955,-0.0012570235820095
201609,0.0091589698434377,0.0076392244547859
201610,-0.0170714395065427,-0.0265376804479298
201611,-0.0020338096265388,-0.0046570049651633
201612,0.005833498089997,0.0050768965920735
201701,0.0012152583456849,-1.77538161227897e-05
201702,-0.0034002343144963,-0.0026660120458328
201703,-0.0035113145536938,0.0025048499944603
201704,0.0106656261251127,0.0168779095581714
201705,-0.0034012416300228,-0.0111115667074916
201706,0.0049202429007129,-0.0071454920408302
201707,0.0090983615466287,0.0060269883809537
201708,-0.0421555076371418,-0.037550149732384
201709,-0.0053743440997411,0.0038507252702282
201710,-0.0061783919701852,-0.0068747118162069
201711,0.0128294102288627,0.0036721148643048
201712,-0.0067090960942355,-0.0068867273929722
201801,0.0349129178374044,0.0024940938538101
201802,0.0008854566759081,0.0027002904238827
201803,-0.0097442631043893,-0.009146780537633
201804,-0.0251411982037466,-0.0148801772591713
201805,-0.0085917734206995,-0.0006981914398629
201806,-0.0082765483502151,-0.0042248850228603
201807,-0.0069411747000274,-0.0020346998758993
201808,-0.0065741216354873,0.0051538575969518
201809,0.0224196692723662,-0.0107924736740441
201810,0.003687826254599,0.0050093949066181
201811,0.0664273473631968,0.0647968336947424
201812,-0.1183620476828657,-0.0593638178445248
201901,-0.0346360988583993,-0.0350709701713078
201902,0.0276863802801176,0.0178099925841904
201903,-0.0272148412179362,-0.0150875430861696
201904,0.0552185765633886,0.0538685194827106
201905,-0.1635023822041701,-0.0502729106565755
201906,-0.0046774101228641,0.0048901757605979
201907,0.0312566059310452,0.0246034155003074
201908,-0.0427054589028907,-0.0141376951925789
201909,-0.0030457646755843,-0.0021447587621312
201910,-0.0064229425367463,-0.0048988380211849
201911,-0.0102994587061284,0.0001400496926291
201912,-0.0248302136215141,-0.0156235977020628
202001,0.0196800156956993,-0.0015840329678225
202002,0.0070812338492736,-0.0039123020521958
202003,-0.0071098104125861,0.0025358317252952
202004,-0.0338223849616303,-0.0066045911639445
202005,-0.0319095763235675,-0.0132259608112381
202006,-0.0102728317937987,0.0002078601014268
202007,-0.0016648842655682,-0.0076642494671679
202008,0.0049935497327388,0.0079453168595277
202009,0.0014102635621097,-0.000191096947995
202010,-0.0197619349722688,-0.0047804961006401
202011,0.0070512882431899,0.0181875802758141
202012,0.0015159418662739,0.0010167605281841
202101,0.0074040878950255,0.019242925687254
202102,0.0047730402580447,0.0003529953692512
202103,-0.0005466758891998,-0.00128606754536
202104,-1.4149123601647773e-06,0.0013029356707746
202105,-0.0048423082996891,-0.000697602865715
202106,-0.0077035525075317,-0.0325178594867432
202107,0.0028042596406173,-0.0126242436157146
202108,-0.0075119900709099,-0.0493896777415121
202109,-0.0041219243143777,0.0020531154896402
202110,-0.002323406009969,-0.0186668658494217
202111,0.0006121291219491,-0.0259651147257362
202112,-0.0033031827238145,0.0108998927267325
202201,-0.0046237937073565,-0.0001987969722747
202202,-0.0047901835853851,-0.0059358220295802
202203,0.0114093417059419,0.0349769830596299
202204,-0.0060276690498006,0.0024164930697743
202205,0.0130405126968867,0.1258881701628813
202206,-0.0194521034802608,-0.1196871344183532
202207,0.0125224228074015,0.0263351147166007
202208,0.0136780152530344,0.1556701250267655
202209,-0.0013539971089102,-0.1085903980677787
202210,-0.017604599428227,-0.0526038689877099
202211,-0.0007505651808865,0.0408155521652234
202212,-0.0103596180863994,-0.1082067807642583
202301,0.0233990598673827,0.0206000616962936
202302,0.0074770709947691,0.0069457806946843
202303,0.0204368149251278,0.040887257050007
202304,0.0002352713651512,0.0058517607976952
202305,-0.0234559220790662,-0.0350825596113009
202306,-0.0048515780734188,-0.0020915593951496
202307,0.0201843572242252,0.0089219233528293
202308,0.0299324932917017,0.0220362843799116
202309,0.004278642235412,0.0299819887505412
202310,-0.0154112321819794,-0.0294794577956021
202311,-0.0212071410703178,-0.0162753093177983
202312,0.0032735281774732,0.0104004383032492
202401,-0.0092852072747668,-0.0192172588998005
202402,-0.0101807525867665,-0.0133672943928435
202403,0.0071146344541269,0.0108183791823587
202404,-0.0008227947982109,-0.0009601547419755
202405,-0.0011275957134471,-0.0056744245904876
202406,-0.0040782243338965,-0.0081658476653467
202407,0.0040665523977565,0.0145595686711796
202408,-0.0064265177497619,-0.0045547968085779
202409,-0.0248951990608763,-0.0079185652312547
202410,-0.0026552606506711,-0.0132759879538513
202411,0.0047345636431019,0.0050184631335425
