yyyymm,state,n_stocks
199001,High VIX,6761
199002,High VIX,6746
199003,High VIX,6750
199004,High VIX,6751
199007,High VIX,6740
199008,High VIX,6737
199009,High VIX,6709
199010,High VIX,6689
199011,High VIX,6679
199012,High VIX,6653
199101,High VIX,6637
199102,High VIX,6617
199104,High VIX,6594
199106,High VIX,6627
199111,High VIX,6743
199112,High VIX,6757
199403,High VIX,7894
199603,High VIX,8518
199607,High VIX,8764
199610,High VIX,8913
199612,High VIX,8986
199701,High VIX,8987
199702,High VIX,8995
199703,High VIX,9002
199704,High VIX,9012
199705,High VIX,8992
199706,High VIX,8999
199707,High VIX,9012
199708,High VIX,9003
199709,High VIX,9001
199710,High VIX,9046
199711,High VIX,9042
199712,High VIX,9036
199801,High VIX,9017
199802,High VIX,8989
199803,High VIX,8974
199804,High VIX,8975
199805,High VIX,8946
199806,High VIX,8939
199807,High VIX,8925
199808,High VIX,8872
199809,High VIX,8759
199810,High VIX,8713
199811,High VIX,8635
199812,High VIX,8616
199901,High VIX,8573
199902,High VIX,8496
199903,High VIX,8441
199904,High VIX,8421
199905,High VIX,8393
199906,High VIX,8378
199907,High VIX,8369
199908,High VIX,8345
199909,High VIX,8325
199910,High VIX,8307
199911,High VIX,8302
199912,High VIX,8295
200001,High VIX,8245
200002,High VIX,8223
200003,High VIX,8243
200004,High VIX,8260
200005,High VIX,8233
200006,High VIX,8254
200007,High VIX,8263
200009,High VIX,8222
200010,High VIX,8178
200011,High VIX,8107
200012,High VIX,8029
200101,High VIX,7973
200102,High VIX,7914
200103,High VIX,7835
200104,High VIX,7750
200105,High VIX,7690
200106,High VIX,7641
200107,High VIX,7566
200108,High VIX,7528
200109,High VIX,7497
200110,High VIX,7436
200111,High VIX,7409
200112,High VIX,7373
200201,High VIX,7332
200202,High VIX,7295
200204,High VIX,7209
200205,High VIX,7184
200206,High VIX,7157
200207,High VIX,7111
200208,High VIX,7076
200209,High VIX,7021
200210,High VIX,7005
200211,High VIX,6991
200212,High VIX,6958
200301,High VIX,6920
200302,High VIX,6857
200303,High VIX,6816
200304,High VIX,6776
200305,High VIX,6750
200306,High VIX,6714
200307,High VIX,6690
200308,High VIX,6680
200309,High VIX,6671
200312,High VIX,6651
200707,High VIX,6857
200708,High VIX,6863
200709,High VIX,6782
200710,High VIX,6790
200711,High VIX,6697
200712,High VIX,6716
200801,High VIX,6690
200802,High VIX,6670
200803,High VIX,6658
200804,High VIX,6634
200805,High VIX,6635
200806,High VIX,6620
200807,High VIX,6614
200808,High VIX,6551
200809,High VIX,6461
200810,High VIX,6106
200811,High VIX,6062
200812,High VIX,6021
200901,High VIX,5986
200902,High VIX,5949
200903,High VIX,5905
200904,High VIX,5878
200905,High VIX,5835
200906,High VIX,5819
200907,High VIX,5798
200908,High VIX,5782
200909,High VIX,5762
200910,High VIX,5751
200911,High VIX,5745
200912,High VIX,5736
201001,High VIX,5723
201002,High VIX,5708
201004,High VIX,5714
201005,High VIX,5702
201006,High VIX,5690
201007,High VIX,5692
201008,High VIX,5688
201009,High VIX,5679
201010,High VIX,5673
201011,High VIX,5662
201012,High VIX,5673
201101,High VIX,5676
201102,High VIX,5666
201103,High VIX,5638
201107,High VIX,5627
201108,High VIX,5623
201109,High VIX,5608
201110,High VIX,5586
201111,High VIX,5583
201112,High VIX,5570
201201,High VIX,5561
201202,High VIX,5575
201205,High VIX,5574
201207,High VIX,5526
201210,High VIX,5500
201212,High VIX,5479
201401,High VIX,5555
201412,High VIX,5747
201501,High VIX,5736
201506,High VIX,5777
201508,High VIX,5797
201509,High VIX,5777
201512,High VIX,5770
201601,High VIX,5752
201602,High VIX,5735
201802,High VIX,5717
201803,High VIX,5705
201810,High VIX,5771
201811,High VIX,5755
201812,High VIX,5741
201905,High VIX,5753
201908,High VIX,5757
202001,High VIX,5777
202002,High VIX,5786
202003,High VIX,5773
202004,High VIX,5762
202005,High VIX,5747
202006,High VIX,5768
202007,High VIX,5792
202008,High VIX,5819
202009,High VIX,5856
202010,High VIX,5921
202011,High VIX,5975
202012,High VIX,6037
202101,High VIX,6103
202102,High VIX,6160
202103,High VIX,6295
202104,High VIX,6440
202107,High VIX,6681
202109,High VIX,6772
202111,High VIX,6909
202201,High VIX,7053
202202,High VIX,7076
202203,High VIX,7093
202204,High VIX,7113
202205,High VIX,7116
202206,High VIX,7116
202207,High VIX,7104
202208,High VIX,7115
202209,High VIX,7100
202210,High VIX,7092
202211,High VIX,7004
202212,High VIX,6974
202301,High VIX,6944
202302,High VIX,6869
202303,High VIX,6866
202305,High VIX,6806
202310,High VIX,6703
202410,High VIX,6621
199005,Low VIX,6744
199006,Low VIX,6739
199103,Low VIX,6596
199105,Low VIX,6615
199107,Low VIX,6652
199108,Low VIX,6683
199109,Low VIX,6687
199110,Low VIX,6721
199201,Low VIX,6769
199202,Low VIX,6779
199203,Low VIX,6831
199204,Low VIX,6824
199205,Low VIX,6810
199206,Low VIX,6775
199207,Low VIX,6790
199208,Low VIX,6805
199209,Low VIX,6798
199210,Low VIX,6845
199211,Low VIX,6873
199212,Low VIX,6920
199301,Low VIX,6942
199302,Low VIX,6974
199303,Low VIX,7043
199304,Low VIX,7092
199305,Low VIX,7155
199306,Low VIX,7229
199307,Low VIX,7295
199308,Low VIX,7360
199309,Low VIX,7434
199310,Low VIX,7507
199311,Low VIX,7600
199312,Low VIX,7720
199401,Low VIX,7757
199402,Low VIX,7828
199404,Low VIX,7932
199405,Low VIX,7990
199406,Low VIX,8047
199407,Low VIX,8058
199408,Low VIX,8083
199409,Low VIX,8087
199410,Low VIX,8124
199411,Low VIX,8128
199412,Low VIX,8137
199501,Low VIX,8130
199502,Low VIX,8124
199503,Low VIX,8137
199504,Low VIX,8152
199505,Low VIX,8150
199506,Low VIX,8185
199507,Low VIX,8213
199508,Low VIX,8261
199509,Low VIX,8267
199510,Low VIX,8304
199511,Low VIX,8349
199512,Low VIX,8399
199601,Low VIX,8404
199602,Low VIX,8434
199604,Low VIX,8567
199605,Low VIX,8661
199606,Low VIX,8723
199608,Low VIX,8815
199609,Low VIX,8829
199611,Low VIX,8966
200008,Low VIX,8278
200203,Low VIX,7241
200310,Low VIX,6654
200311,Low VIX,6641
200401,Low VIX,6642
200402,Low VIX,6664
200403,Low VIX,6657
200404,Low VIX,6654
200405,Low VIX,6649
200406,Low VIX,6640
200407,Low VIX,6658
200408,Low VIX,6667
200409,Low VIX,6666
200410,Low VIX,6678
200411,Low VIX,6679
200412,Low VIX,6692
200501,Low VIX,6686
200502,Low VIX,6695
200503,Low VIX,6690
200504,Low VIX,6682
200505,Low VIX,6689
200506,Low VIX,6703
200507,Low VIX,6692
200508,Low VIX,6708
200509,Low VIX,6692
200510,Low VIX,6699
200511,Low VIX,6695
200512,Low VIX,6700
200601,Low VIX,6681
200602,Low VIX,6688
200603,Low VIX,6684
200604,Low VIX,6681
200605,Low VIX,6700
200606,Low VIX,6745
200607,Low VIX,6751
200608,Low VIX,6747
200609,Low VIX,6737
200610,Low VIX,6756
200611,Low VIX,6764
200612,Low VIX,6761
200701,Low VIX,6778
200702,Low VIX,6820
200703,Low VIX,6828
200704,Low VIX,6835
200705,Low VIX,6853
200706,Low VIX,6865
201003,Low VIX,5704
201104,Low VIX,5639
201105,Low VIX,5627
201106,Low VIX,5615
201203,Low VIX,5577
201204,Low VIX,5574
201206,Low VIX,5545
201208,Low VIX,5521
201209,Low VIX,5483
201211,Low VIX,5479
201301,Low VIX,5467
201302,Low VIX,5466
201303,Low VIX,5448
201304,Low VIX,5447
201305,Low VIX,5469
201306,Low VIX,5473
201307,Low VIX,5492
201308,Low VIX,5503
201309,Low VIX,5516
201310,Low VIX,5521
201311,Low VIX,5542
201312,Low VIX,5553
201402,Low VIX,5570
201403,Low VIX,5598
201404,Low VIX,5619
201405,Low VIX,5634
201406,Low VIX,5655
201407,Low VIX,5689
201408,Low VIX,5695
201409,Low VIX,5699
201410,Low VIX,5718
201411,Low VIX,5736
201502,Low VIX,5730
201503,Low VIX,5724
201504,Low VIX,5738
201505,Low VIX,5751
201507,Low VIX,5799
201510,Low VIX,5789
201511,Low VIX,5787
201603,Low VIX,5722
201604,Low VIX,5703
201605,Low VIX,5702
201606,Low VIX,5684
201607,Low VIX,5684
201608,Low VIX,5656
201609,Low VIX,5666
201610,Low VIX,5669
201611,Low VIX,5684
201612,Low VIX,5687
201701,Low VIX,5685
201702,Low VIX,5666
201703,Low VIX,5666
201704,Low VIX,5675
201705,Low VIX,5671
201706,Low VIX,5687
201707,Low VIX,5708
201708,Low VIX,5687
201709,Low VIX,5675
201710,Low VIX,5684
201711,Low VIX,5701
201712,Low VIX,5704
201801,Low VIX,5711
201804,Low VIX,5708
201805,Low VIX,5713
201806,Low VIX,5738
201807,Low VIX,5749
201808,Low VIX,5755
201809,Low VIX,5761
201901,Low VIX,5724
201902,Low VIX,5715
201903,Low VIX,5708
201904,Low VIX,5728
201906,Low VIX,5757
201907,Low VIX,5777
201909,Low VIX,5761
201910,Low VIX,5762
201911,Low VIX,5775
201912,Low VIX,5776
202105,Low VIX,6515
202106,Low VIX,6593
202108,Low VIX,6731
202110,Low VIX,6841
202112,Low VIX,6995
202304,Low VIX,6847
202306,Low VIX,6782
202307,Low VIX,6758
202308,Low VIX,6748
202309,Low VIX,6724
202311,Low VIX,6653
202312,Low VIX,6670
202401,Low VIX,6657
202402,Low VIX,6631
202403,Low VIX,6620
202404,Low VIX,6612
202405,Low VIX,6607
202406,Low VIX,6590
202407,Low VIX,6581
202408,Low VIX,6575
202409,Low VIX,6602
202411,Low VIX,6606
