,CredRatDG,Herf,ChNAnalyst,PctTotAcc,DivOmit,AnalystRevision,ReturnSkew,BookLeverage,hire,ReturnSkew3F,EBM,IntMom,ConvDebt,CoskewACX,MomSeason,DivInit,AbnormalAccruals,PctAcc,XFIN,ChangeInRecommendation,IndRetBig,Mom12m,Accruals,IndIPO,RDS,ChEQ,Illiquidity,Mom12mOffSeason,PS,RDIPO,cfp,ExchSwitch,Mom6mJunk,MomSeasonShort,PriceDelayRsq,MomRev,Size,std_turn,CF,Price,SurpriseRD,STreversal,MomVol,Mom6m,zerotrade12M,DelNetFin,RD,EarningsSurprise,Cash,REV6,NetDebtPrice,ShareIss5Y,MaxRet,VolSD,MomSeason11YrPlus,betaVIX,CompEquIss,IdioVolAHT,RevenueSurprise,HerfBE,retConglomerate,OPLeverage,AnnouncementReturn,OrderBacklog,ResidualMomentum,NetDebtFinance,OScore,AM,BPEBM,ChNWC,Tax,EarnSupBig,zerotrade1M,roaq,BM,DelCOL,AccrualsBM,GP,NOA,BetaTailRisk,FEPS,ExclExp,DelLTI,NetEquityFinance,OrderBacklogChg,RoE,CashProd,IndMom,MomOffSeason,IntanCFP,Leverage,zerotrade6M,Frontier,IntanBM,BidAskSpread,IntanSP,EquityDuration,IdioVol3F,NetPayoutYield,EarningsStreak,MomSeason06YrPlus,DolVol,IntanEP,ShareIss1Y,BetaLiquidityPS,RDcap,DelCOA,DelEqu,dNoa,sfe,SmileSlope,EntMult,OptionVolume1,ShareVol,grcapx3y,OrgCap,PatentsRD,PayoutYield,RIO_Volatility,RIO_Turnover,iomom_supp,iomom_cust,RIO_MB,RDAbility,fgr5yrLag,RIO_Disp,ChForecastAccrual,MomSeason16YrPlus,ChTax,TotalAccruals,LRreversal,Investment,InvestPPEInv,grcapx,DelFINL,ChNNCOA,CitationsRD,ChInvIA,ChInv,ChAssetTurnover,CBOperProf,BMdec,AssetGrowth,Activism1,CompositeDebtIssuance,MomOffSeason16YrPlus,ForecastDispersion,MomOffSeason06YrPlus,MeanRankRevGrowth,MS,InvGrowth,GrAdExp,Governance,FirmAgeMom,CustomerMomentum,EarningsForecastDisparity,EarningsConsistency,EP,DivYieldST,DivSeason,DelBreadth,tang
202001,0.031814564,0.030921424,0.030194608,0.028313449,0.026964119,0.026952246,0.025061747,0.024984937,0.024943419,0.024925247,0.024629382,0.023511704,0.022188682,0.022152836,0.021540482,0.021365575,0.02119558,0.020414282,0.019918771,0.017975984,0.017005494,0.01675742,0.014913999,0.014612137,0.014474887,0.01427214,0.014012135,0.013893953,0.013688319,0.013573137,0.013373981,0.013067826,0.012159246,0.011683782,0.011379931,0.011158841,0.010753722,0.010708901,0.010535412,0.009116312,0.008677439,0.0080663655,0.0076652253,0.0076569575,0.007619122,0.0068607186,0.0068103937,0.0067723463,0.0063753873,0.006248685,0.0061099576,0.0060167415,0.0058789277,0.005831118,0.005549188,0.005233104,0.005012707,0.004901477,0.004768822,0.0046712677,0.0045874976,0.0042972974,0.004279899,0.004133941,0.0040856227,0.004068387,0.0039123907,0.0037795925,0.0037521871,0.0036535154,0.0036239293,0.0035226718,0.0034301712,0.0034296862,0.0033340408,0.0031959473,0.002940468,0.0029266556,0.0027497571,0.0027214994,0.002678765,0.002553306,0.0025490974,0.002545663,0.0025164033,0.0024981757,0.0023998078,0.0023287768,0.0020449024,0.0020407117,0.0019879793,0.0018551751,0.0017661387,0.0017183104,0.0014550717,0.0013966648,0.0013526675,0.0013414416,0.0012952391,0.0012881113,0.001276153,0.0011756634,0.0011589739,0.0010797076,0.0009581717,0.0007654865,0.0007093069,0.0006544855,0.0006523512,0.0006225634,0.0006114512,0.0004615155,0.0,0.0,0.0,0.0,0.0,0.0,0.0,0.0,0.0,0.0,0.0,0.0,0.0,0.0,0.0,0.0,0.0,0.0,0.0,0.0,0.0,0.0,0.0,0.0,0.0,0.0,0.0,0.0,0.0,0.0,0.0,0.0,0.0,0.0,0.0,0.0,0.0,0.0,0.0,0.0,0.0,0.0,0.0,0.0,0.0,0.0,0.0,0.0,0.0,0.0
202002,0.01019994,0.015867649,0.021215534,0.009853025,0.025093948,0.040047485,0.011435924,0.020497313,0.021993095,0.0048853676,0.03694214,0.010722306,0.021568643,0.020486273,0.02316597,0.017149433,0.0,0.019009132,0.017279461,0.017126242,0.0033479957,0.015137205,0.0,0.013553402,0.009623522,0.0121785635,0.018806573,0.012382773,0.007585595,0.011190781,0.014630798,0.011140077,0.0052262507,0.010099185,0.0066402466,0.00988358,0.010033048,0.010917545,0.009148994,0.0061552017,0.0049040313,0.007649584,0.0059929746,0.00775361,0.0075532356,0.0056241993,0.00730352,0.004833514,0.0,0.016346645,0.006873896,0.0010939504,0.008071405,0.00412344,0.00316554,0.017362809,0.005247354,0.0034382222,0.0,0.00449245,0.0036979537,0.0033433673,0.014014499,0.0036843924,0.0041049644,0.0046124863,0.0026403307,0.0031215032,0.006680042,0.0,0.004754691,0.012299725,0.005763032,0.0038302196,0.0015040571,0.0,0.014581098,0.011077225,0.0,0.0027585605,0.0033517473,0.0027121254,0.014952295,0.0155308815,0.0,0.003368923,0.015132084,0.010536589,0.007463485,0.0040519577,0.0042066798,0.0025727514,0.003232098,0.0041145594,0.005984331,0.0017170919,0.0,0.0022478004,0.001113653,0.002228518,0.0031941743,0.006302112,0.0,0.010665484,0.00020496905,0.0011649956,0.0043199635,0.0,0.0,0.003364751,0.0,0.003188955,0.0,0.0,0.0,0.0122798765,0.0,0.0035707839,0.0,0.0,0.0,0.00072678877,0.0,0.0,0.0,0.0,0.0,0.0,0.0,0.011779599,0.0025351788,0.0,0.0039398163,0.0,0.003952859,0.0,0.0,0.0,0.0,0.0033661518,0.0028494382,0.0019956157,0.0016426295,0.0,0.0,0.0,0.015385777,0.0,0.0060971673,0.0,0.0,0.0,0.0,0.0,0.0,0.0,0.0,0.0,0.004524554,0.0,0.0,0.0019120256
202003,0.01515492,0.0064680898,0.0,0.0064413133,0.03283616,0.00506872,0.0052720816,0.0035434992,0.0,0.0,0.0,0.004744067,0.029795209,0.007612432,0.022678277,0.02395409,0.0,0.005166987,0.015006486,0.0,0.007995167,0.015870322,0.01040223,0.01897803,0.008090444,0.010911182,0.008952067,0.014896286,0.008479047,0.015883906,0.005939093,0.018064506,0.010413168,0.0046470086,0.01013145,0.013508308,0.010974305,0.011860769,0.0072246,0.006450282,0.009802254,0.0032482455,0.008365716,0.012468819,0.0055224225,0.0120903915,0.010646621,0.024098491,0.013576652,0.0058901613,0.007812782,0.0,0.0031629964,0.0048366003,0.003774052,0.010374737,0.006169862,0.0075232172,0.0009732348,0.005565436,0.0,0.005173471,0.0048665474,0.005988784,0.007457584,0.0035066563,0.011877812,0.0043297373,0.004481578,0.0017597114,0.007279819,0.007427404,0.0048366482,0.0037139277,0.0022493503,0.023984475,0.014336002,0.0031704998,0.0025295287,0.0037136762,0.0042319545,0.0027832927,0.011249634,0.0,0.0042510116,0.0,0.0068595437,0.0076815635,0.0020521255,0.0056518186,0.0033907974,0.0035324688,0.004635688,0.0013290375,0.0033869394,0.0025332875,0.001815433,0.0028379736,0.006089402,0.0066087614,0.004766131,0.004140642,0.0033324955,0.0048278747,0.0029659686,0.002701946,0.0024058237,0.013606944,0.007519325,0.011437862,0.0,0.0046591274,0.0,0.0,0.0,0.0,0.0,0.0,0.0,0.0036004852,0.017962143,0.013205975,0.0,0.0007176656,0.0,0.0,0.0,0.0,0.0038942248,0.021893973,0.0030994639,0.0,0.0053740093,0.025622211,0.0,0.0068328753,0.0,0.007927347,0.006483094,0.00497278,0.003246043,0.0021429227,0.006128919,0.0,0.0,0.0033065581,0.0059070513,0.0,0.012348334,0.0,0.0,0.005873136,0.0,0.0,0.0,0.0,0.0,0.0,0.008978686,0.0021735309,0.0,0.0030233639
202004,0.013851228,0.0067246314,0.012814392,0.01060441,0.03012348,0.0024382574,0.0,0.0029740718,0.03457973,0.023341075,0.0,0.0045348,0.024139607,0.0064827176,0.0120832715,0.02586825,0.0040328843,0.0,0.025042208,0.0,0.003942474,0.009133416,0.0,0.017875584,0.012273629,0.017339205,0.004329962,0.007504924,0.007413495,0.017808646,0.008358137,0.023520747,0.0,0.014718811,0.0078063197,0.02097011,0.012755216,0.006363708,0.009918779,0.010427105,0.006055033,0.005498284,0.0,0.00482842,0.003221726,0.017279968,0.011766387,0.029054875,0.0038942364,0.004897435,0.0072051543,0.0,0.0037295406,0.0035891635,0.0029249638,0.003091482,0.006522007,0.004084885,0.0,0.0057065105,0.0,0.004153804,0.0053092716,0.004242214,0.0,0.0044928114,0.005665997,0.0034213995,0.003501455,0.0068628998,0.0,0.005380198,0.0083599305,0.0077053653,0.0029138336,0.0,0.0023164833,0.0052437033,0.0028397602,0.0041855644,0.0045077177,0.0047854222,0.015086593,0.0037248856,0.0026335744,0.0030962788,0.0037012012,0.003236571,0.005234461,0.0032276837,0.0040222374,0.0027564915,0.0036160941,0.0013907028,0.007255111,0.0027640115,0.006584219,0.0014710042,0.0047208946,0.0026807284,0.0,0.006709708,0.0,0.0,0.0,0.006916818,0.0030644645,0.028579192,0.0,0.01398721,0.0,0.006504454,0.0,0.0034139634,0.006149572,0.007440307,0.0,0.004505078,0.0,0.0,0.010272714,0.002852284,0.0,0.0,0.0,0.0,0.0,0.01019544,0.0,0.02140396,0.003584162,0.0,0.0057298564,0.012213643,0.034617294,0.017066624,0.0,0.0,0.0040466557,0.00056948035,0.0063399803,0.0046564573,0.0062586926,0.0,0.0,0.0,0.016925126,0.0,0.0042327256,0.0,0.0,0.0019112666,0.0,0.0,0.0,0.0,0.0028753276,0.0,0.0,0.0,0.0041239033,0.004317669
202005,0.020577636,0.0075468556,0.014958399,0.008138235,0.043072738,0.0030369214,0.0,0.0057300203,0.0,0.0038532196,0.004572813,0.006523755,0.03613934,0.010745344,0.011542211,0.034059674,0.0039951038,0.0036584304,0.009125216,0.0,0.003529748,0.005728545,0.0,0.034421697,0.01247359,0.005185974,0.0068753674,0.0074967514,0.009222898,0.027567597,0.006896575,0.03312761,0.0,0.009230994,0.009644997,0.0,0.01793753,0.0027188915,0.011479896,0.010665028,0.008682746,0.0052580573,0.0031375021,0.007079984,0.003554208,0.008743202,0.011317575,0.0012753776,0.0038451436,0.006690423,0.0058433646,0.0033890079,0.005796818,0.005316128,0.0,0.008218066,0.006948937,0.0053036013,0.0,0.007901262,0.0,0.0058688438,0.0047192345,0.007946823,0.0,0.0058248765,0.0026120574,0.005371064,0.0053598885,0.005974604,0.0046546217,0.010130818,0.009848515,0.0077650812,0.0044755926,0.012806458,0.00221328,0.013157092,0.00531919,0.0059075,0.007366497,0.008940562,0.005177074,0.005539623,0.0045586294,0.0056772735,0.0063216784,0.0075052604,0.005000329,0.004347428,0.0055724294,0.0039269538,0.0049591316,0.0,0.007282948,0.0077476604,0.007881212,0.003096509,0.0,0.0010162495,0.00836903,0.009359324,0.0040851235,0.0056940285,0.0061889384,0.0032845489,0.003420961,0.0074523105,0.012162691,0.0032687634,0.0,0.0068861977,0.0041804626,0.0,0.0,0.0,0.0,0.005644382,0.0,0.0,0.008917156,0.0054139164,0.0,0.0,0.0,0.0,0.002136099,0.012819239,0.00877566,0.007609779,0.005597349,0.0,0.00875668,0.0,0.0077680713,0.021863857,0.0,0.01928037,0.0025201966,0.0,0.005905539,0.0056453235,0.005700501,0.0,0.0,0.0,0.0010872504,0.0,0.0,0.0,0.0012242912,0.0024991424,0.0,0.0,0.0,0.0,0.0014834363,0.0,0.007029007,0.0,0.0,0.006316449
202006,0.023021717,0.0,0.007448176,0.013582116,0.04060497,0.0025296214,0.0,0.005908761,0.0,0.001463751,0.009105967,0.005617301,0.032876607,0.012693853,0.016519995,0.033755153,0.005443533,0.0,0.007969529,0.0,0.0051477607,0.0049077296,0.0,0.027288238,0.010523092,0.008177931,0.006298356,0.007460775,0.0071505136,0.025759337,0.005004031,0.026904706,0.0,0.007125145,0.007772901,0.0,0.015859904,0.0067055635,0.011239222,0.008766274,0.008561214,0.0049241073,0.0115391705,0.006601823,0.0026981267,0.011120655,0.013191491,0.0034078537,0.0036225934,0.003306536,0.0056665195,0.0,0.0056312266,0.0047698366,0.007541203,0.0020087915,0.0071471436,0.0039117956,0.0,0.0065589896,0.004157283,0.0053242375,0.0019425093,0.0,0.011773993,0.005388768,0.0020857921,0.0047272076,0.005578897,0.0065715774,0.0,0.008846906,0.0032748494,0.0058520073,0.0036710687,0.017875196,0.0,0.00483509,0.004320013,0.0057132766,0.006152143,0.0029462043,0.0020889738,0.0049974737,0.0050872145,0.008557339,0.002728797,0.007492989,0.0026369472,0.0032226236,0.0060243253,0.0038346103,0.004760241,0.0030705128,0.007411408,0.0042624474,0.0019115496,0.0033902775,0.0048811194,0.004196052,0.0,0.0049251793,0.005467742,0.006434918,0.010128097,0.0,0.0037898282,0.0050328826,0.0,0.005492548,0.0,0.0055748746,0.0,0.0,0.008793499,0.0063746064,0.0,0.0047734785,0.0033534118,0.0077004046,0.024564713,0.003701075,0.0,0.0021590048,0.0,0.0,0.0,0.009136345,0.0014509073,0.008411126,0.00481067,0.0069334544,0.0076987897,0.0,0.0,0.022925839,0.0,0.010582472,0.0043182485,0.035523653,0.007988868,0.0069289515,0.010972556,0.0,0.0,0.0,0.0030492276,0.0,0.005915674,0.0,0.00075125764,0.0023973964,0.0,0.0,0.0,0.0,0.0013747525,0.0,0.010583208,0.0052950876,0.0039722673,0.00627943
202007,0.0202887,0.011184539,0.0,0.0,0.042893738,0.0,0.002147487,0.009879407,0.007901909,0.0,0.0030553148,0.004630526,0.033811916,0.01298278,0.023977494,0.036249325,0.007693032,0.0,0.010125484,0.0,0.0031583789,0.0065252003,0.0,0.029518686,0.0,0.005137131,0.008835342,0.008268886,0.00347283,0.035319407,0.012665622,0.030077936,0.010306575,0.01515145,0.01179695,0.0,0.021615801,0.00510078,0.013419495,0.012301085,0.0070011932,0.0051945266,0.0,0.007463874,0.0028019203,0.0109115625,0.014559489,0.009971363,0.004585276,0.003683714,0.00851937,0.011391499,0.0056449664,0.003999831,0.0,0.006254106,0.012857242,0.0063346694,0.0,0.014053911,0.0,0.004783869,0.0,0.0,0.0033773286,0.008377485,0.0038874315,0.0049981577,0.009446323,0.00885159,0.005935681,0.003601485,0.006203569,0.010353927,0.0039769583,0.02146792,0.0,0.006815122,0.0014513028,0.006455704,0.006904062,0.0049453313,0.0,0.005656561,0.0,0.0070514847,0.00481661,0.004188384,0.005481358,0.0,0.0070196157,0.0036167074,0.003865103,0.0028926663,0.0068299505,0.0037072646,0.005444031,0.0068923384,0.0,0.0043548234,0.0021088982,0.011086669,0.0,0.0,0.010783378,0.0,0.003757221,0.005777886,0.0,0.002155407,0.0,0.006039247,0.006070912,0.00159294,0.0115120625,0.00512461,0.0,0.0,0.0,0.0,0.016953366,0.0,0.0,0.0,0.0,0.0,0.0,0.0,0.0,0.009979648,0.005647662,0.0,0.005595929,0.0,0.012143791,0.022063648,0.0,0.012723179,0.0056200777,0.01716617,0.0067630634,0.007402606,0.0072573614,0.0,0.0,0.0,0.0038042183,0.0,0.0,0.001594089,0.0,0.002859168,0.0,0.0,0.0,0.0,0.0014304474,0.0,0.0,0.0,0.0,0.0066145067
202008,0.040311065,0.0,0.0,0.0,0.04990864,0.0,0.0047899275,0.00210789,0.0,0.0,0.007837911,0.005180919,0.0396394,0.0145118795,0.0024660353,0.04695872,0.004361281,0.0,0.005721191,0.0,0.002171908,0.008379193,0.0015422738,0.03748779,0.0,0.007348292,0.008408966,0.009053242,0.0,0.04463264,0.014189479,0.035576712,0.0,0.0064467527,0.0027799897,0.0,0.021145776,0.0025540334,0.0102437,0.007042937,0.008280532,0.0065171025,0.022986528,0.008309677,0.004282596,0.00810843,0.012184006,0.003599173,0.004066274,0.005574582,0.011357713,0.013169462,0.0055728955,0.005272555,0.006228451,0.009680806,0.007597828,0.0058805426,0.0014548186,0.0031693578,0.0,0.00654389,0.0016850622,0.0,0.0046803476,0.011228985,0.009235957,0.0055542146,0.016344463,0.0010561157,0.0062523508,0.0029568358,0.020531753,0.011411005,0.004985682,0.0020583845,0.0060728593,0.007445356,0.0016559066,0.007333608,0.008615057,0.026848279,0.0,0.0065957955,0.0,0.0069280914,0.003065899,0.003347748,0.004083785,0.0,0.008036344,0.005898269,0.003558688,0.0035082633,0.008604292,0.003037907,0.002722657,0.004707096,0.0,0.0047570253,0.007453134,0.011875708,0.0,0.0,0.0,0.004923511,0.005878263,0.003266905,0.0,0.0018258356,0.00076590077,0.0,0.0,0.0,0.0,0.0047184965,0.0,0.0,0.0,0.0,0.005713687,0.0,0.0,0.0,0.0,0.0,0.0,0.0,0.0017826689,0.01907536,0.009397353,0.0,0.0,0.0,0.005740616,0.027801089,0.0,0.01354771,0.0042861816,0.001467323,0.007423709,0.0065999427,0.004575417,0.0,0.0,0.0,0.005393635,0.0025331778,0.0,0.0,0.0016272942,0.0029290896,0.0,0.0,0.0,0.0,0.0017324561,0.0,0.0,0.0,0.0,0.010225725
202009,0.030634945,0.0013197329,0.0,0.06055604,0.037588537,0.0041537057,0.0066819363,0.00261061,0.0017910469,0.013893221,0.0068201064,0.003974015,0.032023225,0.012381931,0.0017409265,0.03685732,0.0,0.0076797493,0.0033183014,0.0,0.0027695817,0.006194758,0.0,0.032714415,0.0,0.0,0.012806184,0.0076216687,0.0,0.04223966,0.012318417,0.03166596,0.0,0.02674686,0.006213449,0.0,0.01644923,0.00659899,0.009023833,0.0073013045,0.006161163,0.0048797913,0.0077519123,0.006757239,0.0030941432,0.009238762,0.011182785,0.002529903,0.0015030747,0.0022758755,0.011361346,0.010814785,0.006145413,0.0041220197,0.0070921737,0.00858667,0.0040122443,0.006529128,0.0041494514,0.0,0.0013627989,0.00363483,0.018807821,0.0,0.0052533993,0.0,0.0059919315,0.00504387,0.010673932,0.009827973,0.006996297,0.0064591034,0.01921813,0.009940152,0.003151067,0.0,0.0,0.0011677039,0.0027715606,0.006344604,0.006271876,0.010929187,0.0,0.0055279704,0.006177472,0.004458866,0.0,0.009569844,0.014055271,0.007463858,0.010420456,0.0052932454,0.008345568,0.0021056298,0.009847086,0.00750497,0.0049157194,0.008799362,0.0,0.0016052276,0.0046274783,0.0063416907,0.0015087338,0.006634452,0.0,0.0039006383,0.0,0.004506575,0.0012975336,0.0012801387,0.0,0.0,0.0,0.006163869,0.0073871124,0.0,0.0,0.0,0.0,0.0,0.010483921,0.0004893494,0.0,0.0027448758,0.0,0.0,0.008094891,0.0,0.009168182,0.0068110498,0.0070032454,0.0,0.003792255,0.0,0.0,0.0135026835,0.0,0.0074109207,0.0032977085,0.0016590015,0.0037465503,0.006642126,0.0022705682,0.0,0.0,0.0,0.005287138,0.0,0.014574077,0.0,0.0011525714,0.003097488,0.0,0.0,0.0,0.0,0.0,0.0,0.0,0.0,0.0,0.0023089116
202010,0.023379447,0.012685741,0.0,0.057900485,0.03322614,0.0038004795,0.012463789,0.0065505295,0.016377412,0.0,0.012524986,0.0043209074,0.02645661,0.012924128,0.025319407,0.030251436,0.0,0.0011172295,0.008766688,0.0,0.0027388476,0.0057712006,0.0,0.024754781,0.0060732514,0.000985539,0.00911168,0.005393799,0.0016797944,0.0313487,0.010283562,0.021859316,0.0,0.011947943,0.017761175,0.0,0.009966321,0.0060688886,0.0077754543,0.006508549,0.0055467137,0.005162247,0.007912437,0.0057368134,0.0023401615,0.0074670203,0.01141588,0.0022430106,0.003355591,0.0,0.0050292625,0.0,0.005530823,0.00366712,0.0076720268,0.0045644906,0.0058622686,0.0047745253,0.004967126,0.0012358169,0.0018287062,0.002235991,0.00739108,0.0,0.0037657393,0.001724672,0.004191035,0.0037580263,0.004913436,0.0017358039,0.010412392,0.004945172,0.021256013,0.007119642,0.0049331845,0.003227283,0.0046951147,0.0010046877,0.001705599,0.005558659,0.005840669,0.013943524,0.013628621,0.0042454554,0.006526361,0.0058477107,0.050137334,0.0070414185,0.006972469,0.0,0.009336754,0.004268614,0.0072362088,0.0013987797,0.0101199215,0.004917141,0.0026165936,0.007694056,0.0072469944,0.0011219608,0.009549064,0.007694894,0.00032366873,0.010450094,0.0072110007,0.015243551,0.0029258619,0.0076061096,0.0,0.0008169131,0.0,0.0,0.0,0.005019109,0.0,0.0031863886,0.0067307716,0.0,0.0,0.0,0.00633986,0.00059498125,0.0,0.0,0.0,0.0,0.007408542,0.0,0.0,0.0,0.0055832006,0.0,0.0045194197,0.0,0.0,0.012922431,0.0,0.013171568,0.0031701995,0.0007091705,0.00468596,0.009525492,0.0038495695,0.0,0.0,0.0097447755,0.004211856,0.003953522,0.0,0.0,0.0012021584,0.0025295855,0.0,0.0,0.0,0.0,0.0,0.0,0.0,0.0,0.0,0.0
202011,0.024546798,0.0,0.0,0.0,0.038894612,0.0,0.013932823,0.026112989,0.017015966,0.016885122,0.004389627,0.005452958,0.030617904,0.012048275,0.0,0.03454604,0.020135181,0.0,0.0052797,0.0,0.0025803572,0.0064734593,0.0,0.024941515,0.0,0.0050368016,0.00981453,0.0076097874,0.0,0.03740777,0.010326248,0.027396366,0.0,0.04122406,0.012299738,0.0011940622,0.011158466,0.005835149,0.010143563,0.006905228,0.006627788,0.0056849397,0.0,0.006984174,0.0042746486,0.010215319,0.009937005,0.0057693413,0.0012971086,0.0,0.010150457,0.0,0.0050187395,0.004375141,0.01407731,0.0059395186,0.0039603193,0.0061202585,0.006014095,0.0,0.0,0.0038879253,0.012621597,0.0,0.002760771,0.0031241497,0.005990108,0.010049486,0.006534959,0.009898902,0.0,0.008446773,0.024636175,0.0073513184,0.0016618201,0.0,0.0,0.0047205966,0.0030769627,0.006321373,0.0057440554,0.0,0.0,0.0050679455,0.006269313,0.004942718,0.0,0.010171122,0.0023997182,0.0,0.010839117,0.005012459,0.0075270063,0.0017843769,0.009799345,0.0045552636,0.0041759396,0.00959769,0.0,0.0,0.0,0.00847663,0.0,0.009351457,0.011469244,0.0026756474,0.0,0.0025883734,0.0,0.0010931306,0.0,0.002305665,0.0,0.008170028,0.0,0.0,0.0,0.0,0.0,0.0,0.005659631,0.010894417,0.0,0.002554995,0.0,0.0,0.0,0.0,0.014591128,0.010027297,0.0062686815,0.0,0.0027372367,0.0,0.026524864,0.021141652,0.0,0.029520245,0.0036865477,0.0,0.0,0.0023797203,0.005132651,0.0,0.0,0.009793698,0.0059226365,0.0,0.009263238,0.0,0.0009744817,0.003271562,0.0,0.0,0.0,0.0,0.0,0.0,0.0,0.0,0.0,0.007904935
202012,0.03434209,0.0,0.0059775263,0.0,0.05062299,0.0,0.00248726,0.0,0.0,0.012187511,0.0,0.006126798,0.04764728,0.017665118,0.0,0.043916482,0.0,0.0,0.007484823,0.0,0.003939881,0.008439645,0.0074773384,0.03271824,0.0,0.0,0.010977299,0.010592695,0.0,0.035304684,0.01126924,0.034788378,0.0,0.017604876,0.0049725277,0.0008869515,0.02001131,0.008116067,0.012643267,0.00808066,0.0070166765,0.006849258,0.01476636,0.009239114,0.002410147,0.015720805,0.025722533,0.0,0.0017608679,0.0030791748,0.010129802,0.0073089404,0.004768227,0.0049895095,0.0,0.0069991075,0.01001219,0.0076324674,0.0064048297,0.0,0.0,0.0,0.0016042273,0.0057128263,0.0032886267,0.0004095421,0.0075151813,0.006597314,0.011151614,0.0037104583,0.0,0.009989096,0.005857893,0.020262836,0.0,0.0018724429,0.0,0.00195028,0.0024133446,0.008657631,0.0068603945,0.0,0.0,0.0070277364,0.0,0.0061471146,0.0037664082,0.0068268953,0.003897113,0.0007978559,0.008517728,0.0029235275,0.008610307,0.0040909187,0.0076174075,0.0047168843,0.0,0.0072751185,0.0,0.0015161862,0.0014812072,0.013362791,0.0,0.007715263,0.00055308087,0.0,0.007271999,0.0,0.00041414239,0.0021097497,0.00073769933,0.0029779475,0.0008383384,0.008868532,0.006152861,0.0,0.0019522872,0.0,0.0,0.0,0.01183728,0.022639578,0.0,0.0008215967,0.0,0.0,0.0,0.0,0.0,0.005882397,0.0061926795,0.0008604224,0.0,0.0031035258,0.000911533,0.03677492,0.0,0.0,0.004565168,0.00068632344,0.0,0.0040167845,0.0022316459,0.0,0.0,0.0,0.0039299014,0.030101884,0.0,0.0005150969,0.0011496473,0.0032697932,0.0,0.0,0.0,0.0,0.032402035,0.0,0.0,0.0,0.0,0.0009959211
202101,0.036573306,0.014125492,0.0,0.0,0.04608058,0.006655772,0.0007862419,0.0071137464,0.0,0.019809213,0.0070138597,0.0069647618,0.04729085,0.023285838,0.0,0.041954353,0.0019020688,0.0,0.005936977,0.0,0.004106419,0.0071152183,0.0,0.033193212,0.0,0.005475502,0.0077284263,0.010664423,0.0,0.037313454,0.012912811,0.0345996,0.0,0.015690537,0.0026562707,0.0,0.015701553,0.005158204,0.012104138,0.00790558,0.008311567,0.007046135,0.010658743,0.009298766,0.0032409965,0.007728408,0.032980103,0.0030207466,0.002406412,0.003432815,0.018865682,0.0,0.0053712614,0.0051581594,0.00068299915,0.0073900176,0.009194463,0.0073880036,0.007052069,0.0,0.0,0.008059879,0.006613627,0.0,0.0026374494,0.012976661,0.0073782215,0.004892598,0.011135997,0.0,0.004536981,0.004473472,0.014790987,0.009665009,0.013109941,0.0,0.009211377,0.010060857,0.00091312017,0.0077486024,0.006817811,0.007410309,0.0007948615,0.0064480663,0.0,0.0059452993,0.0,0.006794636,0.006179829,0.0075670583,0.004965153,0.004649445,0.008985716,0.004387412,0.008220859,0.005303575,0.005266004,0.005869976,0.0025022896,0.0,0.007278204,0.012778224,0.0,0.010862511,0.0,0.0028137683,0.0048004063,0.0,0.0,0.0028251822,0.0010629622,0.001009169,0.0012238898,0.018458737,0.0,0.0,0.0,0.0,0.0,0.0,0.0072563137,0.0006114035,0.0,0.0012172881,0.0,0.0,0.0,0.0,0.0,0.011148493,0.0062132836,0.0,0.0053713107,0.0,0.00076272554,0.029378224,0.0,0.0,0.0,0.001256431,0.0,0.0039349347,0.0029224493,0.0,0.0,0.0,0.005349492,0.00094875164,0.0,0.0,0.0014468901,0.003537635,0.0,0.0,0.0,0.0,0.001225343,0.0,0.0,0.0,0.0,0.00094718096
202102,0.034597896,0.016886538,0.0,0.0,0.040643137,0.004137386,0.0037351106,0.0027173527,0.0,0.006542632,0.014976163,0.0064957947,0.044206183,0.022989215,0.0064960266,0.039927967,0.005010979,0.0,0.01804004,0.0,0.0031803022,0.006096684,0.0011125123,0.029081823,0.0066570784,0.0021437309,0.0064808824,0.009015624,0.0020409185,0.03859789,0.013328032,0.032510094,0.0,0.035588946,0.0036861827,0.0,0.01052415,0.0036484634,0.010505686,0.0084620295,0.008293657,0.0060054655,0.004523496,0.007747881,0.0025543352,0.0,0.041436218,0.002401802,0.0035603908,0.001244214,0.011293643,0.012677249,0.0061732396,0.005076859,0.0,0.007788945,0.0087149255,0.0059215394,0.0,0.0,0.0,0.0,0.0053319084,0.0,0.0026927192,0.0,0.009268544,0.006605869,0.010196764,0.01877157,0.005286389,0.006357047,0.014320988,0.009344129,0.0017459892,0.0,0.0069261547,0.0012631181,0.0029849072,0.0067618713,0.00650549,0.027375866,0.003488472,0.0066235443,0.0,0.00571447,0.0,0.006461944,0.0067545446,0.008095642,0.005869943,0.002305005,0.0096703945,0.0046980027,0.006474054,0.005470042,0.003664433,0.0064353333,0.0,0.001579762,0.005424821,0.007636154,0.0,0.008708585,0.021664184,0.004392469,0.0057137725,0.0007676556,0.0,0.0025127803,0.0,0.0024589412,0.0012737,0.0015266376,0.00921804,0.0,0.0,0.0,0.0,0.0,0.0090487,0.0,0.0,0.0,0.0,0.0,0.0,0.0,0.0,0.0,0.0059237075,0.012391786,0.0,0.0027147185,0.002623785,0.0027242545,0.0,0.0,0.005457059,0.0014340265,0.0036337909,0.0058877594,0.0055419034,0.0,0.008411483,0.0,0.0024318798,0.0,0.0,0.0,0.00090794725,0.0030389517,0.0,0.0,0.0013242719,0.0,0.004684046,0.0,0.0,0.0,0.0,0.0
202103,0.030963028,0.0,0.0019063863,0.0,0.033984046,0.0049046674,0.0010642288,0.021497086,0.0026283565,0.014371854,0.009397772,0.0058952,0.05462787,0.028750116,0.0022619653,0.04445553,0.0012157158,0.0,0.0013982854,0.0,0.002210307,0.0059468625,0.0019843336,0.03343983,0.0013622013,0.0,0.01632829,0.008165604,0.0036621385,0.05604957,0.013652709,0.03174625,0.0057054814,0.00087257405,0.0016144017,0.0,0.008860532,0.0034820735,0.009273673,0.008919086,0.015187256,0.005036424,0.0021759875,0.007160093,0.0023721915,0.01141102,0.020377712,0.003044726,0.0049898163,0.0052868514,0.0129904505,0.0,0.0061122454,0.0049135806,0.02016262,0.006842913,0.0025664421,0.0047851247,0.007238769,0.0013852454,0.00092102337,0.0,0.0012502607,0.0,0.0034338487,0.0,0.014615333,0.0062487964,0.011393519,0.0,0.0,0.006917413,0.008933636,0.0044309017,0.0014634075,0.004394321,0.007176464,0.0014286414,0.002641509,0.0071178167,0.0048787487,0.008627962,0.0024501772,0.007158969,0.0,0.004645949,0.07493411,0.0059216423,0.0059649614,0.0064711915,0.00513146,0.0022908584,0.0037643388,0.003988446,0.0064099575,0.004430699,0.004727685,0.0066923127,0.0,0.0058065183,0.011745778,0.009126895,0.0044171377,0.0,0.00030595018,0.0,0.0010206853,0.0,0.0064744446,0.002687443,0.0,0.0028129993,0.0,0.0010934946,0.0080493335,0.005793058,0.0,0.0,0.0,0.0,0.010334025,0.0,0.0,0.0028104915,0.0,0.0,0.0,0.0,0.0,0.0,0.0046001785,0.0007717426,0.0,0.0019749762,0.0,0.0031994858,0.0,0.017050343,0.003435983,0.002150186,0.0040239086,0.003489753,0.0009003197,0.0,0.0,0.0,0.002857818,0.0012041472,0.0058467444,0.0,0.0011020695,0.003037474,0.0,0.0,0.0,0.0,0.0053399215,0.009042871,0.0,0.0,0.0,0.0
202104,0.03741085,0.011980324,0.0028246646,0.0,0.037819102,0.008793383,0.0058577294,0.0,0.0,0.015764572,0.013560664,0.0055852635,0.05058015,0.008808017,0.006291468,0.039761934,0.0041002063,0.009535638,0.0050738733,0.0,0.008367167,0.005328843,0.0,0.0483759,0.0026469503,0.0,0.008626364,0.0063000554,0.00559445,0.054476116,0.013830109,0.024365343,0.0,0.0013959097,0.006020795,0.0,0.010536825,0.004891899,0.011222022,0.008104686,0.0029543224,0.010288879,0.0,0.0060923453,0.005721164,0.010553422,0.009522951,0.0034258778,0.017324667,0.006423942,0.0046651177,0.0,0.005348261,0.004233918,0.0069376524,0.008218143,0.008699028,0.010065154,0.0015970266,0.0,0.0,0.012569911,0.0032165712,0.0030750844,0.0039121658,0.0,0.027748223,0.008797713,0.0067145904,0.0,0.011942022,0.0076686624,0.00586707,0.0027161129,0.0008781924,0.008559837,0.033109162,0.0030696923,0.008297851,0.006303081,0.006174351,0.002889757,0.0,0.007842778,0.00665519,0.0071424646,0.008672058,0.0060325745,0.0,0.0,0.0068875127,0.0050604045,0.008254088,0.0023344026,0.009157039,0.0042572543,0.0027068516,0.008653912,0.011491365,0.0,0.008695822,0.010798947,0.0,0.0028806054,0.0002489626,0.0,0.004352224,0.008070802,0.005493875,0.002288614,0.0,0.0,0.0037018429,0.0,0.0026142804,0.0024005896,0.0,0.0,0.0,0.0,0.012026598,0.007311551,0.0,0.002824121,0.0,0.0,0.0,0.0,0.0,0.0,0.0044580465,0.0,0.0076947967,0.0020226552,0.0,0.0026925993,0.0,0.009664744,0.0,0.000916071,0.0059829145,0.0044365926,0.0010891914,0.0,0.0,0.0,0.0030743422,0.009101019,0.0017777452,0.0,0.0,0.0024568667,0.0,0.0,0.0,0.0,0.0,0.006362485,0.0,0.0,0.0,0.0
202105,0.037418734,0.016612038,0.0,0.008405608,0.029983921,0.0097032385,0.007898002,0.0,0.0,0.008233007,0.009083196,0.005171347,0.038703416,0.00435403,0.013178422,0.029626988,0.0,0.0,0.006102839,0.0,0.008993785,0.006321615,0.0,0.046187665,0.0,0.0,0.003549767,0.009256454,0.0052179643,0.0440013,0.009643931,0.019399347,0.0,0.0061441073,0.007838035,0.0,0.008685802,0.005319029,0.007705558,0.007466965,0.006710254,0.009874023,0.018683126,0.005330839,0.0062230523,0.0076390086,0.0078099645,0.0056363842,0.007280708,0.0050336965,0.004242764,0.0049799555,0.0047609243,0.0039065313,0.0073791463,0.007552756,0.008904395,0.012583725,0.0049575604,0.01374707,0.0,0.004005554,0.0056807254,0.0,0.005952762,0.019375706,0.0077378443,0.006132247,0.010817931,0.0,0.006375984,0.010785981,0.006577683,0.007663136,0.003878324,0.004346237,0.01016547,0.0052468213,0.0045809066,0.005896377,0.007729574,0.005474422,0.00610496,0.0061411653,0.0,0.003341539,0.0073361876,0.0043529873,0.008420914,0.0,0.0077096256,0.0064824102,0.005878086,0.0,0.004716733,0.0048796376,0.0021763593,0.01716519,0.010604375,0.0009528775,0.027898865,0.009249557,0.0,0.006410307,0.009861822,0.005964886,0.0,0.0,0.012678069,0.003889833,0.0,0.0,0.0055960384,0.0,0.0058839996,0.0,0.0,0.0,0.0,0.0,0.016029598,0.005148318,0.0,0.0030535266,0.0,0.0,0.0,0.0,0.0,0.004163963,0.003921004,0.0,0.012945977,0.006891844,0.0008085887,0.0,0.0,0.013077074,0.005157725,0.00529873,0.0,0.0044277273,0.0,0.0,0.0,0.0,0.0050460524,0.010389777,0.0,0.0,0.0,0.0020954893,0.0,0.0,0.0,0.0,0.0,0.0059824814,0.0,0.0,0.0,0.0
202106,0.03940223,0.0032755553,0.0,0.0039993683,0.030879408,0.010772108,0.0044986433,0.0048778397,0.0,0.0025881256,0.018056482,0.0076673217,0.04018139,0.013446425,0.0,0.022662006,0.0,0.0,0.0051733125,0.0,0.004969652,0.006394708,0.003381058,0.04547781,0.013428574,0.0,0.007757925,0.007785555,0.0,0.042361237,0.008926382,0.02058064,0.0,0.006457509,0.014059324,0.0,0.013160325,0.006224816,0.010054634,0.0116477525,0.0040269215,0.008727611,0.008724824,0.0054640416,0.0043283002,0.006374648,0.012421162,0.007718896,0.0014249288,0.0069617564,0.0,0.018753437,0.0035362027,0.003793993,0.0068421527,0.01395696,0.0044452613,0.014776436,0.005680588,0.0,0.0,0.004926908,0.0007203242,0.0,0.0,0.0,0.0065434324,0.008437689,0.01476537,0.0057875514,0.019490138,0.009189244,0.0056780367,0.0055180504,0.0,0.0073219375,0.0,0.0055361083,0.0,0.0048490926,0.00798153,0.0,0.008821257,0.0048682885,0.0,0.0024695396,0.010569487,0.009800539,0.0012401978,0.0,0.0078890165,0.0045845485,0.0065867496,0.0038626646,0.006345518,0.003681587,0.0049917633,0.01516928,0.009706473,0.0022665076,0.03023012,0.011246461,0.0,0.0066017467,0.008844383,0.0055807466,0.002690264,0.0075291954,0.011978187,0.0,0.0,0.0,0.0076520457,0.00690578,0.0055465265,0.009216446,0.0058279834,0.0,0.0,0.0018387969,0.013870193,0.007548866,0.0,0.0022964433,0.0,0.0,0.0,0.0036599196,0.011590787,0.0050442135,0.003565201,0.0,0.0,0.0,0.0,0.007494359,0.004901631,0.006483155,0.004979796,0.009144625,0.0025189088,0.005684971,0.0,0.0,0.0,0.0,0.0,0.0,0.009356178,0.0,0.0005368359,0.0019301729,0.0,0.0,0.0,0.0,0.0,0.0,0.0,0.0,0.0,0.0
202107,0.0362222,0.0,0.0054058977,0.004804012,0.0295246,0.007955618,0.0061227055,0.0,0.0,0.0,0.015566495,0.006460268,0.03393173,0.007014332,0.016687633,0.023592606,0.0,0.008244436,0.0057388963,0.0,0.006981845,0.0046625724,0.0061488994,0.04169601,0.005796665,0.0,0.007665632,0.007978894,0.0,0.03280429,0.008666272,0.020762233,0.0095746275,0.0062121633,0.005006854,0.0,0.011808671,0.006183849,0.010242725,0.01241351,0.0060186367,0.008768944,0.0041299853,0.0047215424,0.0038262918,0.006505338,0.010892525,0.0046232906,0.0048349677,0.005028678,0.0014166076,0.0,0.0032971704,0.0039320355,0.0068732467,0.0061908863,0.0071356934,0.012016231,0.0045023053,0.012529744,0.0,0.002806724,0.0005893734,0.0,0.0030765287,0.0,0.005571196,0.0074814805,0.0,0.003580632,0.019694794,0.008702551,0.005847551,0.004615233,0.0011721847,0.008072054,0.0,0.004769926,0.007400165,0.00503832,0.007285981,0.0,0.0102959685,0.003862655,0.0054991622,0.0009665625,0.009290602,0.015687987,0.0010569642,0.0,0.007978847,0.004503642,0.0034142623,0.0,0.0054063387,0.0030510854,0.0077472036,0.0086066015,0.0063977605,0.003569312,0.0261909,0.009288077,0.008089765,0.0,0.0055319313,0.0039354,0.01641314,0.0,0.012230523,0.00068041525,0.0,0.0,0.0074746036,0.04514585,0.0,0.0,0.0029343038,0.003709737,0.0,0.002035982,0.010947147,0.005715487,0.0,0.0019337704,0.0,0.0,0.0028311089,0.0,0.008170783,0.0064596892,0.0059220153,0.0,0.01614937,0.0,0.0,0.009519775,0.0,0.010428513,0.0,0.008743236,0.0,0.0017224505,0.0058434205,0.0,0.012246459,0.0,0.0,0.011083913,0.006912659,0.0,0.0006786714,0.0020965883,0.0,0.0,0.0,0.0,0.0,0.0,0.0,0.0,0.0,0.0067733484
202108,0.042164087,0.0,0.0,0.0,0.030076832,0.008891678,0.008177405,0.012689791,0.0,0.008345315,0.015435388,0.0052818195,0.039986078,0.00820734,0.0,0.023877954,0.01419627,0.0,0.006488769,0.0,0.007882664,0.004426599,0.0,0.04965299,0.0,0.0,0.005748315,0.006044277,0.0,0.03549107,0.012697454,0.023469962,0.01689057,0.0091554765,0.0024064153,0.004378053,0.013334548,0.0037855688,0.009474912,0.0105460845,0.005952636,0.009657771,0.0044270544,0.0050192163,0.0041864226,0.008887609,0.018287724,0.0,0.0044438588,0.011073816,0.0043708594,0.0,0.003934699,0.00382315,0.006179701,0.0053811716,0.00809042,0.012502691,0.0050957953,0.00077781425,0.0,0.0038991293,0.0,0.0,0.0025392934,0.0,0.0028662393,0.0067119417,0.0074040107,0.0,0.021144303,0.008650768,0.0056801527,0.0059841084,0.0012623272,0.0051989737,0.0,0.0037583967,0.006425576,0.0055577066,0.007447045,0.0024281335,0.008158497,0.0044491803,0.0068698344,0.0070864223,0.012266989,0.009088398,0.0011105916,0.0,0.006817442,0.0041061877,0.0075816954,0.0037050718,0.0076822597,0.0046402346,0.008497683,0.005873355,0.008613556,0.0,0.017306134,0.005890898,0.009591315,0.0,0.0,0.006419305,0.0060149925,0.0048327358,0.0,0.00089421845,0.0,0.0,0.0074174562,0.052663174,0.006547771,0.0074015614,0.0,0.0,0.0,0.0015214625,0.013912501,0.0057356814,0.0,0.002051219,0.0,0.0,0.0,0.0,0.008236184,0.0,0.0055965893,0.0045057177,0.0021254034,0.0014096095,0.0,0.009752649,0.0,0.02315168,0.0,0.0,0.0013045996,0.0,0.0018552747,0.0,0.008784522,0.0,0.0,0.0,0.008764403,0.0,0.0,0.011511326,0.0,0.0,0.0,0.0,0.0,0.0,0.0,0.0,0.0,0.0
202109,0.033532985,0.031829707,0.0,0.035667576,0.023784477,0.0,0.0048138145,0.0023031281,0.0,0.009079833,0.01460509,0.0073529193,0.03282811,0.011475544,0.0016436735,0.021612946,0.0,0.0027590736,0.006852913,0.0008001235,0.0042137215,0.004042649,0.0,0.04137983,0.0,0.003448094,0.0040870174,0.0031855998,0.0148373265,0.025648503,0.010769482,0.020676797,0.015096716,0.0020827078,0.024188245,0.0,0.012660766,0.002278651,0.011239623,0.009820201,0.0044740876,0.012493889,0.009421267,0.0047716647,0.003363066,0.0071549956,0.016463326,0.0022555322,0.008673932,0.0086880615,0.005919569,0.0,0.004044881,0.02361508,0.0,0.019759221,0.0033120604,0.016025245,0.00556042,0.0,0.0,0.009618388,0.0,0.0,0.002534776,0.0025053318,0.0044707507,0.006150115,0.0036338288,0.0,0.0,0.007900676,0.008821687,0.011263461,0.0007789356,0.008444799,0.00928507,0.0018631618,0.014171139,0.0049686185,0.005601729,0.0,0.0077510877,0.0036574968,0.005722692,0.0047631073,0.01867272,0.0074883704,0.0010363545,0.0,0.006308359,0.0045873583,0.00804537,0.0014134017,0.009179422,0.0035282555,0.0040401234,0.0034561,0.00802776,0.0067818905,0.0016550812,0.004060986,0.008639961,0.0010607737,0.0058451025,0.0010279712,0.0016782143,0.0022418823,0.0,0.0017488257,0.0,0.0016713871,0.0044614463,0.033715975,0.0037303942,0.0,0.0,0.0048821038,0.0,0.0,0.010782691,0.0057103657,0.0,0.0,0.010646105,0.0,0.0,0.0,0.006765288,0.0072782366,0.018805766,0.0021988682,0.013373369,0.0,0.0,0.0,0.0,0.007493966,0.0031603347,0.0,0.0014954841,0.0022948238,0.0019128235,0.0,0.0,0.0,0.0044362303,0.0,0.012428757,0.0,0.0017303621,0.0,0.0,0.0,0.0,0.0,0.0,0.0,0.0,0.0,0.0,0.0
202110,0.03699672,0.018124959,0.0,0.0,0.02870806,0.005898282,0.003109841,0.0021163216,0.045256678,0.0,0.0060531935,0.0067813224,0.03368221,0.010083399,0.0,0.02597149,0.0,0.0061811907,0.008251748,0.0,0.0073824553,0.0040623536,0.000844151,0.041274432,0.007444372,0.0015169326,0.007071575,0.006587006,0.0120261125,0.031709313,0.01182896,0.022042539,0.018027931,0.008883956,0.015581887,0.00081177236,0.015444927,0.006041605,0.013373754,0.010816965,0.0047986847,0.014825426,0.0024193865,0.0059457184,0.0032731781,0.0068117282,0.015763436,0.002066872,0.009366253,0.0074647707,0.0065330477,0.0,0.004187749,0.000675521,0.0,0.03737298,0.0015045839,0.016952645,0.0072014895,0.0012709335,0.0010417205,0.013449406,0.0010591432,0.0,0.0031243793,0.0,0.0070501207,0.004451519,0.0017081754,0.0,0.0,0.007712081,0.008144076,0.0025816495,0.0010212678,0.005414676,0.0,0.002045353,0.017980529,0.005336892,0.0065683313,0.0,0.0,0.004949642,0.0,0.007910291,0.014109825,0.007639813,0.0029077027,0.0,0.00715473,0.0072347526,0.010054029,0.00077344826,0.005893503,0.0044301515,0.0,0.00732683,0.0,0.0,0.0057635605,0.004678095,0.0049057202,0.0007069765,0.0030493971,0.001221083,0.0,0.008071195,0.0,0.0009469603,0.0,0.0,0.0044624247,0.041065846,0.0,0.0,0.0,0.0,0.0,0.0,0.010809584,0.0073447204,0.0,0.0,0.006750053,0.0,0.0,0.0,0.006593608,0.007029387,0.006936745,0.004779624,0.0075808535,0.0017259032,0.0,0.0,0.0,0.01711155,0.0027407852,0.018233769,0.0014706992,0.0028343631,0.0018264035,0.0,0.0,0.0,0.010433588,0.0,0.010170145,0.0,0.0008593423,0.0024008227,0.0,0.0,0.0,0.0,0.0,0.0,0.0,0.0,0.0,0.0
202111,0.036176164,0.0009897896,0.0,0.024083005,0.031597465,0.00037646524,0.0,0.0,0.0014588657,0.011091448,0.011578796,0.01706811,0.033032596,0.0,0.008031448,0.03187646,0.01605417,0.0,0.00049865246,0.0,0.007824562,0.012169537,0.0013854379,0.0611586,0.0,0.0,0.007927681,0.0064658984,0.0,0.034867417,0.012299117,0.023551755,0.007909831,0.00085648976,0.014803682,0.0,0.015253483,0.0044900863,0.012314225,0.013442462,0.010979309,0.014434547,0.002278562,0.004738702,0.003070461,0.0056743836,0.010441785,0.0015284434,0.023748385,0.0107539585,0.0073840795,0.0,0.004395051,0.005279112,0.0,0.008363599,0.0048115696,0.023142755,0.0039949473,0.0007634004,0.0011927614,0.020416133,0.0,0.0,0.006091496,0.0019338342,0.007892719,0.007304012,0.0070016505,0.0,0.0,0.0058501516,0.0071710288,0.0019137138,0.0,0.002073012,0.0063669006,0.0010982703,0.015458112,0.004799256,0.005512872,0.0072971336,0.0,0.004350218,0.0036771798,0.0010759168,0.010213423,0.0038928804,0.0068803797,0.0,0.005804644,0.0038324017,0.018585078,0.0048474986,0.0092724925,0.0065843365,0.008050402,0.0062444652,0.008426384,0.0,0.0,0.0108299395,0.0052802325,0.001649873,0.009019021,0.0019564962,0.0,0.0,0.0015216435,0.0007478187,0.0,0.0,0.0011697266,0.050726626,0.007932168,0.0,0.0,0.0,0.00113057,0.0,0.009772734,0.008395489,0.0,0.0,0.0,0.0,0.0,0.0,0.0,0.0055980915,0.004378827,0.005969094,0.0012563126,0.0,0.001106252,0.003319443,0.0,0.023348141,0.0054224934,0.0016886872,0.0,0.0038554852,0.0014499676,0.0,0.0,0.0,0.0037836398,0.00964129,0.0007266732,0.0,0.0007957332,0.0,0.0,0.0,0.0,0.0,0.0,0.0,0.0,0.0,0.0,0.0
202112,0.035997067,0.0,0.0,0.00994606,0.03148321,0.0,0.0,0.0024306707,0.007447745,0.0,0.0,0.014718551,0.035704218,0.0,0.007610433,0.027866634,0.0,0.0,0.008009155,0.0,0.0075199925,0.012035309,0.0,0.052190006,0.0,0.0,0.010740146,0.006290082,0.0,0.030039018,0.009275153,0.019847583,0.0067620194,0.0,0.011789903,0.0,0.01574428,0.0021730189,0.014457138,0.010740929,0.005780982,0.015325891,0.0038396132,0.0047789486,0.006478927,0.0070146597,0.03571217,0.0,0.011976089,0.010327259,0.008086493,0.0,0.0042940234,0.00674809,0.0,0.020996101,0.005761806,0.020413226,0.0,0.0,0.0,0.011337725,0.0,0.0,0.004425081,0.0,0.012709117,0.00917627,0.008945506,0.0,0.0,0.0042034616,0.006057952,0.0059141098,0.0,0.0,0.0056129848,0.0,0.02570719,0.005075022,0.0071422085,0.0,0.0,0.0044462173,0.005801054,0.0,0.0118974075,0.00544805,0.0038218026,0.0,0.0043947105,0.0070083775,0.005127664,0.005432509,0.009318156,0.00549012,0.00641245,0.0080968,0.00789012,0.0,0.0019266421,0.017236125,0.0,0.0049992534,0.008799849,0.0,0.0,0.004852193,0.0020644253,0.0008695532,0.0,0.0,0.0,0.044739686,0.005841583,0.0,0.0,0.0,0.0,0.0,0.00732088,0.022140674,0.0,0.0,0.0073068915,0.0,0.0036369602,0.0,0.0,0.008560458,0.005148366,0.008059778,0.003459471,0.0,0.0,0.005305892,0.0,0.024061713,0.0067742383,0.0,0.0,0.005895982,0.0,0.0,0.0,0.0,0.0011197395,0.0207938,0.0,0.0,0.005412158,0.0,0.0,0.0,0.0,0.0,0.0,0.0,0.0,0.0,0.0,0.018429065
202201,0.025793595,0.0,0.0,0.022660095,0.023101846,0.0,0.0,0.0,0.0,0.012284795,0.0,0.01030939,0.022236208,0.0,0.0,0.016585428,0.0,0.0,0.021758962,0.0,0.008530238,0.005320299,0.0,0.034183457,0.0,0.0,0.005742132,0.005298322,0.0,0.017373584,0.007277718,0.015021422,0.019447256,0.0015618162,0.0,0.0,0.013485236,0.016649857,0.008405394,0.016104354,0.008033832,0.011446242,0.0,0.0034005295,0.013149956,0.0052880286,0.01972542,0.014953811,0.011851729,0.0073594227,0.005518437,0.022594849,0.0028366235,0.015068063,0.0,0.0074688387,0.0038659486,0.022104198,0.0,0.0,0.0,0.0,0.0,0.0,0.013500232,0.0,0.010361787,0.0068014245,0.00441018,0.0,0.0,0.0,0.011932594,0.0063337283,0.0,0.0,0.00965266,0.005362142,0.0013819028,0.0033749067,0.0038757517,0.0,0.0,0.0029122757,0.0,0.0,0.006911527,0.004981547,0.002809962,0.0036487526,0.005165269,0.01266648,0.004019304,0.0044669826,0.015059625,0.0034398097,0.0041736336,0.015343126,0.024095051,0.0,0.0,0.010339967,0.0,0.02258598,0.002869081,0.0,0.0,0.0032265082,0.0,0.0010288582,0.0,0.0,0.02114123,0.025966065,0.0030703188,0.0,0.0051625283,0.00885492,0.0,0.022942705,0.0063186786,0.009258079,0.0,0.0,0.0,0.0,0.0,0.0,0.0,0.0,0.0045697214,0.004487204,0.0,0.0,0.0,0.017378967,0.0,0.008698827,0.016722567,0.037165165,0.0,0.0012913804,0.0,0.0,0.0,0.0,0.0,0.0109956125,0.0,0.0,0.003939384,0.061508268,0.0,0.0,0.0,0.0,0.0,0.0,0.0,0.0,0.0,0.0
202202,0.0246142,0.0,0.0,0.015752468,0.02409425,0.0,0.0,0.0015663643,0.0,0.0,0.00392195,0.009195416,0.024647795,0.0,0.0,0.01575713,0.0,0.0,0.025362775,0.0,0.012096453,0.008050159,0.0,0.03594069,0.0,0.0,0.0065127644,0.0047523887,0.0,0.018318148,0.00827586,0.017425036,0.016458847,0.0,0.0056199133,0.0,0.015794966,0.012629139,0.007089295,0.01731079,0.0029132902,0.011107081,0.017117547,0.0039350605,0.009665619,0.0,0.0116868345,0.0011847223,0.0071294894,0.007068327,0.0054469267,0.017268425,0.013856605,0.013050824,0.0,0.010840127,0.004042721,0.01752387,0.0029871543,0.0,0.0,0.0,0.0,0.0,0.0,0.0,0.008767806,0.0061855237,0.0051109674,0.0,0.0,0.003958517,0.012207766,0.007245271,0.0,0.0,0.010212566,0.0,0.0,0.003575365,0.004157862,0.004397183,0.01589773,0.003344598,0.0,0.0,0.006582396,0.0041583115,0.006274664,0.002944495,0.0051367506,0.012031381,0.0048247715,0.0038033023,0.010411849,0.0053503206,0.004314042,0.016999409,0.017749734,0.006791637,0.0,0.009470297,0.0,0.019444918,0.0,0.0,0.0,0.0,0.0,0.0014683722,0.0,0.014940112,0.017767666,0.027264053,0.008124254,0.0,0.006226934,0.0,0.0,0.024063732,0.0070056226,0.011724378,0.0,0.0,0.0,0.0,0.0,0.0,0.0,0.0,0.004579931,0.0035952693,0.01995707,0.0,0.017730216,0.018663865,0.0,0.0,0.029115055,0.0,0.0,0.002596356,0.0,0.0,0.0,0.0,0.0,0.009255075,0.0,0.0,0.002704265,0.063856855,0.0,0.0,0.0,0.0,0.0,0.0,0.0,0.0,0.0,0.0
202203,0.032809746,0.0,0.0,0.012030211,0.026393682,0.0,0.0,0.0,0.0,0.0,0.0,0.013505723,0.030710395,0.0,0.008233025,0.021151314,0.0,0.0,0.009151892,0.0,0.005992704,0.0086814035,0.0,0.04559635,0.0,0.0,0.007358644,0.0048589697,0.0,0.021848682,0.007893908,0.020935971,0.020571904,0.0,0.00709071,0.0,0.017571539,0.0023066893,0.008651929,0.020302903,0.0,0.012717113,0.010613169,0.0046723736,0.008056931,0.0,0.0415722,0.0,0.0021942877,0.009876506,0.006758256,0.026611628,0.0038870962,0.01208246,0.0,0.0045814253,0.0048861327,0.021591887,0.0,0.0,0.0,0.0,0.0,0.0,0.0029506693,0.0,0.014219548,0.006825439,0.01609807,0.0,0.0,0.0057988106,0.0075268857,0.0051808576,0.0,0.0,0.007332034,0.00634643,0.0032255123,0.0047598416,0.00559613,0.0,0.0,0.0039485474,0.0,0.0,0.008619739,0.005452005,0.013770157,0.0032828918,0.0075573376,0.011636536,0.0051432364,0.005523103,0.012641664,0.006659314,0.0,0.011405625,0.009764452,0.0,0.00416643,0.008759917,0.0038959507,0.026548842,0.0,0.0040657045,0.0,0.0,0.0,0.0,0.020713205,0.0,0.02518519,0.035327468,0.0,0.0,0.0,0.012636771,0.0,0.0,0.01142546,0.016421143,0.0,0.0,0.0,0.02305607,0.0,0.0,0.0,0.0,0.004951654,0.0042372816,0.011346748,0.0,0.0,0.015846997,0.010400405,0.011391528,0.0035248145,0.0,0.0,0.0049448283,0.0,0.0,0.0,0.0,0.0,0.017820746,0.0037985337,0.0,0.0045197075,0.0,0.0,0.0,0.0,0.0,0.0,0.0,0.0,0.0,0.0,0.0
202204,0.026215106,0.0,0.0,0.0,0.0248276,0.0,0.0067641595,0.0,0.0,0.0,0.0,0.012812019,0.023746388,0.06077374,0.0077212285,0.017034352,0.0,0.0,0.0020543993,0.0,0.0,0.013045144,0.023211606,0.03608729,0.0,0.0,0.0062044556,0.0053874576,0.0,0.022039333,0.009553098,0.017430848,0.020454219,0.0,0.0053879633,0.0,0.016370192,0.0067871213,0.0061106393,0.020338578,0.0,0.008228502,0.012944295,0.0037457105,0.0018155538,0.0055386536,0.017830942,0.0,0.0,0.012825882,0.005791912,0.020450065,0.0029015979,0.0088012125,0.058770254,0.013587269,0.00356237,0.019951612,0.0,0.0,0.0,0.0,0.032892037,0.0,0.0047937534,0.0021827566,0.0067951693,0.0048869043,0.0,0.0,0.0,0.005160775,0.007228844,0.002647104,0.0,0.0,0.0108928615,0.004636286,0.0,0.002558804,0.0033955753,0.0,0.0,0.002697509,0.0,0.0015153268,0.005718514,0.004547492,0.0,0.0,0.005256625,0.009400211,0.024466392,0.0047518522,0.013675858,0.009957433,0.0,0.009708732,0.00860893,0.012947608,0.0,0.009642572,0.015892686,0.018846944,0.00078716,0.0,0.0,0.0074217636,0.0,0.0,0.0,0.027547523,0.020704893,0.026025668,0.0,0.0,0.0,0.01155949,0.0,0.0,0.007789107,0.0136421025,0.0,0.0,0.0,0.0,0.0,0.0,0.0,0.0,0.0,0.014150155,0.0,0.0,0.0,0.009967695,0.0,0.0067025507,0.0024744999,0.0,0.0032184375,0.0,0.0,0.0,0.0,0.0,0.0,0.012789928,0.0,0.0,0.0024107436,0.0,0.0,0.0,0.0,0.0,0.0,0.0,0.0,0.0,0.0,0.0
202205,0.030903403,0.0,0.0,0.0,0.033139832,0.0,0.0,0.0,0.0,0.0,0.0,0.015116687,0.02960238,0.08764648,0.0,0.02178275,0.0,0.0,0.0074904347,0.0,0.0,0.014170826,0.0044805384,0.04257325,0.0,0.0,0.0078155175,0.005201369,0.0,0.029540572,0.012588406,0.022894902,0.024834607,0.0020170235,0.005070849,0.0,0.023942985,0.0036756212,0.007509603,0.024831196,0.0056402017,0.01162569,0.01367344,0.0052088317,0.0027268503,0.0,0.019649306,0.0018977175,0.0004462829,0.01549721,0.006732614,0.0,0.0033480257,0.0019583206,0.0,0.012448441,0.0043033925,0.026340473,0.057985205,0.0,0.0,0.0,0.022356557,0.0,0.0,0.0,0.008439511,0.007465947,0.0,0.0037284219,0.0,0.0065603633,0.007032036,0.0034662131,0.0,0.0,0.014551202,0.00608839,0.0,0.0035683888,0.0043542664,0.00428436,0.0,0.00341833,0.0,0.0,0.0065196636,0.0061835605,0.006628082,0.0,0.007406261,0.0029644298,0.0,0.0069167838,0.012661691,0.0055555594,0.007323103,0.010796624,0.0071570775,0.0,0.0,0.012904329,0.004943023,0.021657508,0.0,0.0,0.0,0.0,0.0,0.0,0.0,0.0,0.018090999,0.034552272,0.0,0.0,0.0,0.010970593,0.0,0.0,0.01016276,0.017169118,0.0,0.0,0.0,0.0,0.0,0.0,0.0,0.0,0.0,0.0132356435,0.0,0.0,0.0,0.0026579387,0.0073779635,0.013841115,0.0012247908,0.0039929897,0.0,0.0,0.0,0.0,0.0,0.0,0.0,0.0,0.0,0.0,0.0054808306,0.0,0.0,0.0,0.0,0.0,0.0,0.0,0.0,0.0,0.0,0.0
202206,0.027767852,0.0,0.0,0.0,0.03273022,0.0,0.0,0.0,0.0,0.0029868486,0.0,0.014404113,0.028989088,0.073939264,0.0030514244,0.024281664,0.0,0.0,0.0057837497,0.0,0.0,0.020189615,0.0,0.04014298,0.0,0.0,0.007436945,0.0044201273,0.0,0.025457129,0.0130649805,0.025377808,0.023163369,0.0037525345,0.006585067,0.0,0.018940294,0.0039493768,0.006446203,0.02420126,0.006318561,0.008173857,0.017381743,0.005796884,0.0021415097,0.009120866,0.019471899,0.0,0.0021862218,0.015757296,0.0052004745,0.0,0.0030629283,0.0026984024,0.0,0.010124205,0.0073573873,0.023625977,0.0,0.0,0.0,0.0154948,0.0,0.0,0.0,0.0,0.009330362,0.006140949,0.0,0.009882976,0.0,0.005966175,0.008369254,0.00228937,0.0,0.0,0.014749913,0.012575948,0.0039593857,0.0032924423,0.0048356554,0.0,0.0,0.003103763,0.0,0.0,0.0046582078,0.0043031992,0.0,0.0,0.007108029,0.0034732972,0.009199525,0.006029574,0.011873417,0.0061426787,0.0027628592,0.014874914,0.005436444,0.0,0.001568858,0.0120128095,0.004236463,0.0059847143,0.0,0.0,0.0,0.0,0.0,0.0,0.0,0.007710366,0.02656005,0.030240657,0.0,0.0,0.0,0.008679401,0.0,0.0,0.008451446,0.014579515,0.0,0.0,0.0,0.0,0.0,0.0,0.0,0.0,0.0018443047,0.0057732267,0.0,0.0,0.0,0.011134904,0.0,0.0,0.0,0.0,0.0,0.0,0.103043616,0.0,0.0,0.0,0.0,0.0,0.0,0.0,0.005468312,0.0,0.0,0.0,0.0,0.0013780703,0.0,0.0,0.0,0.0,0.0,0.0
202207,0.031270508,0.0,0.0,0.0,0.04058696,0.0,0.0,0.029559005,0.040976554,0.0,0.0,0.013478467,0.03524008,0.045874245,0.0005303458,0.028220395,0.0,0.0,0.0073674,0.0,0.001035412,0.010385893,0.0012699391,0.043096337,0.0099841915,0.0003537408,0.0068250615,0.0055645686,0.0,0.027025739,0.010808882,0.027609168,0.02475858,0.047282256,0.0039619696,0.0,0.024494227,0.0015902495,0.00709158,0.02350976,0.002004264,0.010451469,0.021402478,0.0046019023,0.0023813713,0.010361689,0.016641151,0.0016055316,0.0012550085,0.009801533,0.0053022425,0.0,0.0024074533,0.002070631,0.0,0.017656932,0.0020638714,0.018446831,0.0,0.0,0.0,0.0025764839,0.0,0.0,0.0019520745,0.0,0.011161294,0.0057726507,0.00097162876,0.0032224408,0.0,0.0009748155,0.008049438,0.0066242297,0.0,0.0,0.027663207,0.029131731,0.0012116785,0.0023665477,0.0049060746,0.0,0.002050728,0.002520421,0.0,0.0019719864,0.0059598368,0.003068775,0.0042265784,0.00018663381,0.007858232,0.0032273985,0.0,0.0054391203,0.0077940943,0.00503557,0.0,0.002820001,0.010188818,0.0,0.0011533468,0.006396397,0.0,0.00074547494,0.0,0.0,0.0,0.0,0.0,0.0017106811,0.0,0.0,0.017238325,0.030959046,0.014826299,0.0,0.0,0.0030875218,0.0,0.0,0.003916211,0.00032799167,0.0,0.0,0.0,0.0,0.0,0.0,0.0,0.0,0.0021809952,0.005393803,0.0,0.0,0.0,0.0,0.0,0.0069333296,0.04597252,0.0,0.0,0.0031235784,0.0034573367,0.0,0.0,0.0,0.0007318236,0.0,0.0,0.0,0.0037103356,0.0,0.0,0.0,0.0,0.0009966778,0.0,0.0,0.0,0.0,0.0,0.0
202208,0.027910862,0.0,0.0,0.0,0.03861618,0.0,0.0,0.0026641511,0.0,0.00033065144,0.0,0.0135911,0.0327619,0.06673447,0.0,0.028647155,0.0,0.044513684,0.005189592,0.0,0.0007391992,0.009950137,0.0,0.041512687,0.0,0.0,0.0075010494,0.0053642066,0.0,0.028728994,0.010539248,0.026035167,0.02715755,0.0,0.015576799,0.0,0.026049323,0.008379664,0.009222501,0.02836777,0.00628533,0.00755586,0.0028357056,0.0052643106,0.0017344047,0.00695964,0.027394602,0.0020898131,0.0022714934,0.013643368,0.007564047,0.0,0.0019838759,0.001861195,0.07730938,0.010171188,0.0019960385,0.029660411,0.0050610136,0.0,0.0010221056,0.0,0.0005917269,0.0,0.0026949474,0.0,0.009612567,0.00647626,0.0,0.0,0.0,0.005822607,0.0082327435,0.00656108,0.0,0.0,0.018824713,0.005886059,0.014859905,0.0019173883,0.005340849,0.0,0.0,0.0,0.0,0.002776653,0.0058835247,0.0031566392,0.0049206885,0.0,0.0073387553,0.002372391,0.009187777,0.0028048167,0.01367403,0.011507053,0.0,0.0010714697,0.010281687,0.0,0.0,0.0070469608,0.0016240566,0.0,0.0,0.00083133846,0.0,0.0,0.0,0.0004367898,0.0,0.0,0.01707256,0.033574976,0.003276832,0.0,0.0,0.0,0.0,0.0,0.0071346895,0.0,0.0,0.0,0.0,0.00021771425,0.0,0.0,0.0,0.0,0.0012458502,0.0062693413,0.0,0.0,0.0,0.0,0.0,0.0047550276,0.0021643525,0.0,0.0,0.0,0.0,0.0,0.00048932363,0.0,0.0,0.028311817,0.0,0.0,0.0023734404,0.0,0.0,0.0,0.0,0.00058957696,0.0,0.0,0.0,0.0,0.0,0.0020411236
202209,0.025982304,0.0,0.0,0.0,0.038553443,0.0,0.001835557,0.002173723,0.026597684,0.0,0.0,0.013553871,0.029466044,0.035101354,0.0,0.023874912,0.0,0.0,0.0048234845,0.0,0.005539369,0.010008927,0.0,0.041495662,0.0,0.0,0.0054163295,0.00467174,0.0,0.027812881,0.010085014,0.024310397,0.025531344,0.023598012,0.0034664567,0.0,0.023546947,0.005688447,0.008492515,0.021627167,0.005963698,0.0064503853,0.02237225,0.0055059334,0.016156679,0.018682688,0.016516753,0.0023354844,0.0010975248,0.011405022,0.0064008557,0.003692209,0.0021281762,0.014583545,0.0,0.0,0.0073366873,0.031354975,0.0040868195,0.0,0.0,0.015034784,0.0,0.0,0.0009689671,0.0,0.008728588,0.0062873336,0.0,0.0,0.0,0.005002155,0.008384559,0.0068407007,0.0,0.0011336193,0.016565304,0.0076912898,0.008443637,0.0040600635,0.0060944594,0.03533261,0.0020109818,0.0,0.0040056943,0.0071913544,0.0072663645,0.0053237793,0.001781071,0.0025634961,0.006261724,0.006649525,0.009715252,0.0014170683,0.015350523,0.0065995245,0.0,0.00928693,0.011350713,0.0,0.0,0.005665373,0.0056066443,0.03387042,0.0009522226,0.0,0.0,0.0,0.0,0.0,0.0,0.0,0.020792186,0.03448029,0.0,0.0,0.0,0.0,0.0,0.0,0.006480893,0.022857906,0.0,0.0,0.0,0.0,0.0,0.0,0.0,0.0,0.0034119731,0.0054398016,0.0,0.0037091984,0.0,0.0,0.0,0.0032964884,0.0021629818,0.0,0.0,0.0010711346,0.0,0.0,0.0,0.0,0.0,0.0,0.002799957,0.0,0.00073723105,0.0,0.0,0.0,0.0,0.0,0.0,0.0,0.0,0.0,0.0,0.0
202210,0.016306808,0.020239558,0.0,0.0,0.02848426,0.0,0.0032338449,0.001740522,0.008023069,0.0,0.0,0.013351299,0.02176596,0.073843606,0.0,0.0172626,0.0,0.03221726,0.005780681,0.0,0.003045395,0.0073791966,0.0,0.03311259,0.0,0.0,0.0009625182,0.0047828406,0.0,0.020837491,0.0089272335,0.018752262,0.021439662,0.035781372,0.0020455676,0.0,0.022323804,0.043230172,0.006485996,0.022091096,0.0048176977,0.008549405,0.010709711,0.0050595524,0.0075777434,0.006453828,0.015031507,0.0016494087,0.0021601692,0.007760216,0.006242315,0.0026863413,0.002948675,0.010754978,0.05071565,0.017241301,0.0020977703,0.029356081,0.0,0.0,0.00068641227,0.0,0.0,0.0,0.0034852452,0.0,0.0042939447,0.004553932,0.0034534023,0.0018985562,0.0,0.0047509433,0.004735417,0.0048412723,0.0,0.003194383,0.013132906,0.0064236545,0.0,0.0008742602,0.004345642,0.0,0.011960798,0.0017194211,0.0042587775,0.0,0.006681674,0.004753298,0.0028807956,0.0031383743,0.0054936036,0.012030036,0.0045542917,0.0,0.015459921,0.0043208958,0.0022636799,0.012878589,0.009449531,0.0,0.0,0.0044076764,0.0042793113,0.0039530317,0.0,0.0016914486,0.0,0.0,0.0,0.0006717077,0.0,0.0,0.008759508,0.027494302,0.03544768,0.0,0.0,0.0012904339,0.0,0.0023541243,0.0060697286,0.007873312,0.0,0.0,0.0,0.0,0.0,0.0,0.0,0.0,0.0038712851,0.006676402,0.0,0.0032235836,0.021702128,0.0,0.0028914057,0.0036225049,0.0,0.00091900735,0.0019786225,0.002646848,0.0,0.0,0.0,0.0,0.0,0.0,0.0,0.0,0.00040323907,0.0,0.0,0.0,0.0,0.0,0.0,0.0,0.0,0.0,0.0,0.0
202211,0.020117974,0.010329923,0.0,0.002081689,0.032294452,0.0,0.0,0.0020182729,0.0,0.0,0.0,0.02038116,0.02880435,0.02951584,0.0,0.018539613,0.0,0.0,0.0,0.0035170503,0.008556388,0.010741293,0.0,0.052020177,0.0,0.0,0.0016748037,0.0043908004,0.0,0.026080662,0.0077473107,0.022315973,0.02629317,0.017751927,0.025148477,0.0,0.017790878,0.0030201399,0.008426456,0.023795824,0.005408241,0.005842811,0.007979231,0.0054529402,0.0025503477,0.0066000493,0.01636044,0.0014248261,0.0018350122,0.0158386,0.004194995,0.0,0.0045258305,0.02504241,0.0035660234,0.039619043,0.0048119477,0.032510493,0.0043458818,0.0,0.0,0.0024086398,0.013415155,0.0,0.0035231046,0.0,0.0039470745,0.006490877,0.0013739862,0.004706507,0.0,0.006827644,0.0075240824,0.004373353,0.0,0.00097142305,0.014908951,0.008244638,0.0064294096,0.0012588707,0.0069715255,0.04422984,0.0,0.0035330856,0.0,0.0,0.011135707,0.0058018724,0.002784792,0.0033326838,0.006234123,0.008587286,0.01248038,0.005977624,0.02273617,0.0056156013,0.008095032,0.009357284,0.0,0.0,0.0015057174,0.0021467465,0.0058142208,0.009556586,0.0010724794,0.0,0.0,0.0,0.0,0.0014945514,0.0,0.0,0.0030700606,0.029270696,0.02633364,0.0,0.0,0.0,0.0,0.0,0.010884732,0.0050624777,0.0,0.0,0.0,0.0,0.0,0.0,0.0,0.0051780646,0.0101035,0.0017323521,0.0111184735,0.001315339,0.0,0.0041628443,0.0,0.0,0.0016493365,0.0017209329,0.0,0.005678892,0.0,0.0,0.0,0.0,0.0018388061,0.0040428196,0.0,0.0,0.0007063517,0.0,0.0,0.0,0.0,0.0,0.0,0.0,0.0,0.0,0.0,0.0
202212,0.019822402,0.0058627855,0.0017228634,0.002251384,0.03570364,0.0,0.0,0.002147993,0.012087392,0.0015311048,0.0013142187,0.020445203,0.02857136,0.052623343,0.0,0.019058356,0.0,0.0028346125,0.007848144,0.0,0.00062339177,0.010865406,0.0021809752,0.058179047,0.0,0.0,0.0015148738,0.00403517,0.0,0.027185338,0.007850095,0.024194118,0.030097423,0.010304368,0.0,0.0,0.019674527,0.019400638,0.008462365,0.022656146,0.0064330134,0.0058580553,0.0034482747,0.005825831,0.0035037491,0.0,0.015439899,0.0018544699,0.0016376626,0.0,0.0039121103,0.0,0.0,0.009559455,0.0,0.004713447,0.0028875766,0.03238333,0.0037148192,0.0,0.0,0.003155164,0.025762027,0.0,0.0037527275,0.00037009324,0.00675676,0.008028314,0.0024126314,0.0,0.009129321,0.006987807,0.0023127683,0.0041087656,0.0,0.0012815673,0.013754714,0.010661736,0.0011528188,0.0013802618,0.006789516,0.040505175,0.005097611,0.003738182,0.0,0.0051375823,0.015861837,0.0066347104,0.0016437115,0.0039133774,0.0076266397,0.0127831735,0.01773008,0.0008034629,0.019134607,0.005867628,0.0069278167,0.007016277,0.0027414623,0.0,0.0,0.002056786,0.0045355037,0.00432339,0.0013232348,0.0009890394,0.0033619162,0.0017395504,0.0,0.0012677732,0.0,0.0,0.0036286057,0.03010315,0.040940892,0.0,0.0,0.0,0.0,0.001793525,0.009415459,0.0055245585,0.0,0.0,0.004828892,0.0,0.0,0.0,0.008677091,0.0,0.0065047536,0.0021789405,0.0,0.0,0.0,0.0005624654,0.0,0.0022751335,0.0,0.00213259,0.002357042,0.0032112135,0.004222057,0.0,0.003952497,0.0,0.0,0.012879875,0.0,0.0,0.0006894991,0.0,0.0,0.0,0.0,0.0,0.0013438751,0.0,0.0,0.0,0.0,0.0
202301,0.018423444,0.008295466,0.019086508,0.0,0.029453855,0.0,0.0,0.0017466106,0.01570565,0.0,0.00330584,0.021019546,0.02740381,0.063167416,0.0031003077,0.01923471,0.0,0.001432065,0.006403545,0.0,0.010791285,0.009789959,0.0042502056,0.0518294,0.0,0.0,0.0015399341,0.006080044,0.0,0.022632359,0.00693039,0.021747584,0.011098798,0.024846938,0.0,0.002612462,0.014179505,0.003339773,0.006633383,0.025392206,0.0053476724,0.013424693,0.007528985,0.009326307,0.0021775735,0.0,0.013436531,0.0,0.0,0.0,0.003554305,0.010303616,0.00536239,0.023891008,0.052219924,0.03681709,0.008296247,0.026029889,0.0,0.0,0.0,0.0016397173,0.0,0.01920182,0.0061212736,0.0033792625,0.0067151277,0.0056593865,0.0,0.0060967407,0.019004453,0.0052259644,0.0069586365,0.0021569326,0.0007629983,0.0,0.010750169,0.0053876643,0.0,0.0023991198,0.0050696046,0.032411974,0.0,0.0021458569,0.0,0.0,0.0038380602,0.0056655346,0.0023564126,0.0,0.0070339236,0.0070763635,0.0,0.0,0.011162056,0.0060859513,0.004995007,0.006754629,0.0,0.0,0.0,0.0031740987,0.0033287918,0.0062190187,0.0010476047,0.0011213133,0.002936648,0.0,0.0,0.0015595533,0.0,0.0,0.0028048311,0.027171895,0.0,0.0,0.0,0.0,0.0,0.0017343042,0.008929139,0.0039420803,0.0,0.0,0.004913885,0.0,0.0,0.0,0.0061567943,0.0,0.014347311,0.0016237869,0.0,0.0,0.0,0.0,0.0,0.0013031479,0.0,0.0,0.00096825766,0.0047334065,0.0,0.0,0.0,0.0,0.0,0.02674023,0.0,0.0,0.0,0.0,0.0,0.0,0.0,0.0,0.0,0.0,0.0,0.0,0.0,0.0
202302,0.01639037,0.0,0.015840558,0.0,0.028245974,0.0,0.0,0.0016341879,0.0105644,0.0,0.005818365,0.014654374,0.022575734,0.045142505,0.0,0.017804034,0.0,0.00491004,0.008504146,0.0,0.012632312,0.011942384,0.0,0.05399978,0.021369625,0.0,0.0017740127,0.0076770326,0.0,0.022535222,0.006769586,0.02047446,0.02272461,0.015116078,0.0017907545,0.0020246354,0.015242195,0.011241953,0.007919909,0.02482697,0.0047179414,0.011152239,0.0069145584,0.008596515,0.002085459,0.0028176296,0.014457791,0.0,0.013091034,0.0,0.003854831,0.0,0.009445804,0.0049014646,0.023748469,0.026042756,0.0052705435,0.029064538,0.0,0.0,0.0,0.0022428578,0.0,0.0,0.003922907,0.0,0.010707337,0.0057210512,0.02589987,0.0,0.0,0.0048402734,0.005428861,0.004159633,0.0,0.0,0.010737578,0.019981634,0.0,0.001987982,0.01027185,0.009556929,0.0073026265,0.00251697,0.0,0.0,0.0073592784,0.0068354076,0.00080975646,0.003413596,0.0068531344,0.008351832,0.0,0.0,0.012271211,0.0060275546,0.0,0.010679208,0.0,0.0,0.020541716,0.0050180946,0.0038930392,0.01512947,0.0016903906,0.0012013902,0.0,0.0055692405,0.0,0.0015615745,0.0,0.0,0.0027388714,0.030874671,0.0,0.0,0.010664604,0.0,0.0,0.0,0.007924408,0.0038446963,0.0,0.0,0.0,0.0,0.0,0.026263414,0.007055267,0.0,0.004503137,0.0015787743,0.0,0.0,0.00083304185,0.0,0.0058324784,0.006114724,0.0,0.0,0.0018223582,0.003055885,0.0025299632,0.0,0.0,0.0,0.0,0.023571694,0.0,0.0,0.0,0.0,0.0,0.0,0.0,0.0,0.0,0.0,0.0,0.0,0.0,0.0
202303,0.021329008,0.0,0.021298071,0.00035157017,0.0333799,0.0,0.0,0.0023670096,0.017636798,0.0,0.0,0.012625531,0.025204163,0.06567881,0.002531337,0.020040669,0.0,0.0,0.004496594,0.0,0.009468107,0.012360816,0.0,0.07148929,0.0049058585,0.0,0.0013709523,0.010824951,0.0,0.026800003,0.007262688,0.028312469,0.026491016,0.027989421,0.0031435352,0.0,0.017795643,0.005844033,0.008886734,0.03087393,0.006483472,0.010655002,0.011046294,0.00978385,0.0024859076,0.0,0.017326012,0.0,0.0,0.01497286,0.004802469,0.0,0.0049864915,0.01724168,0.005106472,0.020925071,0.00539241,0.033859864,0.0,0.0,0.0,0.0013279656,0.0,0.0,0.0048895287,0.0,0.01054918,0.0070133056,0.0,0.0,0.0,0.0063034184,0.0048357574,0.009164787,0.003175594,0.0,0.014328307,0.0065187356,0.0020480193,0.0021907473,0.009818587,0.0,0.0,0.0030420702,0.0,0.0051912875,0.0068923826,0.0060356283,0.0039386624,0.0049163257,0.008007039,0.008355478,0.0,0.0,0.017780757,0.0057077417,0.006828992,0.010179365,0.0026500223,0.0,0.0038987396,0.0042775664,0.0040336563,0.0018842404,0.0016853357,0.0,0.0,0.006736996,0.0,0.0016572225,0.0,0.0,0.008632787,0.035502158,0.0,0.0,0.0,0.0,0.0,0.0,0.010149209,0.0059722783,0.0,0.0,0.0,0.0,0.0,0.0,0.0077868616,0.0028047308,0.0,0.0020983801,0.0,0.004077633,0.024917636,0.0,0.0,0.0031797008,0.0,0.0,0.0026201224,0.0,0.00296266,0.0,0.0046257395,0.0,0.0019513959,0.0,0.0,0.0,0.0,0.0,0.0,0.0,0.0,0.0,0.0010285144,0.0,0.0,0.0,0.0,0.0
202304,0.02275166,0.003354309,0.02649211,0.0,0.028501544,0.0,0.0,0.0018525546,0.0033402543,0.0,0.0,0.0045304704,0.026056586,0.036360465,0.0019932531,0.023520228,0.0,0.00041170634,0.0030576328,0.0,0.0064634415,0.00777309,0.0,0.04794861,0.0005709221,0.0,0.0011566295,0.010243876,0.0,0.028763667,0.006982937,0.025134943,0.022690551,0.009153776,0.0019585427,0.0,0.013113512,0.004013002,0.009270129,0.023210756,0.0054302122,0.013923669,0.005986715,0.00833674,0.0023650385,0.0,0.014550968,0.0004098229,0.0051442273,0.00082080154,0.004256944,0.0,0.0038100567,0.028757604,0.045251902,0.021090407,0.0,0.026946424,0.0009453249,0.00072690065,0.0,0.013067885,0.024901723,0.0,0.0,0.024074787,0.008700884,0.005366942,0.0016207645,0.0043086833,0.0,0.0042251707,0.0015829119,0.0062239794,0.0077495775,0.0,0.013847195,0.01136707,0.0,0.001322921,0.007323989,0.0,0.021737084,0.0004826013,0.0,0.0010940861,0.008053588,0.004643044,0.0011191481,0.0014049357,0.005631788,0.0033637465,0.0,0.003703032,0.011343714,0.0090232175,0.0017299828,0.009666625,0.001440361,0.002502943,0.007993283,0.0046827127,0.0035768596,0.00093342416,0.0010136372,0.0,0.004758956,0.010985445,0.0,0.0019027905,0.0,0.0014288438,0.0048879096,0.028366135,0.0006962064,0.0,0.012557422,0.0,0.0,0.0,0.0052371523,0.0061084596,0.0,0.0,0.0039717657,0.0,0.007736504,0.025005674,0.0052786036,0.0,0.0013350869,0.0017896929,0.014363043,0.0,0.0,0.0,0.0031159048,0.0016272386,0.0,0.0,0.0013185857,0.0013054052,0.0016126258,0.0,0.0,0.0,0.0011706527,0.016606098,0.006584625,0.0,0.0,0.0,0.0,0.0,0.0,0.0,0.0,0.0,0.0,0.0,0.0,0.0
202305,0.02239683,0.018654402,0.021059858,0.0,0.022353688,0.0,0.019486457,0.0016934061,0.0019576387,0.019262984,0.00969411,0.018728638,0.03138091,0.02620185,0.0,0.02215778,0.0,0.0,0.006592498,0.0,0.0051443647,0.008496302,0.0,0.03732145,0.0,0.0,0.0023470651,0.009442335,0.0,0.027867151,0.0077715754,0.023708992,0.022320954,0.0024066186,0.0020894043,0.0029624852,0.011411504,0.009791096,0.012295905,0.024832912,0.0042422307,0.012848898,0.0053562815,0.008290313,0.0039096596,0.0,0.012961484,0.008580558,0.0013076762,0.0066876034,0.0049351016,0.0,0.006367551,0.0075992355,0.041397754,0.014074108,0.005117166,0.024733124,0.0,0.0,0.0029991907,0.0021612956,0.0053066285,0.0,0.006383027,0.0,0.00740392,0.0054215775,0.0,0.0,0.0,0.004270851,0.008736073,0.0063064066,0.0012558287,0.0056460793,0.0,0.007904806,0.0,0.00066601695,0.0085883895,0.033777136,0.017894365,0.0024855162,0.0,0.020087617,0.0071742604,0.0041362364,0.00075629266,0.002203545,0.005516318,0.005727052,0.0,0.0025871478,0.013681947,0.0064166756,0.0030421503,0.007502654,0.0,0.0024772428,0.0,0.01202375,0.0036792785,0.029482156,0.005326538,0.0035868334,0.0069380277,0.0,0.0,0.00160492,0.0,0.00061675155,0.0032114002,0.028618682,0.0,0.0,0.0,0.0,0.0,0.0,0.0061569302,0.0040875636,0.0,0.002883716,0.0,0.0,0.0,0.0,0.006423258,0.0024843386,0.012259541,0.0015289366,0.0,0.0020252247,0.0,0.0,0.0,0.0035570506,0.0,0.011790117,0.0,0.0005737224,0.00068729825,0.0,0.0,0.0,0.0016924179,0.011950007,0.008055361,0.0,0.0,0.0,0.0,0.0,0.0,0.0,0.0,0.0,0.0,0.0,0.0,0.0
202306,0.022225793,0.0052421037,0.017527107,0.0,0.025367642,0.0,0.0,0.0022313436,0.0041927784,0.012695749,0.0,0.016504921,0.027954472,0.059300754,0.0,0.021780545,0.0,0.0,0.009397154,0.0,0.0017558032,0.007884626,0.0,0.03665475,0.0,0.0030927344,0.0012853972,0.0092758145,0.0,0.026386091,0.007729268,0.021263227,0.020117119,0.010218212,0.0030473878,0.0,0.012975901,0.008928561,0.013116668,0.02514111,0.0044970745,0.015645629,0.0,0.007751117,0.00239169,0.0020773553,0.015135013,0.01131442,0.001826911,0.0070534316,0.004990843,0.0,0.0054785484,0.003322445,0.05163889,0.026096253,0.0,0.020696193,0.0,0.0,0.0025758485,0.008429798,0.0057183118,0.0,0.0010927159,0.0,0.0052531823,0.004885491,0.00077554473,0.0,0.0,0.004244186,0.0050518056,0.00446318,0.0044717696,0.0,0.0120595535,0.004506152,0.021030486,0.0032650551,0.008047048,0.0,0.003532523,0.0030412888,0.0,0.012065523,0.0053822356,0.0040490655,0.0071672862,0.011455009,0.0063240402,0.0058996105,0.0,0.0,0.012348505,0.010212032,0.0,0.0092182215,0.0,0.00233697,0.0034662494,0.007899205,0.004604935,0.011143071,0.0010171884,0.0,0.0052017393,0.0,0.0,0.0016960397,0.0,0.0,0.0040925783,0.03093368,0.047428213,0.0,0.011428232,0.0,0.0,0.015726212,0.0048157983,0.004316388,0.0,0.0,0.0059462683,0.0,0.007906729,0.0,0.0030859779,0.0,0.008915072,0.001710975,0.0,0.0,0.0,0.0,0.0039749276,0.0016676019,0.0,0.009986181,0.0,0.00092553964,0.0,0.0,0.0,0.0,0.0,0.0,0.0,0.0,0.0,0.0,0.0,0.0,0.0,0.0,0.0,0.0,0.0,0.0,0.0,0.0
202307,0.026306143,0.0,0.020162042,0.0,0.025237555,0.0,0.005217378,0.0017537687,0.02047121,0.009344853,0.0024026325,0.012726695,0.032820746,0.050459743,0.0006233798,0.022583723,0.0015706022,0.0,0.0018439116,0.0,0.0027903223,0.0059063584,0.0,0.038613092,0.0,0.009840486,0.002296893,0.0023198605,0.0,0.026729586,0.006817088,0.020537298,0.020482892,0.00129377,0.014644273,0.0034828437,0.012236692,0.0024219686,0.0079040015,0.01892144,0.004935033,0.009497887,0.0027881118,0.0061933678,0.0030338417,0.0022911343,0.016880656,0.032679632,0.006594483,0.010660424,0.0049865255,0.010313299,0.003528859,0.005047428,0.03892332,0.0,0.005572935,0.018506626,0.0,0.0,0.0,0.0070486227,0.0,0.0,0.0035329857,0.01784205,0.009331306,0.007869043,0.0011008132,0.0,0.0,0.005933599,0.013674499,0.0030770244,0.0,0.0,0.015411763,0.009968087,0.0,0.004107901,0.006319447,0.0,0.0,0.0006276672,0.0,0.016981386,0.0051857904,0.0045830323,0.0013284899,0.0026195883,0.005402018,0.003422386,0.0,0.0,0.01007211,0.011886553,0.0030266163,0.007843927,0.0013170382,0.0013257985,0.01780309,0.0034332331,0.0037557564,0.0011323604,0.0012839767,0.0014552996,0.004413638,0.0,0.0,0.0014553939,0.0,0.0012563044,0.0047134203,0.028032465,0.0,0.0,0.011440064,0.0,0.0,0.0013731387,0.006174199,0.0051256823,0.0,0.0,0.0,0.0,0.007294398,0.0,0.0054343203,0.017035503,0.0071279043,0.0017618047,0.020617772,0.0023399247,0.0,0.00719513,0.002655721,0.0014927547,0.0028033461,0.0,0.0011941509,0.0016868359,0.0,0.0,0.0,0.0,0.0019563448,0.024497325,0.0080223745,0.0,0.0,0.0,0.0,0.0,0.0,0.0,0.0,0.0,0.0,0.0,0.0,0.0
202308,0.029639883,0.0007776342,0.017294006,0.0,0.027841702,0.0,0.0,0.009497177,0.0,0.0,0.0011862371,0.017818779,0.035769,0.056728918,0.004020965,0.02433975,0.001977084,0.0,0.002082199,0.0,0.026636321,0.0068067987,0.0,0.042242546,0.0,0.0,0.0021657434,0.008277641,0.0,0.028858712,0.008502236,0.024416625,0.023546005,0.020597188,0.0012509292,0.0035162168,0.015077883,0.0015951819,0.012664143,0.019773778,0.006704484,0.009934089,0.002977526,0.007778053,0.0024274718,0.0024249393,0.01946332,0.0,0.006577638,0.008156736,0.0052260915,0.0019767832,0.004293251,0.003955867,0.0035439916,0.059317738,0.0068489546,0.0211248,0.0,0.0,0.0,0.0,0.0,0.0,0.005629799,0.00388613,0.010487673,0.0071066343,0.0,0.0,0.0,0.0075166887,0.0037977144,0.004360555,0.0,0.0042355885,0.010032028,0.003780364,0.0,0.004294671,0.00778306,0.021120744,0.0,0.0012823279,0.0,0.0,0.010454115,0.004512807,0.0016059963,0.0032317755,0.0061632367,0.0067787347,0.0,0.0,0.010448971,0.004909829,0.0053326255,0.009796225,0.0,0.000767126,0.0,0.0042448775,0.00740507,0.0033164627,0.000814985,0.0012364744,0.0015624915,0.004640818,0.0,0.0012427997,0.0,0.0,0.0037987279,0.030231534,0.0,0.0,0.0121789845,0.0,0.0,0.0,0.006591961,0.005329942,0.0,0.017036645,0.0,0.0,0.0,0.0,0.0076050977,0.0,0.023250483,0.0018148407,0.012293269,0.00094319443,0.0,0.0,0.0045829513,0.0062548155,0.0,0.011219602,0.0,0.0012262971,0.0,0.0,0.0,0.0,0.0,0.024229264,0.0,0.0,0.0,0.0,0.0,0.0,0.0,0.0,0.0,0.0,0.0,0.0,0.0,0.0
202309,0.036619615,0.003526119,0.010774106,0.0012696891,0.038238224,0.0,0.0,0.0011428685,0.050543644,0.00053999777,0.0425166,0.016817199,0.04602066,0.0001115745,0.00020696527,0.033177976,0.0023966483,0.0020862818,0.0035009522,0.0,0.0037298112,0.0077291583,0.0,0.052235898,0.0,0.00015716508,0.0025218641,0.0043694847,0.0,0.039341442,0.00933894,0.038109977,0.028201545,0.002655574,0.001845245,0.0,0.018610457,0.00243341,0.01822059,0.018208228,0.0075632706,0.01168658,0.0,0.010331873,0.0046607787,0.0,0.015305189,0.0,0.0048515145,0.017889488,0.011129235,0.0014088096,0.006971415,0.00086562044,0.05891086,0.009593454,0.0,0.021994764,0.0,0.0,0.00090853526,0.010055621,0.0050439877,0.0,0.0,0.0,0.015590502,0.0071524987,0.0034830226,0.0,0.0073246136,0.0057640164,0.0062664086,0.009312729,0.0008720536,0.0012531528,0.03810864,0.0024192445,0.0,0.0057359203,0.00884046,0.0,0.0,0.00088381843,0.0,0.0,0.005970282,0.0037513871,0.0013533351,0.0036285468,0.0071067377,0.0035325163,0.0,0.0,0.01692586,0.011829693,0.0009004034,0.003743323,0.0,0.0,0.0,0.0028878385,0.0008547146,0.0078472365,0.0,0.0018220292,0.009613374,0.010375471,0.0,0.0019377777,0.0,0.0,0.0034323565,0.010163912,0.000434589,0.0,8.4868494e-05,0.0015024754,0.0029014593,0.0,0.0060651223,0.006106565,0.0,0.0,0.0,0.0,0.0,0.0,0.0,0.0010957993,0.00571846,0.0,0.0016177282,0.00079971395,0.0,0.0026311497,0.0034648166,0.0021616323,0.0,0.0,0.00121791,0.0014374624,0.0,0.0,0.0,0.002772867,0.0004959199,0.0,0.0,0.0,0.0,0.0,0.0,0.0,0.0,0.0,0.0,0.0,0.0,0.0,0.0,0.002438755
202310,0.03332507,0.0010446045,0.018995488,0.0,0.028554905,0.0,0.0007087855,0.017326804,0.03962588,0.008080353,0.0,0.009942601,0.030651005,0.031815194,0.0027005617,0.032262646,0.0011740543,0.0,0.0012723703,0.0,0.005658426,0.005513365,0.0,0.0384139,0.0,0.0,0.0062578893,0.0033414387,0.0,0.029435003,0.007844377,0.026603973,0.020789402,0.0016730801,0.0013529625,0.0,0.0126165915,0.004692977,0.009070944,0.014162331,0.0035898169,0.01918272,0.0022468532,0.00691153,0.002358416,0.002384469,0.017327748,0.0,0.0023893856,0.007804466,0.0062581436,0.0018548279,0.006036267,0.028049938,0.055289652,0.062118784,0.006853326,0.017342804,0.0,0.0,0.0,0.0015845102,0.0030240081,0.0,0.019466158,0.0027287272,0.0123976115,0.004611396,0.0011203208,0.002405352,0.0018095059,0.0029233033,0.016164089,0.0041842232,0.0,0.0077410364,0.016980305,0.014785885,0.0012930769,0.0036916684,0.006693295,0.0,0.0,0.000984168,0.0,0.0,0.0039571207,0.0055365916,0.0035516524,0.0030565576,0.004665658,0.0023121303,0.0,0.003086787,0.012069464,0.013348598,0.001841626,0.008071913,0.0017937123,0.010003372,0.0,0.006504598,0.0027309011,0.014302974,0.0,0.0013668238,0.008973916,0.0,0.0,0.0014047303,0.0,0.0,0.014702216,0.024781281,0.0,0.0,0.0,0.0,0.0,0.0,0.003291639,0.00542518,0.0,0.0,0.0,0.0,0.0,0.0,0.0,0.0012588511,0.006234649,0.0013065034,0.0,0.0,0.0,0.0,0.0,0.0016517605,0.0,0.0,0.002207424,0.001315923,0.0,0.0,0.0009497494,0.0,0.0021656917,0.0,0.007270162,0.0,0.0,0.0,0.0,0.0,0.0,0.0,0.0013650799,0.0,0.0,0.0,0.0,0.0
202311,0.034843653,0.0016571546,0.0,0.0,0.031632677,0.0,0.0,0.0018692266,0.0,0.008225833,0.039767098,0.0056249113,0.03396935,0.039699916,0.0036670135,0.034004614,0.0,0.0015683512,0.0017578043,0.0,0.019291267,0.0062595448,0.0,0.042323105,0.0,0.0,0.0062592793,0.011792969,0.0,0.030223733,0.010567746,0.026237143,0.02401222,0.0015874106,0.0013290443,0.0,0.015712267,0.006104805,0.009398063,0.015571921,0.014170595,0.018292194,0.0036604106,0.0074165156,0.001993689,0.0031441986,0.0159498,0.0,0.001791892,0.0043203547,0.0071576387,0.0020583076,0.005419028,0.022292215,0.056053165,0.023360215,0.0,0.018181643,0.0,0.0,0.0,0.0016228207,0.0029953483,0.0,0.002282977,0.0,0.014943669,0.005307691,0.0011333855,0.003359035,0.0,0.0038596182,0.01928754,0.004400819,0.0,0.00651869,0.0341453,0.0018107761,0.0016536518,0.0040544653,0.007234009,0.0011255647,0.0,0.0009461489,0.0,0.0,0.007355214,0.0067177587,0.005256578,0.0030077575,0.0050335466,0.0027002334,0.0011994974,0.0031563237,0.011486333,0.011851342,0.0009170383,0.011120989,0.0010357533,0.0,0.0,0.0054803398,0.0018004184,0.01330896,0.0,0.0,0.01521569,0.0,0.0,0.0012113648,0.0,0.0,0.0062443702,0.0,0.0,0.0,0.0,0.0,0.0,0.0,0.0038964255,0.005836688,0.0,0.006209142,0.0,0.0,0.007733643,0.029566403,0.00850185,0.0,0.005012614,0.0017583689,0.0013482202,0.0,0.0,0.0,0.0050418507,0.0057510026,0.0,0.0,0.0025550863,0.003020556,0.0,0.0,0.00054056663,0.0,0.0030114949,0.0,0.008324686,0.0008903832,0.0,0.0,0.0,0.0,0.0,0.0,0.0,0.0,0.0,0.0,0.0,0.0
202312,0.029447975,0.0015830529,0.0,0.0,0.02835529,0.0,0.0,0.0018691769,0.0,0.0,0.0015809444,0.015699307,0.03174419,0.046995237,0.0028302101,0.026218766,0.0,0.0,0.0029309792,0.0,0.0034940909,0.013164097,0.0,0.038406007,0.0007800355,0.0032133255,0.0022238877,0.0047097076,0.0028510515,0.0325007,0.009744395,0.022617536,0.02374927,0.032859426,0.0039705164,0.0,0.013171987,0.0015195911,0.01286317,0.020230189,0.004199926,0.015993578,0.007882709,0.008043921,0.0045464123,0.0038794328,0.01524414,0.0025442229,0.0029232013,0.008070033,0.005726306,0.0,0.0061531328,0.018340409,0.043101758,0.056696784,0.0,0.022771569,0.001128204,0.0020143534,0.0,0.008428624,0.0,0.0,0.0,0.0,0.012368916,0.0061450265,0.0,0.0,0.0,0.0034829425,0.02390859,0.00448557,0.0022004773,0.009081871,0.028097128,0.0054272483,0.0,0.0030162572,0.006125195,0.0,0.0,0.0,0.0,0.011106741,0.0047097695,0.0056537115,0.0013217392,0.003929626,0.0054667625,0.0042291754,0.0,0.0,0.014373686,0.010214653,0.0,0.013192137,0.0016058716,0.0029421353,0.0,0.004276809,0.0035433734,0.012403505,0.0009904946,0.0011244118,0.0,0.0,0.0,0.0015703576,0.0,0.0,0.012514673,0.030680018,0.0,0.0,0.0,0.0,0.0,0.0,0.0055375686,0.005506137,0.0,0.0,0.0,0.0,0.007210952,0.0,0.006676979,0.0,0.009347828,0.002030094,0.0023078916,0.002435136,0.015541055,0.0013468507,0.0049585686,0.0053691827,0.0,0.0,0.0,0.0012245397,0.0,0.0,0.0,0.0,0.0026896857,0.0,0.008615849,0.0,0.0,0.0,0.0,0.0,0.0,0.0,0.0,0.0,0.0,0.0,0.0,0.0
202401,0.0067267464,0.0028916283,0.0020786496,0.014314875,0.007697422,0.013762926,0.016462706,0.0059504188,0.0034412127,0.0020811162,0.0015715484,0.006826206,0.008010119,0.018557096,0.0029657348,0.010608214,0.000557073,0.022416983,0.0038422782,0.00024930845,0.0023086208,0.002979055,0.024420526,0.009865913,0.0030864473,0.0098246485,0.0011272262,0.00303783,0.0018598972,0.006087405,0.0050926046,0.0076323748,0.015468908,0.010235258,0.0045753876,0.0005150845,0.003891314,0.0032866974,0.0045668334,0.0067666597,0.0029849603,0.0027777308,0.0015853337,0.0026843615,0.001635046,0.024292022,0.005405688,0.0087599885,0.0017211299,0.0021102626,0.0025615115,0.040596966,0.002623903,0.0020846643,0.0031135273,0.006460269,0.0016405758,0.0043992545,0.004230389,0.0049921344,0.01646227,0.0016139955,0.011380626,0.0033645304,0.007861037,0.00041548925,0.0035024486,0.009950283,0.0032675425,0.00405352,0.0021596989,0.008647662,0.0037009476,0.0031179239,0.004350426,0.008561559,0.010423025,0.0056084553,0.0012426521,0.011962841,0.0017324359,0.0046039787,0.0010302872,0.0016594371,0.0029439314,0.004428317,0.022596493,0.00202295,0.003939249,0.0015522536,0.0013963465,0.0013856237,0.0030965027,0.0015997322,0.0051150834,0.002524196,0.0010845052,0.0049195215,0.0018126008,0.0016848553,0.025282014,0.0044248817,0.012135288,0.010259898,0.0129900025,0.0011811556,0.004056532,0.0017636246,0.0027313165,0.002642664,0.0011044742,0.0012343121,0.025347356,0.016446976,0.0,0.02353355,0.009093199,0.002361801,0.0005295294,0.0052842814,0.0016387344,0.015059512,0.0,0.00601185,0.0020808345,0.0,0.0052543706,0.001988558,0.0030423482,0.0006519957,0.0014471663,0.019656971,0.0010113819,0.0028817207,0.00088128494,0.002687214,0.0013440459,0.017053587,0.01050488,0.010657043,0.044619836,0.0016458052,0.0062390175,0.0,0.0013320212,0.022107666,0.0006226282,0.038705274,0.000873824,0.0,0.0,0.0010578589,0.0,0.0062447796,0.0028304015,0.0013811293,0.0011230039,0.0044490574,0.0015864124,0.0010646,0.0,0.00078440335
202402,0.007350545,0.0046830364,0.0028603845,0.0031533265,0.010073117,0.0045505734,0.006453097,0.0014651809,0.00792631,0.0025162653,0.0021021962,0.009217276,0.00910184,0.023967732,0.021483835,0.011587692,0.00088569464,0.012412913,0.0051776683,0.0,0.0025422347,0.0028748089,0.021349948,0.011217855,0.0036724573,0.0022161084,0.0012183791,0.0033019534,0.0018441349,0.0069967713,0.004841349,0.008894928,0.017656915,0.01205313,0.0027143678,0.0008853977,0.0043778922,0.0033196048,0.0057632974,0.007411057,0.002835002,0.0040544337,0.002135113,0.003785366,0.0051182504,0.0012452311,0.007929814,0.010155857,0.002358888,0.0013055056,0.0030317805,0.036035243,0.0030336704,0.0027455813,0.0037168586,0.009710991,0.0021948027,0.005363564,0.00043576135,0.0028098065,0.022347676,0.0032190883,0.018674402,0.0031992865,0.008713468,0.0016844234,0.0038751368,0.011400729,0.0036442105,0.0046164487,0.0036592074,0.024554402,0.002604858,0.0017267906,0.0027052958,0.006202667,0.010657613,0.008173929,0.0013313172,0.014643026,0.0013805523,0.0073489486,0.0033312428,0.0023819008,0.0024843,0.011549811,0.041472945,0.0038723936,0.0044752425,0.0014934803,0.0019244062,0.0026080864,0.004122936,0.0005906412,0.0049104546,0.0034717524,0.00074668124,0.0072885575,0.0012364242,0.0023641356,0.015629634,0.0033430238,0.014164248,0.012085685,0.0029128522,0.00071372703,0.005941226,0.0027184002,0.002389323,0.00061739195,0.0012600668,0.00051861745,0.015858416,0.012628755,0.002109647,0.0037261925,0.0038189979,0.0030123233,0.0,0.0,0.0018444118,0.017412601,0.0,0.0012855722,0.00228319,0.0,0.0056180167,0.018743608,0.0026972354,0.0007771867,0.0022378985,0.021895332,0.0022730886,0.0047289548,0.00095237035,0.00442957,0.0019778751,0.018749306,0.017639082,0.027597768,0.019984247,0.0018740706,0.014680705,0.0,0.0018642797,0.016584298,0.0009537091,0.0029462692,0.0012620452,0.0,0.005263513,0.0,0.0,0.01508393,0.0024511905,0.00074263924,0.0017748838,0.0051590973,0.0014301477,0.0010867573,0.0,0.0014549595
202403,0.006209759,0.008048707,0.0021132566,0.023732182,0.008581135,0.04700168,0.0035432912,0.004536517,0.0018851932,0.0016834419,0.0018393687,0.0029439002,0.008520565,0.013134612,0.006484387,0.010952111,0.0009539199,0.0009179939,0.0052350345,0.001069882,0.0027855507,0.002660642,0.014457964,0.00812093,0.002890178,0.0026947374,0.0011535824,0.002448953,0.0017711014,0.006857086,0.0035424363,0.00526555,0.014819547,0.0071498076,0.0054869005,0.0004562707,0.0034074145,0.0019052516,0.005143337,0.006074219,0.0023987303,0.003709078,0.0023492754,0.002425935,0.0056875385,0.0010028011,0.0048576477,0.03870808,0.002256676,0.0016484257,0.0025627133,0.023972454,0.0026001793,0.004683166,0.0031007356,0.006905312,0.0016349757,0.006491716,0.006790693,0.0040183533,0.018035728,0.0015698667,0.012072544,0.0027121746,0.005574709,0.0012738546,0.0032536045,0.006807128,0.0049445815,0.0039244727,0.0028266704,0.015177354,0.0023349628,0.0021081448,0.005669137,0.0031854408,0.0098464815,0.0043104505,0.0027359154,0.0059496,0.0017428708,0.0051369467,0.0013671577,0.0011543996,0.0024589442,0.009182762,0.015402388,0.0019341939,0.0031462354,0.0,0.0016788989,0.0033571627,0.0039136806,0.0023297812,0.0046654576,0.0017228652,0.0005367977,0.004671223,0.0013181252,0.0026448849,0.001313004,0.0040272325,0.008974042,0.008544047,0.005899672,0.0012798143,0.0028128498,0.0017410921,0.0015627512,0.0005679744,0.0012899918,0.00058718066,0.018251514,0.02976528,0.0006278522,0.028912693,0.0014249565,0.0,0.00069461047,0.0,0.0019673766,0.017354596,0.0,0.0020145865,0.002094227,0.03536752,0.0051512565,0.026938148,0.0012827315,0.00088095997,0.0011882456,0.0408808,0.0014641585,0.0028713825,0.00067234447,0.0054376596,0.0016985668,0.036177173,0.0060919723,0.00047788184,0.041772157,0.01276481,0.0058724834,0.0,0.0016852698,0.01766893,0.0003190819,0.012819382,0.0020089557,0.00042822558,0.00064021593,0.0,0.0,0.01253147,0.002372404,0.0,0.003898407,0.004508718,0.0012321159,0.0,0.0,0.0022288137
202404,0.0045273853,0.0007530837,0.0020322762,0.020019228,0.009153256,0.029682897,0.011049731,0.002878387,0.0034951582,0.003206598,0.0026757761,0.0035938343,0.007860608,0.021610107,0.0123928925,0.009586144,0.00030947244,0.0029913865,0.0052007455,0.0,0.0030206698,0.0024651457,0.012635751,0.0075750244,0.0024735127,0.016099516,0.000880515,0.0069762743,0.0015757529,0.0055851215,0.0045889174,0.005261913,0.015924329,0.009900691,0.0023293342,0.0010629249,0.0033840742,0.0017099535,0.0033718965,0.0056647738,0.0020139972,0.003766971,0.0014357568,0.001629132,0.0037923597,0.013465667,0.0034499662,0.044041023,0.002339308,0.0020319647,0.002522229,0.029372543,0.0023022315,0.013061005,0.0020569963,0.005728904,0.0020640132,0.006059001,0.0007128565,0.0021421493,0.029275747,0.0026615846,0.005425649,0.003261737,0.0038673293,0.0007757823,0.0034578848,0.0073315147,0.0029720066,0.004715964,0.00232872,0.00854373,0.002788556,0.0015489208,0.0042506154,0.0025114333,0.012238789,0.0010651222,0.002160565,0.0022498518,0.0013480338,0.0028827528,0.0008971305,0.001795431,0.002251529,0.005709953,0.01691335,0.00231758,0.003814476,0.0004466297,0.0014222529,0.0015723871,0.0034719044,0.001699763,0.0044203857,0.00217704,0.00053519197,0.0044924906,0.002918351,0.0016209951,0.040037222,0.002435947,0.007936974,0.004455299,0.0063501173,0.00095940224,0.0023042166,0.0025577445,0.0014089142,0.0011367088,0.00021148565,0.0008263986,0.024909437,0.03089901,0.0,0.03083646,0.0013899907,0.0018785287,0.0,0.0,0.0018400266,0.016904682,0.0,0.00062675274,0.0014370625,0.0,0.0045549637,0.0020301302,0.0015713366,0.0007511777,0.0010848433,0.06122453,0.0014195215,0.000894817,0.0007604918,0.0021555882,0.0016440027,0.0325331,0.012006095,0.0012533453,0.032664064,0.002826967,0.0070009003,0.0,0.0020545411,0.02311483,0.0005118475,0.03325778,0.0004440498,0.0005000185,0.0,0.0,0.0,0.0038376423,0.0020908965,0.0013183103,0.0020760186,0.004088614,0.0012414006,0.00092328765,0.0,0.0011903314
202405,0.0047929697,0.0049003116,0.0019971058,0.013293351,0.008961727,0.011796007,0.0037018643,0.0034603057,0.006439013,0.0015926913,0.0017373109,0.0040739966,0.007551709,0.02077184,0.0015789657,0.010057331,0.00019433105,0.0019958946,0.003320395,0.0,0.003314525,0.0030477003,0.013977691,0.007566382,0.0018188299,0.001860587,0.0009729949,0.003959863,0.0016415621,0.0057530566,0.0042808927,0.0050202715,0.013382566,0.009652768,0.00496898,0.00045260895,0.0034100395,0.001894348,0.003926648,0.005202949,0.0032027264,0.003794174,0.0018678238,0.0018502699,0.0035553223,0.021978024,0.003879098,0.0418809,0.0022639981,0.0026675276,0.0026924429,0.020695735,0.0023116798,0.009332567,0.0020800156,0.0072000003,0.0018068601,0.0056076976,0.00034382413,0.0037340703,0.014422007,0.0016044691,0.010419375,0.0027389089,0.0031646804,0.0015100043,0.0032770273,0.0074902847,0.0032116706,0.0041790963,0.0022493985,0.007676844,0.0029085912,0.0013063549,0.0043192403,0.0029796571,0.008558332,0.003566265,0.0030017262,0.003132617,0.0012803735,0.003907518,0.0010368208,0.0017708178,0.0022144937,0.0035372933,0.025851386,0.00265846,0.0018071258,0.00031937426,0.0014576026,0.0021354135,0.0030173282,0.00068502786,0.004248813,0.0026566428,0.002809527,0.0029871294,0.002109132,0.0047648354,0.02441663,0.0033371723,0.0060063214,0.005411642,0.0016964435,0.00026504937,0.009772165,0.0020790237,0.000966056,0.00035371078,0.0009591546,0.0015585579,0.021989388,0.02799978,0.0008426406,0.028930424,0.0009564933,0.0012362573,0.0,0.00046739847,0.0017938741,0.008428912,0.0006156245,0.0019895912,0.0015701029,0.08754115,0.0045355647,0.01903332,0.0019897209,0.0011153015,0.0016706113,0.055919465,0.0011327574,0.00081920746,0.0024210867,0.0020783716,0.0015131925,0.030976769,0.022077128,0.0019659798,0.024137376,0.002358929,0.014812306,0.0,0.003021091,0.020372218,0.0007591581,0.009581137,0.0017335444,0.0,0.00017036793,0.0023523278,0.0,0.005338095,0.0020863716,0.0011415024,0.0019020769,0.004502825,0.0011786211,0.0,0.00057147513,0.0015097952
202406,0.005846344,0.020896234,0.0023109312,0.02130177,0.011318135,0.0020398276,0.0051994976,0.004952196,0.004266727,0.0026699458,0.002242001,0.0038668797,0.008158927,0.014010857,0.0031870664,0.01086082,0.0013664083,0.0015167479,0.005752649,0.0,0.0021170962,0.0026494206,0.021255536,0.009827722,0.0020711978,0.0024930614,0.0011285895,0.0050927033,0.0018539053,0.006860919,0.006175443,0.006226752,0.021117708,0.0056777773,0.0070844195,0.0,0.004347066,0.0023575842,0.006465812,0.006954,0.0034606731,0.004603071,0.0024962106,0.0022074254,0.0042221365,0.019225717,0.004227581,0.050169155,0.002842685,0.010978243,0.0032399602,0.016666045,0.0027630622,0.007509527,0.0030459017,0.003231877,0.0022090352,0.0059812595,0.009300136,0.004364562,0.0033772779,0.0024475367,0.008515863,0.003718922,0.0043407558,0.0012175436,0.0035499302,0.0064561157,0.0026954315,0.006705189,0.0024375594,0.008924023,0.0029290714,0.0013843243,0.0036985185,0.0050668363,0.012107826,0.0007937147,0.002543914,0.006208689,0.0015036283,0.005448423,0.0027804854,0.0022976662,0.0015298784,0.015854156,0.033337392,0.002050725,0.002711995,0.0013385906,0.0016941205,0.002210175,0.002203228,0.00039160886,0.0044347825,0.0024082295,0.00051616813,0.002679134,0.0011930687,0.002534085,0.045325156,0.0024026937,0.0026728981,0.0088372035,0.0024733252,0.0010561144,0.006355809,0.0021920411,0.002595298,0.003812896,0.0005965708,0.0004208039,0.007842258,0.03711433,0.00061409164,0.039790668,0.0012514413,0.0018969972,0.0,0.0,0.0027442486,0.018369699,0.0,0.003738336,0.001964289,0.0007442574,0.005077868,0.0035455269,0.0014162584,0.0017450011,0.002786481,0.036124684,0.0018766202,0.0015512855,0.0019591954,0.0016615503,0.0019408129,0.048199262,0.008490582,0.0010739255,0.019958096,0.0011367941,0.008182009,0.0,0.0039341403,0.015083011,0.0019666424,0.013090595,0.0009709968,0.0029572675,0.0,0.0039308886,0.0,0.006473586,0.0020811027,0.0019376682,0.0016003833,0.0057593277,0.0014008693,0.0010955494,0.0,0.0016791105
202407,0.0049341815,0.00065499253,0.002519878,0.008540446,0.010533216,0.032232933,0.0021723057,0.0017418787,0.0041790227,0.0012127762,0.0029783933,0.0037849857,0.007351755,0.025612054,0.001830486,0.0104144085,0.0005853815,0.0046308353,0.0053190347,0.00048087115,0.0015370098,0.0025991134,0.016680729,0.009922957,0.0020274303,0.0027084867,0.001625082,0.0042277435,0.0017292176,0.0066253706,0.0049032923,0.0068145776,0.018255595,0.012376108,0.0024880646,0.0039908085,0.0038855604,0.002164791,0.004221062,0.0066757817,0.0029313043,0.004157315,0.0012908444,0.002532099,0.005575141,0.037946984,0.004550664,0.042563394,0.0024021626,0.006625408,0.0033694946,0.009429651,0.0026954494,0.0020062886,0.0024309587,0.007609242,0.002075786,0.0051847002,0.005577449,0.0022907332,0.01917041,0.0027480382,0.010481234,0.0033853562,0.0016623177,0.00057485193,0.0032130708,0.008639015,0.0036147167,0.0046329396,0.0020883675,0.0066198595,0.0046420502,0.0017925219,0.0026123382,0.0075768917,0.010611539,0.0037413246,0.0020201956,0.005126478,0.0013591949,0.0037413,0.0019624552,0.0024884513,0.0032956281,0.01795127,0.04127677,0.0013514044,0.00283649,0.0010082137,0.0018856577,0.0018856054,0.0030322862,0.0022734508,0.004995901,0.002461921,0.0005504445,0.0024330216,0.0019415063,0.0040709837,0.0013735399,0.0024780692,0.0042634737,0.0067245094,0.004780117,0.0005881637,0.003931759,0.0028257319,0.004154964,0.0008978338,0.0008866096,0.00128926,0.024350764,0.035495214,0.0013520635,0.03487567,0.0018711436,0.0042503034,0.0,0.00044676065,0.0028976786,0.01305467,0.0,0.0032614307,0.0024489446,0.0006543713,0.005176898,0.00095377356,0.0029765484,0.00075078936,0.0014543289,0.08015479,0.0013033833,0.0013867614,0.000769411,0.0024741061,0.0029932153,0.038093958,0.014841762,0.0011848372,0.0111901155,0.0035878203,0.008215068,0.0,0.0030712953,0.007317263,0.0023949684,0.021037783,0.0010792888,0.0,0.0058750533,0.0,0.0,0.0,0.0026412914,0.0019253241,0.000747245,0.0043648398,0.0011916407,0.001020654,0.0005616711,0.001941961
202408,0.00590215,0.0034143853,0.0031644949,0.012842225,0.012910714,0.00217365,0.0032273596,0.0045468486,0.006258283,0.0065713692,0.0031381412,0.0044455174,0.008737199,0.023234066,0.0055590183,0.010759618,0.0012817857,0.0005213353,0.0046133623,0.0008165105,0.0027201087,0.002804937,0.020465702,0.008412565,0.0030312834,0.0011680562,0.0016330493,0.0026046447,0.0019283043,0.006146951,0.004863924,0.007759524,0.01092405,0.007515199,0.0057071974,0.0006717465,0.004319544,0.002920373,0.0035855556,0.0068956604,0.002965515,0.0041834516,0.0019881832,0.0023326536,0.0035836978,0.044833925,0.0049866145,0.036634535,0.0052262302,0.0021964412,0.0033282673,0.009146443,0.0028504902,0.0038403424,0.002307271,0.0035354085,0.002855719,0.006420913,0.007964243,0.0034965635,0.008175594,0.00048576194,0.012880992,0.0038026092,0.007544509,0.0,0.0035649112,0.011274508,0.0032145905,0.004814991,0.0045532337,0.004405191,0.0035612576,0.0013928331,0.0022540432,0.0061294436,0.015631685,0.0013149572,0.0012789151,0.007551073,0.0012934967,0.0029845515,0.0018137702,0.0021962216,0.002502271,0.013131154,0.035420373,0.002180725,0.003954528,0.00080368033,0.0020517318,0.0034530088,0.0043446203,0.0014197845,0.00480047,0.0020699543,0.0012953881,0.002791399,0.0020957876,0.003450705,0.05627002,0.0042195558,0.0017998578,0.0060949614,0.0025423479,0.0006755818,0.0040340917,0.0028096566,0.0016932471,0.0018035005,0.0016133542,0.002168535,0.014085803,0.035247438,0.00197326,0.046630178,0.0,0.0014012455,0.0007621401,0.0,0.0031086975,0.010359901,0.0,0.00069224084,0.0020224736,0.00075765525,0.005213911,0.0018547879,0.0007486823,0.001105819,0.0018500345,0.053739216,0.0018822638,0.011421288,0.00094502344,0.0027086653,0.0018867165,0.022936506,0.00828894,0.00082364853,0.0256576,0.003691003,0.011657044,0.0,0.0013768265,0.015329918,0.0008568439,0.018503616,0.0021108796,0.0,0.00050641596,0.0021352903,0.0,0.0033089619,0.0039344886,0.0,0.0016763434,0.004746896,0.0011180242,0.0011117728,0.0,0.0013488356
202409,0.0070142965,0.013194987,0.0033122508,0.034492496,0.012693362,0.0013958872,0.0036978957,0.004289683,0.0037997128,0.004246152,0.0032201472,0.0054260134,0.009636845,0.02443127,0.0015474,0.012189267,0.0031140153,0.0030166474,0.004575901,0.0012356426,0.0028489167,0.004287981,0.03545165,0.008369533,0.0033513121,0.0008955531,0.0026483184,0.0024914145,0.0020931428,0.0068238718,0.0050906423,0.007057093,0.023507267,0.013339944,0.003632784,0.001014406,0.003996014,0.0032864045,0.005150143,0.0064897346,0.0024704335,0.0046455613,0.0018212035,0.0020824948,0.004797036,0.042393506,0.0066773454,0.040499706,0.0103308,0.0130298715,0.0028994996,0.029478073,0.002697227,0.004837349,0.0019304719,0.0030503594,0.0029959646,0.00536419,0.00041210433,0.0045926403,0.0055720014,0.005692086,0.007406877,0.0037049567,0.0023269532,0.0070827752,0.003520197,0.0059735156,0.0030187655,0.0058616563,0.0026643416,0.0033815452,0.0026208982,0.00094037695,0.00335398,0.005190681,0.0105724605,0.00345896,0.0026771862,0.0033580812,0.001801675,0.0041284026,0.0016097965,0.0018259722,0.0027606802,0.0076562236,0.037170753,0.0038232408,0.0037806074,0.00069514214,0.0021697816,0.002537344,0.00418968,0.0014820535,0.00444059,0.0028771586,0.00067184184,0.0029720536,0.0028964265,0.00393762,0.0046456377,0.0034902967,0.0,0.00523885,0.025317457,0.0005275643,0.004844473,0.0029354498,0.0052257054,0.0,0.001177902,0.00077230093,0.014368065,0.040096816,0.0007616857,0.024495276,0.0020414821,0.0026200244,0.0,0.0,0.0019443006,0.008970054,0.0,0.0007591785,0.0021870742,0.0007327568,0.0045726905,0.001630619,0.0145189455,0.001433216,0.00067051075,0.049849235,0.00095766224,0.0005927366,0.0011118548,0.0023702034,0.0016616966,0.03476336,0.003938932,0.00087928184,0.0020579637,0.0044951728,0.008046269,0.0,0.0018607407,0.012258477,0.0005326555,0.008383752,0.00031273763,0.000132157,0.00072628586,0.0016693937,0.0,0.0056558982,0.0030992003,0.002381452,0.0017756923,0.004555975,0.0009455896,0.0012119003,0.0,0.0006282021
202410,0.0065416377,0.004170498,0.0044997972,0.004189983,0.013052831,0.004038498,0.004173207,0.0018821742,0.008601295,0.005187136,0.0027910208,0.004003704,0.011249451,0.026299426,0.0030885905,0.012319826,0.00056229817,0.0038942334,0.005709554,0.0,0.004649102,0.0037239029,0.034868713,0.010684868,0.0030458185,0.0018243239,0.0023106122,0.005405782,0.0018846889,0.007271254,0.0073242453,0.0076214965,0.013239491,0.010614987,0.004977326,0.0012072652,0.0045086583,0.0029531294,0.0050691115,0.006826372,0.0039755916,0.004730213,0.0021461833,0.0017514108,0.0044017173,0.020298477,0.009114701,0.047596212,0.003610126,0.0036215927,0.0027983296,0.03524025,0.0032373087,0.0044218036,0.0005664607,0.0034588107,0.003242646,0.006154067,0.0004271434,0.004470954,0.008110726,0.002397809,0.00911675,0.0032359844,0.0028044758,0.0005168067,0.0038961142,0.006267641,0.003992,0.006890096,0.002834775,0.007829704,0.002338562,0.0017131597,0.0018350016,0.007431379,0.008813556,0.005932509,0.0014969542,0.0027564054,0.0019852712,0.0043322095,0.0014745714,0.0025351439,0.0047773523,0.0054379734,0.041966405,0.00248429,0.0052148155,0.00067595294,0.0021723988,0.001933328,0.0047011487,0.0026099898,0.0052503087,0.002244322,0.00069469336,0.0035289929,0.0016996753,0.003926558,0.044007137,0.0024320683,0.0035892653,0.004743706,0.014984284,0.0009718503,0.0054323296,0.0013848831,0.0017507337,0.0023870964,0.0014045107,0.0010786297,0.0033508409,0.048651602,0.0020487446,0.024994418,0.0011523551,0.0031206284,0.0,0.0,0.00328402,0.006755914,0.0,0.001239041,0.0025003701,0.0009473602,0.0053546075,0.0027871567,0.0025813705,0.0012662177,0.0009101368,0.060962185,0.0017436193,0.0010113344,0.0005555035,0.0037563224,0.004801464,0.00913502,0.0046977736,0.007532485,0.011813358,0.003207004,0.008391681,0.0,0.0033660596,0.0141613735,0.0016755026,0.014138342,0.0,0.0006678694,0.0039854,0.0024765732,0.0,0.006454359,0.002364187,0.0018775574,0.0015912958,0.0054167183,0.0010635781,0.001038254,0.0009665627,0.004651282
202411,0.0061392453,0.007906164,0.0034362348,0.024572495,0.011682024,0.008086847,0.0101456195,0.002262283,0.003924476,0.0039441693,0.002789432,0.003757631,0.008241772,0.029555868,0.0040195296,0.01073076,0.0005459753,0.0033027905,0.0055556875,0.0010382505,0.0029521172,0.0031921149,0.026901657,0.0089739775,0.006395056,0.0015234507,0.0014020267,0.003868844,0.001988326,0.0057922006,0.010006967,0.008396455,0.012187806,0.01065795,0.003036888,0.0014382666,0.003810265,0.0026588938,0.0043220185,0.006097385,0.0024983936,0.004110375,0.0019262593,0.0022389388,0.0033463147,0.024136463,0.0072359284,0.03659703,0.0035782796,0.012523262,0.0025342675,0.011108084,0.0027800698,0.008819361,0.002498568,0.0035291584,0.0031003493,0.005475548,0.0012049341,0.004513719,0.027693054,0.0026775096,0.008659281,0.0033063558,0.0022684613,0.00035994625,0.0036295888,0.009222627,0.005577621,0.005360162,0.0019129958,0.0041087577,0.0030352392,0.0012973459,0.003454795,0.00400004,0.0088404985,0.0028582525,0.0025700824,0.0023923074,0.002385625,0.004083227,0.0009545202,0.0022770765,0.0022156031,0.0039465963,0.024651065,0.0022698971,0.002653444,0.00051723246,0.0014594853,0.0023756232,0.0043392982,0.00071171037,0.0051142806,0.0024076584,0.0011503453,0.003621254,0.00308339,0.003336063,0.033544168,0.002890464,0.001601567,0.002994995,0.010947022,0.001018792,0.005429215,0.0015426434,0.0027974995,0.00077697734,0.0029298281,0.0016942879,0.016398747,0.040469702,0.0011654987,0.025190426,0.0011341182,0.0026739943,0.0,0.0,0.002102267,0.007493011,0.0,0.0032464,0.0021226618,0.0006981996,0.004460277,0.002546992,0.0130310105,0.008832392,0.0017177416,0.032678057,0.0064942506,0.0021066477,0.0041782553,0.0015660463,0.001327365,0.013040001,0.0028080135,0.013913365,0.001909062,0.0016654658,0.0075145066,0.0,0.0013597112,0.021865869,0.00061706745,0.013554228,0.00096245704,0.0023697724,0.0009291657,0.0013375886,0.0,0.005574807,0.0024008276,0.0,0.0,0.0044999765,0.0013097964,0.0010573984,0.05263804,0.0010977602
