,AM,Accruals,AnnouncementReturn,AssetGrowth,BetaLiquidityPS,BidAskSpread,BMdec,BookLeverage,BPEBM,CBOperProf,CF,cfp,CashProd,ChAssetTurnover,ChEQ,ChInv,ChInvIA,ChNWC,ChNNCOA,ChTax,ConvDebt,CoskewACX,DelCOA,DelCOL,DelEqu,DelFINL,DelLTI,DelNetFin,DivInit,DivOmit,DolVol,EBM,EarningsSurprise,EquityDuration,GP,grcapx,Herf,IdioVol3F,IdioVolAHT,IndIPO,IndMom,IntMom,InvestPPEInv,Investment,LRreversal,Leverage,MaxRet,Mom12m,Mom12mOffSeason,Mom6m,MomOffSeason,MomSeason,MomSeasonShort,NOA,OPLeverage,PctAcc,Price,RDIPO,ResidualMomentum,ReturnSkew,ReturnSkew3F,RevenueSurprise,RoE,STreversal,ShareIss1Y,Size,Tax,TotalAccruals,VolSD,dNoa,hire,zerotrade1M,zerotrade6M,zerotrade12M
202001,5.583547e-06,0.0,1.6852887e-07,0.0,0.0,4.053624e-06,0.0,0.0,3.8036055e-07,0.0,4.4742596e-06,8.157268e-06,1.4318129e-05,0.0,0.0,0.0,0.0,0.0,0.0,0.0,0.000641493,0.0,0.0,0.0,0.0,0.0,2.2494366e-07,0.0,0.0004806317,0.004604338,7.089887e-07,0.0,2.810954e-07,0.0,6.0637185e-06,0.0,0.0,0.0,3.5950986e-06,0.002012716,3.6750242e-07,0.0,0.0,0.0,0.0,1.0056275e-05,1.8814424e-06,0.00028582689,9.284314e-05,4.4622015e-05,0.0,0.0,0.0,3.0677631e-07,0.0,0.0,0.00011047735,3.0830424e-06,0.0,0.0,0.0,0.0,0.0,6.38043e-06,0.0,0.0,0.0,0.0,5.567423e-07,0.0,0.0,6.4511056e-07,4.289025e-07,8.8660926e-07
202002,2.9918972e-05,0.0,2.1651618e-07,0.0,0.0,6.289115e-06,9.0762575e-07,0.0,1.0807269e-06,0.0,2.1844942e-05,5.2382857e-06,0.0,0.0,0.0,0.0,0.0,0.0,0.0,1.242484e-07,0.0010884905,0.0,0.0,0.0,0.0,0.0,0.0,0.0,0.0011763484,0.005243328,0.0,0.0,0.0,0.0,2.4020505e-07,0.0,0.0,0.0,1.4458893e-05,0.0009989924,2.5727022e-07,3.074588e-05,0.0,0.0,0.0,3.1200154e-05,8.9839505e-06,0.00027939503,0.000108217406,3.3089615e-05,7.4509217e-07,0.0,0.0,0.0,9.460251e-07,0.0,6.9534224e-05,2.9297911e-05,0.0,0.0,0.0,0.0,0.0,7.810549e-06,0.0,0.0,0.0,0.0,2.273309e-06,0.0,0.0,1.0643447e-06,0.0,3.1400336e-06
202003,3.2552248e-06,0.0,1.3727053e-07,0.0,0.0,6.21189e-06,1.698688e-06,0.0,0.0,0.0,3.252461e-05,4.639254e-06,0.0,0.0,0.0,0.0,0.0,0.0,0.0,0.0,0.0012152107,0.0,0.0,0.0,0.0,0.0,0.0,0.0,0.0008193018,0.0025921485,0.0,0.0,0.0,0.0,7.2220485e-07,0.0,0.0,0.0,1.1492236e-05,0.00051589013,0.0,4.0020226e-05,0.0,0.0,1.04380796e-07,1.3251749e-06,1.6677111e-06,0.0002183269,0.000115035305,6.247835e-05,0.0,0.0,0.0,9.653162e-07,3.9010224e-06,0.0,6.525267e-05,2.257601e-05,5.0919266e-07,0.0,0.0,0.0,0.0,2.0712393e-07,0.0,0.0,0.0,0.0,7.9351076e-07,0.0,0.0,5.3709016e-07,1.0815993e-06,4.14567e-06
202004,0.0,0.0,0.0,2.3164816e-07,0.0,3.0154771e-07,1.0365578e-06,0.0,7.0917247e-07,0.0,4.6741407e-05,1.4744675e-06,0.0,0.0,0.0,0.0,0.0,0.0,0.0,0.0,0.0005223733,0.0,0.0,0.0,1.4398553e-06,0.0,0.0,0.0,0.00041647736,0.0037389458,4.4834772e-07,0.0,0.0,0.0,0.0,0.0,0.0,0.0,3.8362414e-06,0.0007871118,0.0,4.5959107e-05,4.6293253e-06,0.0,3.6398026e-06,7.000842e-07,0.0,2.6556856e-05,5.151013e-06,0.0,1.1132518e-06,0.0,2.5625758e-07,2.0146007e-07,4.4495755e-06,0.0,2.1726655e-05,0.00044785874,3.2247584e-07,0.0,0.0,0.0,1.15749984e-07,1.9654876e-06,0.0,0.0,0.0,2.3781175e-07,1.2447457e-06,0.0,0.0,0.0,0.0,4.2608198e-07
202005,6.865977e-07,0.0,0.0,1.0037269e-06,0.0,0.0,1.2218687e-06,0.0,2.8181254e-05,0.0,9.023805e-05,0.00027633374,0.0,0.0,0.0,0.0,0.0,0.0,0.0,0.0,0.0009285379,0.0,0.0,0.0,1.5199176e-06,0.0,0.0,0.0,0.0014722992,0.015537275,5.6455165e-06,6.327126e-07,0.0,0.0,0.0,0.0,5.605642e-07,0.0,4.6742007e-06,0.0018261934,0.0,7.41673e-05,3.366011e-06,0.0,3.0476697e-06,1.3174473e-06,0.0,8.389319e-06,0.0,0.0,1.7104705e-06,0.0,2.6100483e-07,0.0,7.564056e-05,0.0,3.7775508e-06,0.00083532784,0.0,0.0,0.0,0.0,0.0,2.1119113e-06,0.0,5.922543e-06,1.5406698e-07,0.0,2.3166367e-06,0.0,0.0,0.0,0.0,3.1928084e-05
202006,8.139277e-07,0.0,0.0,1.3739635e-06,0.0,7.351933e-06,1.2186363e-06,0.0,6.329124e-06,0.0,0.00022398388,0.00050505047,4.8597052e-05,0.0,0.0,0.0,0.0,0.0,0.0,3.5029693e-06,0.0003346834,0.0,0.0,0.0,1.0220865e-06,0.0,0.0,0.0,0.00085097214,0.024824677,2.310929e-05,1.8522842e-07,3.8448597e-06,0.0,0.0,0.0,2.1923354e-07,2.5058519e-06,4.1092194e-06,0.0013940303,5.7962325e-06,0.000531564,3.5289286e-06,0.0,7.4540617e-06,2.3370443e-05,0.0,0.00026384112,0.0,0.0,3.4187146e-05,7.499227e-08,5.3836345e-07,0.0,1.6047484e-06,0.0,3.743083e-06,0.000119042554,0.0,0.0,0.0,3.4773175e-06,2.4378705e-06,1.117509e-05,0.0,0.0,0.0,0.0,1.7140949e-06,0.0,0.0,0.0,5.2751595e-05,9.48412e-06
202007,0.0,0.0,0.0,0.0,0.0,1.2389944e-05,5.988934e-07,7.313007e-08,3.28347e-05,0.0,3.758836e-05,7.45775e-05,9.031949e-06,0.0,0.0,0.0,0.0,0.0,0.0,0.0,0.00018730848,0.0,0.0,0.0,0.0,0.0,0.0,0.0,0.0008183152,0.009359572,5.0233805e-08,0.0,0.0,9.621757e-07,0.0,0.0,0.0,6.587928e-06,7.1502327e-06,0.0012791577,0.0,1.5929498e-05,1.900618e-07,0.0,4.9627133e-06,0.0,0.0,4.62567e-06,0.0002133048,0.0,6.585132e-07,0.0,2.4797654e-07,0.0,1.2615778e-06,0.0,1.2441961e-05,0.0004763525,0.0,0.0,0.0,0.0,1.5653778e-07,1.1601727e-05,0.0,5.0790777e-07,0.0,0.0,7.096973e-07,0.0,0.0,0.0,0.0,2.421176e-07
202008,5.7961944e-07,0.0,0.0,0.0,0.0,2.6664003e-07,0.0,4.4306075e-06,4.8656534e-07,4.3970886e-07,1.6026632e-06,6.4116134e-06,7.927772e-08,0.0,0.0,0.0,1.4776197e-07,0.0,0.0,6.329594e-08,0.0002209432,2.4457466e-07,0.0,2.9294592e-08,0.0,1.5810036e-07,0.0,0.0,0.001616883,0.0074515245,0.0,4.021742e-08,7.6871025e-08,1.4172024e-07,0.0,0.0,0.0,2.1894361e-07,6.2229615e-06,0.0014832617,5.196883e-08,1.2578696e-05,0.0,0.0,4.0034415e-06,8.108969e-07,0.0,5.9018034e-06,3.496397e-06,6.727405e-08,3.2165596e-07,0.0,2.551975e-07,1.2311142e-06,1.6300428e-05,0.0,4.6521864e-06,0.00025487572,0.0,0.0,7.142704e-08,0.0,6.238008e-07,5.98906e-07,0.0,3.9458865e-08,2.9249234e-08,5.4499015e-08,6.02382e-07,0.0,0.0,0.0,0.0,0.0
202009,0.0,0.0,0.0,0.0,0.0,3.9235976e-05,0.0,1.8940229e-07,6.142979e-07,0.0,2.0033947e-06,9.064403e-06,0.0,0.0,0.0,0.0,0.0,0.0,0.0,1.01633916e-07,0.0005379815,0.0,0.0,0.0,0.0,0.0,0.0,0.0,0.0043103434,0.0040918547,1.5817798e-07,4.4309806e-07,0.0,1.5191017e-07,5.869062e-07,0.0,0.0,0.0001069164,8.037482e-05,0.002130444,0.0,0.0,0.0,0.0,1.4826121e-06,1.7489339e-07,0.0,1.8018753e-05,2.3343393e-06,0.0,1.4152404e-06,0.0,0.0,0.0,2.6298023e-06,0.0,2.5315606e-07,0.0004700896,2.40672e-08,0.0,0.0,0.0,0.0,0.0,0.0,1.9009528e-06,3.7322053e-08,0.0,0.0,0.0,0.0,0.0,3.6210358e-06,2.2416018e-06
202010,0.0,0.0,0.0,0.0,0.0,1.8591678e-05,0.0,0.0,1.0697959e-06,0.0,1.6877855e-06,1.0222492e-05,7.7940264e-08,0.0,0.0,0.0,0.0,0.0,0.0,1.450912e-07,0.00032702912,0.0,0.0,0.0,0.0,0.0,0.0,0.0,0.0032930863,0.012690363,0.0,1.12359515e-07,0.0,0.0,1.151754e-06,0.0,0.0,9.6027754e-05,5.7825273e-05,0.0029551263,4.087149e-07,0.0,0.0,0.0,9.528457e-07,0.0,1.835738e-07,4.6971477e-06,3.1100515e-06,0.0,6.411297e-07,0.0,0.0,0.0,3.0603687e-07,0.0,0.0,0.0013524854,0.0,0.0,0.0,0.0,0.0,3.7362264e-07,0.0,9.88191e-07,2.8449503e-07,0.0,0.0,0.0,0.0,0.0,1.801993e-06,0.0
202011,0.0,0.0,0.0,0.0,0.0,9.4443036e-05,0.0,2.6012136e-05,7.553719e-05,0.0,2.650584e-05,0.0005521153,2.5074984e-08,0.0,0.0,0.0,0.0,0.0,0.0,5.3593817e-06,0.0006645446,0.0,0.0,0.0,0.0,0.0,0.0,0.0,0.0021913059,0.005959871,0.0,9.0442845e-06,0.0,1.5174328e-07,7.484086e-06,0.0,6.8360864e-06,5.3698812e-05,9.479921e-05,0.0019307988,2.275449e-05,0.0,0.0,0.0,3.0781453e-06,0.0,0.0,8.218485e-05,0.0001704593,0.0,8.042338e-05,0.0,0.0,0.0,1.3588099e-05,0.0,2.1953468e-07,0.0017974988,0.0,0.0,0.0,0.0,0.0,4.200528e-08,0.0,1.8807079e-06,7.202367e-06,0.0,0.0,0.0,0.0,1.1423706e-06,2.4421852e-06,1.0465747e-06
202012,2.964672e-07,0.0,1.7249887e-07,2.5670154e-08,0.0,5.3472722e-05,0.0,0.0,2.8349537e-05,0.0,3.57365e-05,0.00032948915,6.850506e-08,0.0,2.2345086e-08,0.0,0.0,0.0,0.0,0.0,0.0005112288,0.0,0.0,0.0,0.0,0.0,0.0,0.0,0.0022722185,0.013859987,0.0,1.6615733e-05,0.0,0.0,0.0,0.0,0.0,3.1931988e-05,3.2327778e-05,0.0011789596,4.5614456e-06,0.0,0.0,0.0,1.8301469e-05,1.392344e-06,2.7390365e-06,6.012673e-05,0.000179085,0.0,0.000103824845,0.0,2.3874819e-07,0.0,2.3193174e-06,0.0,3.9224012e-08,0.002927699,3.6161885e-06,1.6082392e-08,0.0,1.7571152e-08,0.0,8.671164e-07,0.0,0.0,0.0,0.0,0.0,0.0,0.0,5.078022e-06,1.0132518e-06,1.1407423e-06
202101,1.4087175e-07,0.0,0.0,0.0,0.0,3.2517368e-05,0.0,2.1420365e-05,1.4627498e-05,0.0,1.5652588e-05,0.0003020463,0.0,0.0,0.0,0.0,0.0,0.0,0.0,0.0,0.0005151191,0.0,0.0,0.0,0.0,0.0,0.0,0.0,0.0018980958,0.010872869,0.0,1.5376003e-05,0.0,0.0,0.0,0.0,0.0,8.163255e-06,3.4310317e-05,0.0015452802,2.0382564e-05,2.5436793e-05,0.0,0.0,2.1564767e-05,1.3979379e-06,3.351966e-06,3.2449923e-05,0.00017647979,2.8127712e-07,0.00013457228,0.0,0.0,0.0,0.0,0.0,3.8037253e-08,0.0017693951,2.3596326e-06,0.0,0.0,0.0,0.0,7.402967e-07,0.0,0.0,0.0,0.0,4.3358386e-07,0.0,0.0,3.822039e-06,5.0873865e-07,1.1956357e-07
202102,1.3699767e-07,0.0,0.0,0.0,0.0,2.6465637e-05,0.0,7.869532e-06,2.1971844e-05,0.0,7.78835e-07,0.00026650494,0.0,0.0,0.0,0.0,0.0,0.0,0.0,7.002682e-06,0.0009923457,0.0,0.0,1.3555882e-07,0.0,0.0,0.0,0.0,0.00069764495,0.004509854,0.0,5.302655e-08,0.0,0.0,0.0,0.0,0.0,3.931993e-05,1.4643114e-05,0.0016735323,3.5037632e-05,0.0,2.5874353e-08,0.0,3.918648e-05,9.659533e-06,7.676502e-07,2.1030526e-05,0.00016512853,2.5309225e-07,0.00013589679,0.0,0.0,0.0,0.0,9.295187e-06,0.0,0.00043072912,3.8866804e-07,0.0,0.0,0.0,0.0,2.8134636e-07,0.0,0.0,3.588736e-08,0.0,0.0,0.0,0.0,6.6120674e-07,2.2492951e-07,9.5938404e-08
202103,2.463862e-07,0.0,0.0,0.0,0.0,5.4791955e-05,0.0,1.31109555e-05,2.0818825e-05,0.0,2.3831478e-06,0.0003592978,2.8996115e-07,0.0,0.0,0.0,0.0,0.0,0.0,4.456521e-08,0.0025918004,0.0,0.0,1.1505469e-07,0.0,0.0,0.0,0.0,0.0002773357,0.001211945,0.0,2.0994486e-05,0.0,0.0,0.0,0.0,0.0,1.7773316e-05,1.9094505e-05,0.0013593347,5.1472492e-05,2.1189688e-07,0.0,0.0,1.0393378e-05,7.4223467e-06,0.0,5.306622e-05,0.00019155744,2.6649323e-07,9.9288874e-05,0.0,0.0,0.0,0.0,0.0,0.0,0.0027885486,0.0,0.0,0.0,0.0,0.0,2.9913272e-07,0.0,6.099332e-08,2.7142497e-07,0.0,0.0,0.0,0.0,0.0,0.0,4.6841013e-08
202104,1.1463441e-05,0.0,0.0,0.0,0.0,1.2767897e-06,0.0,0.0,0.0,0.0,8.783488e-06,4.4444165e-05,9.847444e-06,0.0,0.0,0.0,0.0,0.0,0.0,0.0,0.0017390244,0.0,0.0,0.0,0.0,0.0,0.0,0.0,0.00040830192,0.00508354,0.0,0.0,0.0,0.0,0.0,0.0,0.0,0.0,3.1739419e-06,0.003549364,0.0,0.0,0.0,0.0,1.6825135e-05,7.2873313e-06,1.1922531e-06,2.0265581e-05,4.1036383e-06,0.0,0.0,0.0,0.0,0.0,0.0,0.0,7.494582e-06,0.0077662743,5.4012474e-07,0.0,0.0,0.0,0.0,2.4736186e-05,0.0,0.0,0.0,0.0,0.0,0.0,0.0,1.2125358e-06,0.0,0.0
202105,1.030984e-06,0.0,0.0,0.0,0.0,2.3046068e-06,0.0,0.0,0.0,0.0,6.3151792e-06,3.0643678e-05,0.0,0.0,0.0,0.0,0.0,0.0,0.0,0.0,0.0021184813,0.0,0.0,0.0,0.0,0.0,0.0,0.0,0.0008598154,0.0061900336,0.0,0.0,0.0,0.0,0.0,0.0,0.0,2.199093e-06,5.9391336e-05,0.005455848,0.0,0.0,0.0,0.0,3.503815e-07,8.3618124e-07,0.0,9.7486e-06,8.041091e-06,0.0,0.0,0.0,0.0,0.0,0.0,0.0,2.2740462e-06,0.0014801533,0.0,0.0,0.0,0.0,0.0,2.597585e-05,0.0,1.2770474e-06,0.0,0.0,0.0,0.0,0.0,0.0,0.0,2.6135558e-07
202106,0.0,0.0,0.0,0.0,0.0,1.5373063e-06,0.0,0.0,9.055922e-06,0.0,7.2043767e-06,5.93554e-06,0.0,0.0,0.0,0.0,0.0,0.0,0.0,0.0,0.0018203787,3.741965e-08,0.0,0.0,0.0,0.0,0.0,0.0,0.0009170226,0.0059396885,0.0,0.0,0.0,0.0,0.0,0.0,0.0,2.683224e-06,8.376279e-05,0.006111118,0.0,0.0,0.0,0.0,1.2183675e-06,0.0,2.3150967e-06,3.3171615e-05,3.5906833e-08,0.0,0.0,0.0,0.0,0.0,0.0,0.0,8.511479e-06,0.0005599909,0.0,0.0,0.0,0.0,0.0,2.9602365e-05,0.0,0.0,0.0,0.0,0.0,0.0,0.0,0.0,0.0,0.0
202107,4.9710955e-08,0.0,1.5397114e-07,0.0,0.0,1.6818482e-06,0.0,1.04171725e-07,0.0,0.0,8.2306615e-06,6.3848242e-06,0.0,0.0,0.0,0.0,3.3065845e-07,0.0,0.0,0.0,0.0011923085,1.10668736e-07,0.0,0.0,0.0,0.0,0.0,0.0,0.0002906257,0.0042642416,1.8455458e-07,0.0,0.0,8.200495e-08,0.0,1.0488954e-07,0.0,0.0,5.293769e-05,0.00568478,3.9228757e-07,2.2895868e-07,0.0,0.0,4.315982e-06,2.254935e-08,6.257677e-06,8.255745e-06,6.192635e-07,0.0,3.961086e-08,0.0,0.0,0.0,5.323897e-08,0.0,2.0375892e-06,0.0009206827,7.867073e-08,0.0,0.0,0.0,0.0,3.0266845e-05,0.0,3.0547207e-07,4.7925546e-08,1.4414202e-07,0.0,0.0,1.2802532e-07,2.4931435e-07,1.09228864e-07,2.9932656e-07
202108,8.1540726e-08,0.0,8.712849e-08,0.0,0.0,4.5937372e-07,0.0,1.6078585e-07,0.0,0.0,7.727253e-06,3.857675e-05,9.457987e-08,0.0,0.0,1.9728665e-08,1.5478986e-07,0.0,0.0,0.0,0.0013474869,0.0,0.0,0.0,0.0,0.0,0.0,0.0,0.00042206518,0.004517647,1.2472134e-07,8.93107e-06,0.0,0.0,0.0,2.598255e-08,0.0,0.0,9.1368456e-05,0.0064566787,0.0,0.0,0.0,0.0,0.0,0.0,0.0,0.0,0.0,0.0,0.0,0.0,6.0943626e-07,4.8251522e-08,9.039028e-06,0.0,1.3397338e-06,0.00053305295,0.0,0.0,0.0,0.0,0.0,3.8135655e-05,0.0,1.4896992e-07,0.0,0.0,2.1078147e-07,0.0,0.0,0.0,0.0,1.9536473e-07
202109,1.7642977e-06,0.0,0.0,0.0,2.653764e-08,9.9274104e-08,1.0181476e-07,1.030035e-07,0.0,0.0,9.8538e-06,6.68811e-06,0.0,0.0,1.7297308e-08,0.0,5.7884193e-07,0.0,0.0,0.0,0.001414259,6.0239024e-08,0.0,3.5349053e-08,0.0,0.0,0.0,0.0,0.0007602793,0.0041864193,1.6722309e-08,0.0,0.0,0.0,0.0,1.2549006e-07,0.0,0.0,0.00021298889,0.0051363125,0.0,4.203538e-06,0.0,0.0,2.3249416e-07,3.3229014e-07,2.2890296e-07,1.1902924e-06,1.1244192e-06,5.124479e-07,0.0,0.0,0.0,4.3167883e-08,3.899519e-08,0.0,1.8395218e-05,0.0011880867,0.0,0.0,0.0,0.0,0.0,3.469179e-05,0.0,4.0166512e-07,0.0,0.0,0.0,0.0,0.0,0.0,0.0,3.1508347e-07
202110,3.2878165e-06,0.0,0.0,0.0,0.0,3.3915722e-07,5.397058e-07,0.0,0.0,0.0,1.0293108e-05,8.3425075e-06,3.9021774e-07,0.0,0.0,0.0,4.7387246e-07,0.0,0.0,0.0,0.0015257004,7.428833e-08,0.0,0.0,0.0,0.0,0.0,0.0,0.00049939187,0.0033048955,1.717451e-08,0.0,0.0,0.0,0.0,8.115117e-08,2.1074403e-08,0.0,0.00012789,0.005091376,0.0,1.3313957e-06,0.0,0.0,2.1251964e-07,6.0410196e-07,2.3618495e-07,1.6685053e-06,4.5610877e-06,0.0,1.0398195e-07,0.0,0.0,4.6690865e-08,0.0,0.0,7.90004e-06,0.0010955231,0.0,0.0,0.0,0.0,4.8244567e-07,3.768355e-05,0.0,7.650076e-07,0.0,0.0,0.0,0.0,0.0,0.0,0.0,9.88992e-07
202111,4.6723986e-08,0.0,0.0,8.0502105e-08,0.0,9.41858e-06,0.0,0.0,0.0,0.0,5.499476e-06,0.00011456688,0.0,0.0,0.0,0.0,0.0,0.0,0.0,0.0,0.00086408755,0.0,0.0,4.1985086e-08,0.0,1.2458193e-07,0.0,0.0,0.0006039902,0.002624865,0.0,0.0,0.0,0.0,0.0,0.0,0.0,2.1998729e-05,0.000686657,0.016751865,6.448735e-08,0.0004998537,3.5283378e-08,0.0,2.3179578e-05,2.021039e-07,0.0,0.0005980585,0.00053621404,5.6130727e-08,2.3985696e-05,0.0,0.0,0.0,0.0,0.0,7.324484e-07,0.0017049859,0.0,0.0,0.0,1.3458876e-08,6.640113e-07,2.383383e-05,0.0,0.0,0.0,0.0,1.6763704e-07,6.1888734e-08,0.0,0.00039993742,1.2128505e-07,2.754775e-07
202112,5.7829634e-08,0.0,0.0,0.0,0.0,1.9454743e-05,0.0,0.0,0.0,0.0,4.936406e-06,4.409093e-05,0.0,0.0,0.0,0.0,0.0,0.0,0.0,0.0,0.00144326,0.0,0.0,5.4417303e-08,0.0,0.0,0.0,0.0,0.0010346688,0.002545143,4.6159158e-07,0.0,0.0,0.0,3.8363032e-07,0.0,0.0,0.00022684016,0.00067146466,0.015282215,3.257963e-06,0.0003025409,0.0,0.0,0.0,0.0,1.5118034e-06,0.00049160793,0.0002238993,0.0,0.0,0.0,3.8241836e-07,0.0,0.0,0.0,0.00016323957,0.0029243708,0.0,0.0,0.0,0.0,0.0,4.38471e-06,0.0,3.5273865e-07,0.0,0.0,0.0,0.0,9.45064e-08,9.7068536e-05,5.922997e-07,0.0
202201,0.0,0.0,0.0,0.0,0.0,0.0010330738,0.0,0.0,0.0,0.0,1.6154303e-06,1.9126653e-06,0.0,0.0,0.0,1.01957785e-05,2.8993696e-08,0.0,0.0,0.0,0.0013818673,0.0,0.0,0.0,0.0,0.0,0.0,0.0,0.0010632944,0.002515011,0.0,0.0,0.0,9.70868e-08,0.0,0.0,0.0,0.0018323977,0.002733478,0.018684313,3.4347514e-07,4.561045e-06,0.0,0.0,0.0,1.405722e-06,1.5323558e-06,7.731384e-06,0.0,0.0,0.0,0.0,9.429119e-08,0.0,0.0,0.0,0.0005017574,0.0031873065,0.0,0.0,0.0,0.0,0.0,6.300604e-06,0.0002384679,6.532784e-08,0.0,0.0,0.0,0.0,0.0,0.00028246446,0.0001279219,6.3731386e-05
202202,0.0,0.0,0.0,0.0,0.0,0.0004748709,0.0,0.0,0.0,0.0,1.1233016e-06,9.468733e-07,0.0,0.0,0.0,0.0,0.0,0.0,0.0,0.0,0.001275506,0.0,0.0,0.0,0.0,0.0,0.0,0.0,0.0009910874,0.0031736968,1.0203602e-05,0.0,0.0,0.0,0.0,0.0,0.0,0.00020195446,0.0027404355,0.017473873,0.0,0.00024958389,0.0,0.0,0.0,0.0,2.059525e-06,1.1112304e-06,0.0,0.0,0.0,0.0,0.0,0.0,0.0,0.0,0.0012021313,0.0032719888,0.0,0.0,0.0,0.0,0.0,7.851268e-06,0.00017237067,5.9458387e-08,0.0,0.0,1.4414717e-05,0.0,0.0,0.0001003478,0.00012146766,6.940045e-06
202203,8.0391743e-07,0.0,0.0,0.0,5.27253e-08,0.00079332065,0.0,0.0,0.0,0.0,1.7031485e-06,5.9591014e-07,0.0,0.0,0.0,0.0,0.0,0.0,0.0,0.0,0.0015632595,0.0,0.0,6.2123077e-06,0.0,0.0,3.7797906e-07,0.0,0.00082921446,0.016341072,3.0150452e-06,0.0,0.0,9.598521e-08,0.0,0.0,0.0,0.00010396518,0.0016889734,0.014659546,0.0,0.000647873,0.0,0.0,3.100877e-05,4.3030434e-07,1.4163397e-06,7.5477883e-06,0.0,0.0,0.00030690632,0.0,2.7725233e-07,0.0,0.0,0.0,0.0013794019,0.0026841285,2.3984003e-06,0.0,0.0,0.0,0.0,8.317776e-06,4.2092764e-05,2.4860452e-07,0.0,0.0,0.0,0.0,0.0,3.966849e-05,3.1581272e-05,0.0
202204,1.2085463e-06,0.0,0.0,0.0,0.0,5.5000197e-05,0.0,0.0,0.0,0.0,2.2212232e-06,1.0869419e-06,7.9802965e-07,0.0,0.0,0.0,0.0,6.790644e-08,0.0,0.0,0.0012858763,0.0,0.0,0.0,0.0,0.0,0.0,0.0,0.0013189884,0.0027153841,0.0,0.0,0.0,1.2115709e-07,0.0,0.0,0.0,0.0,0.0002639156,0.01242124,4.825618e-07,0.0008226277,0.0,0.0,2.5525762e-05,0.0,2.1617502e-06,1.6211561e-05,0.0,8.5258984e-07,5.077244e-05,0.0,1.6543669e-05,0.0,0.0,0.0,0.00040278086,0.002263185,0.0,2.1253737e-07,0.0,0.0,0.0,2.2596649e-05,2.8885173e-05,5.229351e-06,0.0,0.0,0.0,0.0,2.6617857e-07,8.3262894e-05,8.219246e-07,0.0
202205,9.160717e-06,0.0,0.0,0.0,0.0,4.6503807e-05,0.0,0.0,0.0,0.0,6.1319764e-07,7.85999e-05,0.0,0.0,0.0,0.0,0.0,6.648074e-08,0.0,0.0,0.0012421815,0.0,1.0884787e-07,0.0,0.0,0.0,3.704277e-07,0.0,0.00117179,0.0038494638,4.6170547e-07,0.0,0.0,2.0697448e-07,1.2616238e-07,0.0,0.0,5.412573e-07,0.00014089418,0.008019175,0.0,0.00050926715,0.0,0.0,2.2842358e-05,1.6136266e-05,2.7922977e-06,1.464796e-05,0.0,1.2173454e-07,0.00013972889,0.0,3.9124236e-05,0.0,0.0,0.0,0.00016851617,0.001768572,0.0,0.0,0.0,0.0,1.3689588e-07,2.4178145e-05,6.886026e-06,1.4938491e-06,0.0,0.0,0.0,0.0,1.8819402e-07,2.699147e-05,3.4027744e-06,0.0
202206,5.7754824e-06,0.0,0.0,0.0,0.0,3.895638e-05,0.0,0.0,0.0,0.0,4.8216452e-06,2.7398241e-06,2.327935e-06,0.0,0.0,0.0,0.0,0.0,0.0,0.0,0.0014022321,0.0,1.1928404e-07,0.0,0.0,7.107908e-08,0.0,0.0,0.0008821018,0.003671047,4.4623857e-07,0.0,0.0,1.8716341e-07,0.0,0.0,0.0,1.4286742e-07,0.00044570054,0.0075627835,2.3797706e-07,0.00020465508,3.0029773e-07,0.0,2.5561987e-05,9.348112e-07,1.7156563e-05,1.4777457e-06,0.0,0.0,6.571819e-05,0.0,1.0281631e-06,0.0,1.4092551e-07,0.0,0.00018414347,0.001510934,0.0,1.1526512e-07,0.0,0.0,1.1167235e-06,1.9518888e-05,9.619397e-06,3.920107e-06,0.0,0.0,9.026527e-08,0.0,0.0,2.1299891e-05,0.0,6.332131e-07
202207,9.24321e-06,0.0,0.0,0.0,0.0,2.560991e-05,0.0,0.0,0.0,0.0,6.2372005e-06,5.1746787e-07,0.0,0.0,0.0,0.0,0.0,0.0,0.0,0.0,0.0011359017,4.961071e-07,1.2098069e-07,0.0,0.0,0.0,0.0,0.0,0.0025328128,0.0056047705,0.0,0.0,0.0,0.0,1.3699843e-06,0.0,0.0,2.58248e-07,0.00018267524,0.0021707087,1.6728291e-06,7.138983e-05,0.0,0.0,1.7821047e-05,9.581507e-06,3.281239e-05,0.0,0.0,5.559088e-07,0.0,0.0,1.2399131e-06,1.599268e-07,0.0,0.0,9.395198e-05,0.0003431155,0.0,0.0,0.0,0.0,0.0,1.4951046e-05,0.0,2.2260683e-07,0.0,0.0,2.5585307e-06,0.0,8.9523546e-08,6.021479e-06,3.843865e-06,1.0453656e-06
202208,8.454134e-06,0.0,2.2789155e-07,0.0,0.0,1.9292876e-05,0.0,0.0,0.0,0.0,2.8884764e-07,1.0136725e-06,0.0,0.0,0.0,0.0,0.0,0.0,0.0,1.7224353e-07,0.001403959,0.0,1.0821533e-07,0.0,0.0,1.424614e-07,0.0,0.0,0.00086325005,0.0055044126,4.2708132e-07,0.0,0.0,0.0,1.5611231e-06,0.0,0.0,1.575628e-07,0.00016173157,0.0032144494,8.2594326e-08,3.8795093e-05,0.0,0.0,4.3256737e-06,9.145824e-06,1.215128e-05,9.625522e-06,0.0,8.07752e-08,0.0,0.0,1.5996362e-06,7.248201e-08,6.7781e-07,0.0,8.3484316e-05,0.0007558187,0.0,0.0,0.0,0.0,0.0,1.3870444e-05,0.0,8.5195825e-07,0.0,0.0,5.8257676e-08,0.0,0.0,4.7698904e-06,1.4565915e-06,3.220392e-07
202209,7.4854115e-06,0.0,0.0,0.0,0.0,1.0942192e-05,0.0,0.0,0.0,0.0,1.0306828e-06,1.3093542e-06,7.676859e-08,0.0,0.0,0.0,0.0,0.0,0.0,1.574592e-07,0.0008497769,7.85853e-07,1.04781584e-07,0.0,0.0,0.0,0.0,0.0,0.00034793006,0.006651256,1.321922e-05,0.0,0.0,0.0,1.1212966e-07,0.0,0.0,3.810649e-05,0.00032500474,0.0013596293,1.1725674e-05,3.9637747e-05,0.0,0.0,0.0,4.540521e-07,1.335625e-06,3.0082232e-05,0.0,0.0,0.0,0.0,1.6239062e-06,7.7118635e-08,0.0,0.0,0.00010335047,0.00092695036,0.0,1.2764512e-07,0.0,0.0,0.0,5.3873053e-05,0.0,2.4962158e-06,0.0,0.0,8.993275e-06,0.0,9.001733e-08,1.0438936e-05,2.116642e-06,6.557364e-07
202210,7.001639e-05,0.0,0.0,0.0,0.0,2.5992093e-05,0.0,0.0,0.0,0.0,2.0501216e-06,1.1560916e-06,8.265932e-07,0.0,0.0,0.0,0.0,0.0,0.0,0.0,0.0019981316,0.0,0.0,0.0,0.0,1.6060984e-07,0.0,0.0,0.0011166387,0.006222264,0.0,0.0,0.0,1.3151138e-07,5.6518378e-08,0.0,0.0,3.4573634e-07,0.00029682013,0.0034071722,0.0,6.770091e-05,0.0,0.0,0.0,9.288382e-05,4.8176605e-07,0.00038176271,1.5743573e-05,9.0573536e-05,0.0,0.0,1.9046461e-06,2.0573516e-07,0.0,0.0,0.00020246812,0.00084521034,0.0,1.09669266e-07,0.0,0.0,0.0,1.2874217e-05,0.0,4.2097753e-07,0.0,0.0,0.0,0.0,0.0,4.1151443e-06,3.2079236e-06,0.0
202211,9.264721e-05,6.670987e-08,8.990143e-08,0.0,0.0,6.691121e-05,9.08501e-08,0.0,0.0,4.5880597e-06,7.732823e-05,1.6390428e-05,0.0,0.0,0.0,0.0,0.0,1.2849146e-07,0.0,0.0,0.0009456103,0.0,0.0,0.0,0.0,0.0,0.0,0.0,0.000611597,0.0069586006,0.0,0.0,0.0,2.3904144e-07,1.616051e-05,0.0,0.0,4.878841e-06,0.00015904066,0.00065980817,0.0,0.00011834216,0.0,0.0,0.0,8.643749e-05,2.1206633e-05,0.00029411135,2.1516384e-05,8.153664e-05,0.0,0.0,1.9325428e-06,7.133378e-08,0.0,0.0,0.00024221154,0.0008646134,0.0,0.0,0.0,0.0,0.0,1.4887169e-05,0.00014181313,1.2861885e-05,0.0,0.0,0.0,0.0,0.0,7.05616e-06,2.6626371e-06,2.484527e-05
202212,0.0003374596,0.0,0.0,2.1362318e-08,0.0,0.0003619523,1.3374618e-07,0.0,0.0,0.0,1.1849772e-06,4.1145577e-05,8.275775e-05,0.0,0.0,0.0,0.0,0.0,0.0,0.0,0.0013338276,0.0,0.0,0.0,2.644886e-07,0.0,0.0,0.0,0.0027410244,0.0060252007,0.0,0.0,0.0,0.0,0.0,0.0,0.0,1.3479824e-05,0.00024951957,0.0010681719,0.0,0.000102016034,0.0,0.0,6.003617e-07,0.0003080884,4.9269433e-06,0.00013748667,1.2420233e-05,0.00010096459,0.0,0.0,9.931972e-07,2.0773966e-08,0.0,0.0,0.00021552895,0.0005792487,1.5278141e-07,1.10744566e-07,0.0,0.0,0.0,1.2689592e-05,8.007705e-05,3.3681226e-07,0.0,3.366626e-08,0.0,0.0,0.0,4.811581e-06,1.3459214e-06,7.752117e-07
202301,0.0002019902,5.8619474e-08,9.046123e-08,0.0,0.0,0.00278554,0.0,0.0,0.0,0.0,2.4625388e-06,0.0012381028,4.799334e-05,0.0,0.0,6.460214e-08,0.0,0.0,0.0,0.0,0.0011645715,0.0,0.0,0.0,0.0,2.1359787e-07,0.0,0.0,0.004098094,0.00917349,0.0,0.0,0.0,2.3915806e-07,1.07753394e-07,6.421498e-08,0.0,0.0005727344,0.00040253554,0.011009748,1.0624818e-05,5.5751912e-05,0.0,0.0,0.0,0.000100546335,4.6756308e-05,0.00010813664,0.00017647624,5.61167e-06,0.0,0.0,1.5336934e-06,0.0,0.0,0.0,0.00012810437,0.0005448586,0.0,9.8077706e-08,0.0,0.0,0.0,5.9961485e-06,0.00017671018,1.901978e-07,0.0,0.0,0.0,0.0,1.4755359e-07,4.8411366e-06,1.8509224e-06,1.3523058e-06
202302,0.00012695092,0.0,0.0,2.2358194e-07,0.0,0.00043090025,2.810085e-07,0.0,0.0,0.0,1.9905561e-05,3.4006757e-06,2.1961858e-05,0.0,0.0,0.0,0.0,0.0,0.0,0.0,0.0011208646,0.0,1.115131e-07,0.0,6.460145e-08,0.0,0.0,0.0,0.00300901,0.0028183653,0.0,0.0,0.0,7.43753e-08,5.1245497e-08,0.0,0.0,1.6112883e-05,0.0007540314,0.007142763,1.8279866e-07,0.0003471679,0.0,0.0,0.0,5.3508556e-05,2.0855472e-07,2.7989907e-05,3.8464757e-05,1.7415452e-05,0.0,0.0,2.0108153e-06,7.3142296e-08,0.0,0.0,0.00043465165,0.00059196417,0.0,1.13931605e-07,0.0,0.0,0.0,9.26289e-06,0.0,9.4517344e-07,0.0,0.0,3.7627615e-08,0.0,4.797219e-07,6.8044897e-06,3.3003455e-06,0.0
202303,0.000106866326,0.0,0.0,0.0,0.0,0.00045163292,0.0,0.0,0.0,0.0,4.1023926e-05,6.8151508e-06,1.447219e-06,0.0,0.0,0.0,0.0,0.0,0.0,0.0,0.0009496284,0.0,0.0,0.0,0.0,0.0,0.0,0.0,0.003207108,0.002864596,0.0,0.0,0.0,0.0,7.255803e-07,0.0,0.0,2.7232612e-05,0.00070595136,0.0071827755,2.0355647e-07,0.00031518438,0.0,0.0,0.0,7.9070414e-05,8.900549e-07,3.2982138e-05,5.546839e-05,1.2457736e-05,0.0,0.0,1.4839305e-06,7.12123e-08,0.0,0.0,0.00052589393,0.00081664976,0.0,1.2327753e-07,0.0,0.0,0.0,9.88804e-06,0.0,4.2800323e-07,0.0,0.0,0.0,0.0,1.6208864e-07,4.0410864e-06,2.8271809e-06,2.0716465e-05
202304,3.127465e-05,0.0,0.0,2.99534e-07,0.0,0.0006490081,0.0,0.0,0.0,3.0408984e-07,1.2717539e-05,2.8823883e-05,7.1574453e-07,0.0,0.0,0.0,0.0,0.0,3.8686075e-08,0.0,0.0016728491,0.0,0.0,0.0,0.0,0.0,0.0,0.0,0.0026602505,0.0043153125,0.0,0.0,0.0,3.0331614e-07,3.350507e-05,0.0,0.0,2.2930086e-05,0.00047152158,0.0047513004,6.4389365e-06,8.602592e-05,0.0,0.0,1.1863278e-06,6.15752e-05,1.6663549e-06,7.3458046e-05,9.8137025e-05,2.1264688e-05,4.2728934e-06,0.0,0.0,0.0,0.0,0.0,0.0001885695,0.000829648,0.0,0.0,0.0,0.0,7.7026556e-08,1.1563849e-05,1.329332e-06,2.3764248e-06,0.0,0.0,0.0,0.0,3.5928643e-08,2.0553773e-07,6.366504e-07,1.0837698e-06
202305,0.0,0.0,0.0,1.0760496e-06,0.0,0.00067328615,3.8719284e-07,0.0,0.0,2.1457638e-06,2.6775013e-05,3.6514237e-05,7.423945e-07,0.0,0.0,0.0,0.0,0.0,0.0,0.0,0.0015007545,0.0,0.0,0.0,0.0,0.0,0.0,0.0,0.0077156825,0.0038946164,0.0,0.0,0.0,0.0,2.5775984e-05,0.0,0.0,3.2768938e-05,0.00047621256,0.0048161875,1.3013626e-05,0.00012802923,0.0,0.0,3.0382778e-05,0.0,0.0,1.9981637e-05,6.406099e-05,3.0959713e-05,0.0,0.0,0.0,0.0,0.0,0.0,0.0002979281,0.0010816021,0.0,0.0,0.0,0.0,0.0,1.4925325e-05,0.0,4.236852e-06,0.0,0.0,0.0,0.0,0.0,5.71133e-07,0.0,0.0
202306,7.995557e-07,0.0,0.0,7.173926e-07,0.0,0.00021818123,4.3218103e-07,0.0,0.0,0.0,3.989593e-05,2.9228566e-05,1.0704819e-06,0.0,0.0,0.0,0.0,0.0,0.0,0.0,0.0014879458,0.0,0.0,0.0,0.0,0.0,0.0,0.0,0.0029880942,0.0014318352,0.0,0.0,0.0,0.0,4.2733922e-05,0.0,0.0,7.2875637e-06,0.00037141805,0.007120501,1.4278017e-05,6.5760134e-05,0.0,0.0,7.5207805e-07,0.0,3.7164261e-06,7.154736e-06,0.0,1.3326961e-05,0.0,0.0,0.0,4.186493e-07,0.0,9.1855236e-07,0.00026126928,0.0011856054,0.0,0.0,0.0,0.0,0.0,1.4381595e-05,5.150634e-06,5.436821e-06,0.0,0.0,0.0,0.0,4.6714524e-07,8.630246e-07,3.3941742e-06,8.363833e-06
202307,0.0,0.0,0.0,0.0,0.0,2.0400883e-05,9.115615e-07,0.0,0.0,0.0,5.9846006e-06,2.8665248e-05,7.077074e-07,0.0,0.0,0.0,3.2445907e-08,0.0,0.0,0.0,0.0016309285,0.0,0.0,3.1649712e-08,0.0,0.0,0.0,0.0,0.0029821927,0.005130718,7.5005737e-06,0.0,0.0,5.9713207e-06,0.0,0.0,8.3549725e-07,3.0377134e-08,0.00033577642,0.005047373,3.9315987e-06,5.9855905e-05,0.0,0.0,0.0,0.0,2.2558526e-05,8.2207835e-06,5.1907784e-07,4.579501e-06,3.6094014e-05,0.0,0.0,0.0,0.0,0.0,0.000109729044,0.0004429568,0.0,0.0,0.0,0.0,0.0,1.5758109e-05,0.0,4.8347047e-06,0.0,0.0,0.0,0.0,0.0,4.466312e-06,5.8313813e-06,6.0404986e-06
202308,0.0,0.0,6.423508e-08,0.0,0.0,1.4524119e-05,5.0640085e-07,0.0,0.0,0.0,2.3411883e-05,2.8776327e-05,7.5621483e-07,0.0,0.0,0.0,0.0,0.0,0.0,0.0,0.0015013072,0.0,3.67231e-07,5.5462042e-08,0.0,0.0,0.0,0.0,0.003215324,0.0052337074,6.4047476e-06,0.0,0.0,5.4837383e-06,0.0,0.0,1.2650677e-06,2.4815149e-08,0.00033951405,0.0051244134,2.2744498e-06,7.411793e-05,2.9101818e-07,0.0,3.609539e-07,0.0,2.388721e-05,1.4050202e-05,5.178318e-07,5.2535024e-06,3.1241572e-07,0.0,0.0,0.0,0.0,0.0,0.00016513257,0.0005249509,0.0,0.0,0.0,0.0,0.0,1.5614252e-05,0.0,4.7791186e-06,0.0,0.0,0.0,0.0,0.0,4.9539035e-06,5.0001568e-06,5.860049e-06
202309,0.0,0.0,0.0,0.0,0.0,0.00020461743,5.851377e-07,0.0,0.0,0.0,1.7073231e-05,1.596602e-05,0.0,0.0,0.0,0.0,0.0,0.0,0.0,0.0,0.0014698438,0.0,0.0,0.0,0.0,0.0,0.0,0.0,0.0029977974,0.005234337,1.599963e-05,0.0,0.0,1.1656124e-06,2.8473512e-06,0.0,0.0,3.572152e-06,0.00042847457,0.0063336557,6.834354e-07,0.00012041607,1.2631327e-07,0.0,3.3448046e-07,1.3857327e-06,9.439389e-06,2.239911e-06,0.0,5.595616e-07,2.0378968e-06,0.0,0.0,4.3094116e-07,0.0,1.4697442e-06,0.0002290876,0.00075091684,0.0,0.0,0.0,0.0,0.0,1.4163526e-05,0.0,5.238418e-06,0.0,0.0,0.0,0.0,0.0,4.4104986e-06,7.962018e-06,5.2456636e-07
202310,6.672541e-07,0.0,3.7233473e-08,0.0,0.0,7.951329e-05,4.813755e-07,0.0,0.0,0.0,2.2632583e-05,6.5174485e-05,4.827178e-06,0.0,0.0,0.0,0.0,0.0,0.0,0.0,0.0010491575,0.0,0.0,0.0,0.0,0.0,0.0,0.0,0.005385438,0.00463515,2.6186788e-05,0.0,0.0,3.5877445e-06,0.0,0.0,4.5673235e-07,2.2310043e-05,0.00060830935,0.0074337227,2.016598e-06,0.00014426293,0.0,0.0,4.858998e-05,5.806047e-06,1.837856e-05,7.45846e-06,0.0,4.080686e-06,0.0,0.0,0.0,0.0,0.0,0.0,0.00032165495,0.00027172395,1.2632769e-07,0.0,0.0,0.0,0.0,6.830514e-06,0.0,2.1398315e-05,0.0,0.0,0.0,0.0,0.0,3.2819573e-06,4.6581154e-06,2.5857782e-06
202311,2.087368e-06,0.0,5.932281e-08,0.0,1.036652e-07,0.00025567538,4.7320154e-07,0.0,0.0,0.0,2.2272432e-05,0.00013515071,4.669989e-06,0.0,0.0,0.0,9.2544205e-08,0.0,0.0,0.0,0.0012278183,3.591345e-07,0.0,0.0,0.0,0.0,0.0,0.0,0.008380926,0.0051645082,1.8169108e-05,0.0,0.0,5.42458e-06,0.0,0.0,1.3107804e-06,4.2770708e-07,0.00016186811,0.008171182,2.1500719e-06,3.3010245e-05,0.0,0.0,4.420012e-05,3.730436e-06,2.316369e-05,8.525737e-06,0.0,5.185483e-06,6.096783e-07,0.0,0.0,0.0,0.0,0.0,6.9332484e-05,0.00040946007,0.0,0.0,0.0,0.0,0.0,1.0539338e-05,0.0,2.7345954e-05,0.0,3.110287e-08,0.0,0.0,0.0,4.0096993e-06,6.001392e-06,4.9482983e-06
202312,1.5218645e-06,0.0,0.0,0.0,0.0,0.00058253773,0.0,0.0,2.3464723e-07,0.0,2.2965596e-05,3.3941375e-05,2.066939e-06,0.0,0.0,0.0,0.0,0.0,0.0,1.5850404e-07,0.0014244525,0.0,0.0,0.0,0.0,0.0,0.0,0.0,0.0031511483,0.0048774187,9.3054757e-07,0.0,0.0,3.5304975e-06,0.0,0.0,0.0,0.000111400994,1.759288e-05,0.004009599,1.1909013e-06,3.602086e-06,2.8494742e-07,0.0,2.1117112e-06,3.220878e-06,1.8635883e-05,2.8354472e-05,0.0,2.551187e-06,6.813696e-07,0.0,0.0,1.2646041e-06,0.0,0.0,1.4879893e-06,0.00082622695,0.0,0.0,0.0,0.0,0.0,1.25999395e-05,4.3957016e-07,2.337469e-06,0.0,0.0,0.0,0.0,0.0,3.3628924e-06,3.0847407e-06,4.8097895e-06
202401,5.059786e-05,2.2339827e-06,2.9587711e-06,2.037871e-06,8.231201e-07,0.00075138174,5.261829e-06,4.49464e-06,8.115634e-06,5.816379e-06,0.00012594218,0.00024543123,1.26570085e-05,1.8567127e-06,8.37173e-06,1.1494935e-05,4.1072244e-06,6.029323e-07,5.836774e-07,2.5556292e-06,0.002795964,5.1573543e-06,3.9973197e-06,3.300649e-05,3.352941e-06,1.0121045e-06,2.2747117e-06,1.7273588e-06,0.010086914,0.00301202,1.620134e-05,1.0535399e-05,2.591158e-06,7.801777e-06,4.8044376e-06,1.2649872e-06,5.1057746e-06,0.00036424331,0.0003994306,0.009488395,3.33992e-05,0.0013067441,6.580636e-06,2.1635149e-06,7.168818e-05,4.2882708e-05,0.00014098156,4.6584104e-05,2.719423e-05,2.0789388e-05,2.4151994e-05,1.8955992e-06,1.1231385e-05,6.895102e-06,5.5521e-06,4.0020204e-06,0.0015742813,0.002682391,4.368808e-06,6.792593e-06,7.727579e-06,1.0102107e-06,1.3472957e-06,0.00013156282,5.7267265e-05,8.0308884e-05,5.712566e-06,2.9681332e-06,1.1834268e-05,9.196528e-06,2.5054958e-06,0.00016929088,5.9864033e-05,3.288139e-05
202402,5.675819e-05,7.0881856e-07,7.370269e-06,1.1323447e-06,2.6465915e-07,0.0007526827,5.789756e-06,2.8989887e-06,1.1371227e-05,6.761005e-06,8.981694e-05,0.00018331148,1.3203155e-05,7.9586863e-07,1.29351665e-05,2.283061e-06,2.422962e-06,3.869555e-06,5.2991627e-06,1.7028656e-06,0.0038561425,4.7773974e-06,2.9225357e-06,1.8183038e-05,4.661099e-06,2.0181437e-06,1.8626754e-06,8.73466e-07,0.009535061,0.014485356,8.81664e-06,1.1118024e-05,9.723428e-07,5.1521815e-06,5.6838358e-06,5.99262e-07,5.410913e-06,0.00025672262,0.00053239026,0.008474964,0.00011067797,0.00096159056,2.6130394e-06,1.9855909e-06,1.0875964e-05,1.6075233e-05,0.00019130451,6.868167e-05,2.796601e-05,2.8817567e-05,2.5481619e-05,8.668993e-06,1.1460229e-05,5.662659e-06,8.564104e-06,6.6148823e-06,0.0005483796,0.0009496125,5.380246e-06,3.5852713e-06,6.1934566e-06,1.2327964e-06,9.662109e-07,0.00013441141,5.0521274e-05,0.00011955186,6.3238126e-06,1.2065532e-06,2.475263e-05,5.4731413e-06,5.02363e-06,7.395124e-05,6.20333e-05,6.3593485e-05
202403,8.3953586e-05,2.671326e-06,3.599472e-06,2.5080083e-06,1.1378514e-06,0.00059026765,5.7174097e-06,2.9358207e-06,1.8533323e-05,2.4886454e-06,0.0001146271,0.0002017474,4.523954e-05,1.0044366e-06,1.7015733e-05,3.4487844e-06,2.7462984e-06,1.4582241e-06,1.5013925e-06,9.698254e-07,0.0044022053,5.497334e-05,1.645035e-06,2.3879977e-06,6.3529046e-06,8.396505e-07,8.175643e-06,2.855713e-06,0.0056343954,0.0023394255,9.461857e-06,9.674291e-06,1.2723162e-06,8.757074e-06,4.04549e-06,1.2331359e-06,7.302159e-06,0.0003301474,0.0011032396,0.010166443,3.3214088e-05,0.00028573215,3.5839398e-06,1.7119636e-06,5.7549485e-05,8.974847e-05,0.00013356055,4.364289e-05,7.8872756e-05,3.8828362e-05,6.681111e-06,3.3031904e-06,7.2619055e-06,4.8202714e-06,8.02955e-06,6.313121e-06,0.00030742085,0.0015300114,6.439297e-06,5.836619e-06,4.2795095e-06,5.7992656e-07,9.975648e-07,0.00014333244,4.63886e-05,0.00024256708,7.4351537e-06,9.565252e-07,1.3400694e-05,2.6917317e-06,6.000407e-06,6.449747e-05,5.8613532e-05,2.6377833e-05
202404,3.0227407e-05,3.4216414e-06,1.881237e-06,1.6958924e-06,1.0400016e-06,0.0009000047,7.0948972e-06,1.921977e-06,8.9574705e-06,2.8613026e-06,2.186748e-05,7.577812e-05,3.8827748e-06,8.9202257e-07,4.279911e-06,5.752815e-06,4.332293e-06,1.9317447e-06,8.6958926e-07,1.7649247e-06,0.0036774536,4.2694874e-06,1.8629074e-06,1.753048e-06,5.7515585e-06,6.047747e-07,1.7804408e-05,1.6999733e-06,0.008135195,0.002745957,9.040685e-06,1.2442395e-05,1.0436687e-06,1.1499463e-05,6.8695795e-06,6.7099853e-07,1.0713333e-05,0.00027334868,0.0004285427,0.005341415,3.4887427e-05,0.00010973358,4.5919514e-06,3.4683208e-06,1.5447677e-05,1.4065667e-05,0.0001330982,4.9009883e-05,3.7699323e-05,1.4629696e-05,3.9391302e-06,2.2332142e-06,7.5021026e-06,4.493793e-06,3.433857e-06,3.484673e-06,0.00027883754,0.0015879922,5.122567e-06,6.730187e-06,3.4968755e-06,1.0117459e-06,8.469323e-07,0.00012775615,2.1928532e-05,7.684375e-05,8.892279e-06,2.1043625e-06,1.5891583e-05,3.708014e-06,3.121231e-06,5.241304e-05,6.342989e-05,3.0070838e-05
202405,0.0004988528,1.8885357e-06,1.9139334e-06,3.521638e-06,7.993895e-07,0.000416126,4.2997603e-06,6.444171e-06,1.3173041e-05,6.7510464e-06,6.178134e-05,0.00022789337,1.4313935e-05,2.6510354e-06,1.0661669e-05,6.472155e-06,5.6636472e-06,1.8749294e-06,2.3679822e-06,1.6575167e-06,0.001288995,5.364238e-06,2.5038935e-06,3.3890872e-06,4.811244e-06,8.362648e-07,1.2661786e-05,1.9614208e-06,0.004491951,0.013813141,8.857266e-06,1.5959817e-05,1.3841665e-06,1.47077335e-05,1.6739514e-05,2.080522e-06,1.1272531e-05,0.00033812827,0.0011342565,0.0094746,5.140931e-05,0.0011775985,1.5871994e-05,2.182498e-06,5.7989473e-05,0.00011708071,0.00018285119,6.7456596e-05,4.8452817e-05,1.1367025e-05,2.9406738e-05,2.5382362e-06,1.980452e-05,4.5308657e-06,4.9677933e-06,5.2306905e-06,0.00029153237,0.001174297,9.282755e-06,3.8080225e-06,4.95899e-06,6.3924824e-07,1.8357189e-06,0.00016369527,7.5362186e-05,0.0004950696,1.0978989e-05,1.8517264e-06,2.284632e-05,2.1837325e-06,3.003052e-06,5.005489e-05,7.609816e-05,0.00018731676
202406,0.0002497308,2.5116142e-06,1.1825578e-06,6.5090308e-06,7.2772946e-07,0.00037150364,4.9168966e-06,3.8087198e-06,2.4052288e-05,5.3944295e-06,9.7850665e-05,0.00027324096,1.3725561e-05,1.894836e-06,5.002661e-06,3.3303515e-06,4.719332e-06,1.2671394e-06,1.487902e-06,7.816575e-06,0.0013822938,5.121972e-06,1.2839652e-06,1.5129281e-06,5.563324e-06,9.2032485e-07,8.344884e-06,8.978491e-07,0.006071091,0.018166615,1.3236922e-05,1.1435957e-05,1.7204814e-06,2.1416296e-05,1.7513474e-05,1.5188901e-06,7.3977126e-06,0.00039097166,0.0013920863,0.0073979725,3.564641e-05,0.0011196757,1.7315164e-05,3.793958e-06,4.9138176e-05,7.639923e-05,0.00027026236,0.00012776753,6.200888e-05,9.999497e-06,4.8398865e-06,2.569365e-06,9.179527e-05,5.724237e-06,6.334752e-06,6.0927237e-06,0.00071712857,0.00097285426,7.725184e-06,1.5302467e-05,6.48606e-06,7.543596e-07,1.3353514e-06,0.00028598198,7.166489e-05,0.00034380957,4.4278145e-06,2.4490455e-06,1.3447057e-05,1.3375118e-06,1.3988594e-06,0.00017441795,0.00012988862,3.565273e-05
202407,0.00043528486,5.232528e-06,1.1383764e-06,2.0718967e-06,1.6435952e-06,0.00073985767,5.5384403e-06,6.390487e-06,1.44062915e-05,4.987932e-06,3.615567e-05,0.00016219764,8.027451e-06,1.5261163e-06,6.797376e-06,4.3081773e-06,1.9419069e-05,6.6541475e-06,6.3369845e-07,1.9232236e-06,0.0012485828,3.4307711e-06,2.2691038e-06,1.219223e-06,2.0225207e-05,1.7861876e-07,4.4823673e-06,1.8299476e-06,0.0054657157,0.012488348,1.1432106e-05,3.5641136e-05,9.880623e-07,1.01940095e-05,1.1608459e-05,2.8258999e-06,8.820912e-06,0.00047185677,0.00040895402,0.0005912866,3.4846915e-05,0.00045688343,1.4825174e-05,2.5658e-06,1.4948069e-05,0.00020754724,0.00023790004,0.00013412672,2.7178157e-05,1.1258034e-05,4.010993e-06,4.1837416e-06,3.9619204e-05,9.404035e-06,3.6200581e-06,6.9807893e-06,0.00018284963,0.0012019271,4.8042e-06,5.9158538e-06,2.7108347e-06,7.817274e-07,1.369531e-06,0.00020845175,2.356902e-05,0.00031859087,5.394449e-06,1.0763191e-06,9.958364e-06,6.1918413e-06,2.208609e-06,8.25355e-05,0.00010415928,2.6278085e-05
202408,8.106804e-05,3.0143437e-06,1.1275777e-06,1.0231529e-06,6.548965e-07,0.00047909576,7.60808e-06,3.2091891e-06,8.928406e-06,5.0503927e-06,5.882969e-05,0.00012572476,3.892787e-06,1.7100774e-06,7.76348e-06,3.12333e-06,2.9078847e-06,1.9411875e-06,1.1569565e-06,1.944429e-06,0.0029236292,7.914378e-06,9.3430117e-07,1.016169e-06,1.0661086e-05,1.4271558e-06,9.301466e-06,8.0916783e-07,0.004293611,0.0025661741,8.406304e-06,1.1305091e-05,1.7089861e-06,8.406861e-06,5.6552403e-06,1.237681e-06,9.349673e-06,0.00043094737,0.00031815714,0.00073765847,4.2850454e-05,9.7979486e-05,5.2152172e-06,1.8689985e-06,6.379256e-06,7.30638e-05,0.00013607598,2.0400055e-05,0.00012219975,1.2537702e-05,4.374272e-06,1.8369165e-06,6.5408053e-06,2.7181143e-06,1.4983403e-05,6.8876157e-06,0.00017078545,0.0005744402,5.2064447e-06,2.94374e-06,3.7885466e-06,8.66105e-07,1.3769029e-06,0.00012680373,1.30409335e-05,0.00032538627,1.1836896e-05,1.0675172e-06,1.5655547e-05,5.0841168e-06,4.2112997e-06,5.5565026e-05,5.918634e-05,2.8357832e-05
202409,2.1825472e-05,2.2946044e-06,1.0419919e-06,1.4272266e-06,1.1795225e-06,0.0005669925,8.253164e-06,3.217325e-06,6.435312e-06,2.4790425e-05,0.00027239768,0.000235751,4.898506e-06,1.7378518e-06,9.623685e-06,1.3801917e-06,3.2018088e-06,1.9690387e-06,1.426666e-06,3.4014715e-06,0.0028905245,5.593735e-06,2.860656e-06,2.633767e-06,5.3114886e-06,1.7688773e-06,5.491303e-06,1.2361684e-06,0.0062221475,0.009143469,1.5926342e-05,1.14432105e-05,1.4235886e-06,5.2894034e-06,9.30669e-06,1.9169827e-06,5.9522245e-06,0.00038293513,0.00033561327,0.0012315043,3.748806e-05,0.00021310642,3.4436368e-06,3.4582636e-06,1.0184484e-05,1.3729634e-05,0.00015540971,0.00020941316,0.00012290193,1.2718859e-05,2.8086101e-06,2.191151e-06,5.1034303e-06,6.6276007e-06,3.8140333e-06,9.758473e-06,0.0009162441,0.0012013509,8.015343e-06,7.4668055e-06,5.004423e-06,1.5736966e-06,2.0027665e-06,0.000118581265,2.3963214e-05,8.440576e-05,2.5686195e-06,1.5978285e-06,1.6127242e-05,5.4184484e-06,3.64873e-06,5.8715228e-05,6.826028e-05,2.8563154e-05
202410,2.5259795e-05,4.504838e-06,1.7703385e-06,3.520806e-06,1.691678e-06,0.0008771716,7.554606e-06,2.5321947e-06,8.261611e-06,8.63407e-06,0.0001866324,0.00018760342,6.663326e-06,2.5505944e-06,1.1159727e-05,2.425913e-06,3.711038e-06,6.614815e-07,9.667181e-07,2.7655665e-06,0.004076552,9.058261e-06,2.2721565e-06,9.059797e-07,5.3558015e-06,8.217036e-07,3.3529823e-06,9.146667e-07,0.0026649605,0.0058147213,1.333503e-05,1.1373726e-05,1.25828e-06,8.7508815e-06,1.1813421e-05,9.0534576e-07,5.736115e-06,0.00042210138,0.0003797192,0.0004797942,5.4535503e-05,7.905666e-05,5.3442745e-06,2.236401e-06,1.4115806e-05,1.2900546e-05,0.00023836996,0.0003204347,0.00055342726,1.4317234e-05,2.6042721e-06,2.2321963e-06,4.607258e-06,1.768603e-06,3.507246e-06,9.866309e-06,0.00013951816,0.0013460895,6.3988377e-06,4.0952427e-06,9.136859e-06,1.8020029e-06,3.0974866e-06,0.000118175136,2.8102928e-05,9.2229144e-05,1.4394323e-05,1.6541251e-06,1.5821917e-05,5.2349887e-06,5.7689576e-06,5.5384728e-05,9.365191e-05,3.104881e-05
202411,6.788385e-05,1.5537439e-06,1.4511087e-06,2.4841288e-06,1.0511958e-06,0.0005891747,5.9381277e-06,2.1729477e-06,6.069368e-06,3.2223395e-06,0.00011738448,5.486899e-05,2.0270636e-05,4.835866e-06,9.843603e-06,2.8955326e-06,2.724901e-06,9.0722426e-07,2.917934e-06,1.009372e-06,0.0023596203,1.9820543e-05,2.1616092e-06,1.0535371e-06,1.6225169e-05,1.0186523e-06,1.4819777e-06,3.70682e-06,0.005160015,0.0107531445,1.3316655e-05,1.3366106e-05,8.1938936e-07,6.2562003e-06,9.883052e-06,1.9041076e-06,1.0183079e-05,0.0003750341,0.0003479885,0.0009132706,2.6395406e-05,0.00011230822,6.4207356e-06,1.928662e-06,6.4775236e-06,7.333734e-05,0.000110341025,5.4556902e-05,0.00016250188,1.7558068e-05,5.957354e-06,7.439046e-05,6.6556718e-06,1.9049246e-05,5.7369807e-06,8.5484735e-06,0.00018475318,0.0008506393,6.9203406e-06,2.599064e-06,6.972626e-06,1.4453169e-06,1.6412898e-06,0.00013382267,2.204529e-05,9.854016e-05,5.472386e-06,8.771622e-07,1.6690163e-05,4.214262e-06,4.1784388e-06,6.29557e-05,8.693838e-05,4.3832733e-05
