feature,avg_importance,neg_illiq_relatedness,is_focal,spearman_rho
DelLTI,0.03961128387039516,0.062390240708311034,False,0.07125390910905584
Size,0.02116906522838612,0.8911279854051424,True,0.07125390910905584
BMdec,0.0077454912465339445,0.2807620344687129,False,0.07125390910905584
CompEquIss,0.01419173867712696,-0.11483582961188427,False,0.07125390910905584
ResidualMomentum,0.00672958777434061,-0.03607613523163081,False,0.07125390910905584
Price,0.02164602171579826,0.6344181827130526,False,0.07125390910905584
MeanRankRevGrowth,0.004558072180719241,0.20467576089519313,False,0.07125390910905584
STreversal,0.018147556416466037,0.09361767345417576,True,0.07125390910905584
DelCOA,0.005449519809421096,0.11243556781949222,False,0.07125390910905584
Tax,0.024758681742144222,-0.18242803843135266,False,0.07125390910905584
DelFINL,0.007296243412295527,0.06981708958287217,False,0.07125390910905584
Accruals,0.005890477222490112,-0.006013874560477179,True,0.07125390910905584
AnalystRevision,0.019119931648120883,-0.038486365771374945,False,0.07125390910905584
BM,0.011145306331413852,0.376556846070235,True,0.07125390910905584
DelNetFin,0.009700766099573247,-0.001505666174098317,False,0.07125390910905584
DolVol,0.016617025809368708,0.9563030938118278,False,0.07125390910905584
dNoa,0.0069163977978345765,0.1490148437418833,False,0.07125390910905584
Illiquidity,0.012557033117686078,0.9276406071496588,True,0.07125390910905584
ChInvIA,0.004878589256400247,0.10042315624834136,False,0.07125390910905584
RevenueSurprise,0.004943943151855265,-0.03522191743024683,False,0.07125390910905584
BidAskSpread,0.01503076081173521,0.3674103061814141,True,0.07125390910905584
RDS,0.004551082756058799,0.2578215093748217,False,0.07125390910905584
RD,0.015799695275487163,0.2557213450087132,False,0.07125390910905584
cfp,0.011809152888171451,-0.13144071492541287,False,0.07125390910905584
PriceDelayRsq,0.011084015320762199,0.5839210818186942,False,0.07125390910905584
Mom6m,0.014046867058789905,-0.18345601202486878,False,0.07125390910905584
grcapx3y,0.005371377882617733,0.170901880848808,False,0.07125390910905584
Mom12mOffSeason,0.012306969078650096,-0.19950132497428302,False,0.07125390910905584
ChNWC,0.00461982446566944,-0.0042983735821076055,False,0.07125390910905584
PctTotAcc,0.007836971078441756,0.13088984803988807,False,0.07125390910905584
NetDebtFinance,0.006833661176314084,0.06295376464442771,False,0.07125390910905584
MomOffSeason06YrPlus,0.005668680644189175,0.18551366188811133,False,0.07125390910905584
ChEQ,0.007990856836767932,0.2067900741384137,False,0.07125390910905584
BPEBM,0.01159315518676657,0.04622629393333454,False,0.07125390910905584
DelEqu,0.01019887832058807,0.20752461107943876,False,0.07125390910905584
ShareIss5Y,0.005386138738235765,-0.0790369874351267,False,0.07125390910905584
OPLeverage,0.007821455516114195,0.0662171226598239,False,0.07125390910905584
TotalAccruals,0.008453282214199654,0.15001207421332338,False,0.07125390910905584
IndRetBig,0.013519038200957722,-0.00947029761010295,False,0.07125390910905584
AssetGrowth,0.011654710803604498,0.20162469436192787,True,0.07125390910905584
HerfBE,0.009696825305435974,0.08190656401386719,False,0.07125390910905584
ReturnSkew,0.010355908390178142,-0.024617456685310263,False,0.07125390910905584
Mom12m,0.01254637449758627,-0.24884989244624878,True,0.07125390910905584
Leverage,0.010913946994823238,0.18863959534715968,False,0.07125390910905584
MomSeason11YrPlus,0.006266992191089452,-0.05502345222798659,False,0.07125390910905584
ChNNCOA,0.004239010812643025,0.01969331596593982,False,0.07125390910905584
hire,0.008796322433960068,0.150191023518318,False,0.07125390910905584
AbnormalAccruals,0.006151904330595074,-0.04947994841377532,False,0.07125390910905584
CF,0.016706535617593485,-0.12140508204417653,False,0.07125390910905584
ChAssetTurnover,0.003739729431285701,0.014154330152093816,False,0.07125390910905584
AM,0.013069654972195881,0.31834814120611565,False,0.07125390910905584
MaxRet,0.010176703445987109,-0.13796067280043342,False,0.07125390910905584
RealizedVol,0.011024078904000067,-0.15812831049210752,False,0.07125390910905584
IdioVolAHT,0.011787166072983855,-0.29885057789902836,False,0.07125390910905584
zerotrade1M,0.00968199881045984,0.6756896042006482,False,0.07125390910905584
VolSD,0.008114315047673218,0.70180402104477,False,0.07125390910905584
IntanSP,0.006929590027268478,0.40604399043910977,False,0.07125390910905584
zerotrade12M,0.008475702255964234,0.6883155221861849,True,0.07125390910905584
IdioVol3F,0.01001919379588648,-0.223701399144499,True,0.07125390910905584
NetEquityFinance,0.005508718230328597,-0.19083888833578083,False,0.07125390910905584
EBM,0.00767787752196463,0.32880448771063725,False,0.07125390910905584
BetaTailRisk,0.004514434110890278,-0.09112437802653572,False,0.07125390910905584
NetDebtPrice,0.010110193481949114,0.1376438679751694,False,0.07125390910905584
PctAcc,0.004925850601080324,-0.058994621859725996,False,0.07125390910905584
LRreversal,0.009108445688110286,0.28383365582945513,False,0.07125390910905584
zerotrade6M,0.009590347982743663,0.6916023679711651,False,0.07125390910905584
Cash,0.010338251576307229,0.01827270588559641,False,0.07125390910905584
GP,0.007261896438205126,-0.0546673272253094,True,0.07125390910905584
ChTax,0.011377297853427991,-0.08743414428914152,False,0.07125390910905584
MomSeason06YrPlus,0.0035301311693798666,-0.07591933823105192,False,0.07125390910905584
MomSeasonShort,0.005216094963081192,-0.09652871992603287,False,0.07125390910905584
XFIN,0.00960185510857045,-0.09146082668386248,False,0.07125390910905584
Beta,0.007407355127719046,-0.08128198993980948,True,0.07125390910905584
CompositeDebtIssuance,0.0038165392141545945,0.08740658166353828,False,0.07125390910905584
CBOperProf,0.005403726480832676,-0.325886087359332,False,0.07125390910905584
BookLeverage,0.004950823892300358,0.04439397074434136,False,0.07125390910905584
std_turn,0.0069772768827983354,0.3916701949066352,False,0.07125390910905584
grcapx,0.0033127995915352513,0.11588394217476823,False,0.07125390910905584
NOA,0.0067966157764376665,0.1747277838524973,False,0.07125390910905584
DelCOL,0.0036413965931311495,0.117514170728367,False,0.07125390910905584
Herf,0.010418235201288881,0.07958898873316643,False,0.07125390910905584
BetaLiquidityPS,0.0034154728290556077,0.02743894349654031,False,0.07125390910905584
EquityDuration,0.007084642418186734,0.05829737392169423,False,0.07125390910905584
CashProd,0.014011662623947782,0.2614208928061492,False,0.07125390910905584
CoskewACX,0.006313305924783569,-0.16878394459253693,False,0.07125390910905584
RoE,0.009130206628177696,-0.3012542114606082,True,0.07125390910905584
InvGrowth,0.0021858547189674495,0.10033249226803324,False,0.07125390910905584
ExclExp,0.012247302865354075,0.07020811020596328,False,0.07125390910905584
roaq,0.009426027318356784,-0.3438064145491322,False,0.07125390910905584
InvestPPEInv,0.0045919141659737026,0.16511910743125682,False,0.07125390910905584
betaVIX,0.0056131310413675296,0.008277609999376337,False,0.07125390910905584
ShareIss1Y,0.006380840195701059,-0.033017621704697825,False,0.07125390910905584
EarningsSurprise,0.004839635909656432,-0.018722780497011263,False,0.07125390910905584
ReturnSkew3F,0.0069028092544357305,-0.013504162295718596,False,0.07125390910905584
AnnouncementReturn,0.006470812536016011,-0.04586044742365488,True,0.07125390910905584
IntMom,0.007899718819323097,-0.194838147655817,False,0.07125390910905584
ChInv,0.014008250778983228,0.09775572943031578,False,0.07125390910905584
TrendFactor,0.006307028054904442,-0.0004635834979950853,False,0.07125390910905584
MomSeason,0.005525342909849669,-0.09893591139106757,False,0.07125390910905584
IndMom,0.013307510898526347,-0.010382476461922883,False,0.07125390910905584
MomOffSeason,0.008398858670310313,0.26497909664114383,False,0.07125390910905584
EarnSupBig,0.010425052865654386,-0.005779389797706262,False,0.07125390910905584
EntMult,0.006831276983904137,0.18419407300400886,False,0.07125390910905584
FEPS,0.009028028174269164,-0.47559684554307957,False,0.07125390910905584
IntanCFP,0.00461073812404114,0.1913163805208065,False,0.07125390910905584
EP,0.0021882834390699493,0.1465453200936026,True,0.07125390910905584
NetPayoutYield,0.003625036104750418,-0.21298867783386655,False,0.07125390910905584
EarningsStreak,0.005236136774924926,-0.11848072964910203,False,0.07125390910905584
IntanEP,0.0036495059257899256,0.18874522852355244,False,0.07125390910905584
Investment,0.003581720529697237,0.093220277288282,False,0.07125390910905584
REV6,0.006179705598970909,-0.04365522584591761,False,0.07125390910905584
IntanBM,0.00339686168929291,0.36667306585478654,False,0.07125390910905584
ForecastDispersion,0.0023599006309575556,-0.22363663990030053,False,0.07125390910905584
