yyyymm,Q1_cs,Q1_zero,Q2_cs,Q2_zero,Q3_cs,Q3_zero,Q4_cs,Q4_zero,Q5_cs,Q5_zero,Full_cs,Full_zero
200001,0.022335621285615725,0.05447858633208291,-0.02118479789810146,0.04606241069213057,-0.041151586873704904,0.030144503287395374,-0.06323774549683114,0.03907072309427717,-0.10871778798155596,0.03639002325404894,-0.03557884382231569,0.0416991262112153
200002,0.012753317868434033,0.011128337488475193,0.024318272343917702,0.02288853679120184,0.015569064467809701,0.013848517635014046,0.019611616656015962,0.019286339795361873,0.008726284413518082,0.015354516415313935,0.01527763789015113,0.0158030440127519
200003,-0.04419886838049103,-0.06607096924356726,-0.25405542663057945,-0.058012144964747936,-0.3236527601959669,-0.026660427891202376,-0.36021372992275325,-0.016829320810955117,-0.3585140771866302,-0.025788185154120402,-0.2523189117014668,-0.03693480626745327
200004,-0.08229013907803129,-0.03965505921178214,-0.1077048381831851,0.028704460458008563,-0.11523000649318704,0.037422643769599695,-0.10388782837186228,0.04919069711165169,-0.10365774014478912,0.022484558116445008,-0.09964302354045773,0.015601849520480826
200005,0.054210867799335594,0.04240227725973322,-0.06721595563239724,0.0026749496818938567,-0.13357663227684524,-0.013824282828730716,-0.15774066995136793,-0.029214253531745227,-0.1396190276781739,-0.0146322672733592,-0.09252688212158144,-0.00552124821623079
200006,-0.01068270269360072,-0.008104611833172237,0.0038537967664212802,0.014896617117490907,0.013671555255670431,0.01614973925877894,-0.020149163534804115,0.01421936290324366,-0.07450318746242335,-0.0075107767119584334,-0.015046652383107872,0.003073429732109445
200007,0.0235762975172491,0.030235813003669842,-0.011987751884889652,0.016891760408603074,-0.07026978808034978,0.014299388241557964,-0.08831203200569782,0.01712750745255165,-0.18766885589721838,0.009041587242094029,-0.04118657434632089,0.020765492279960274
200008,-0.011715714995058413,0.005711030034485476,-0.06931950249168195,0.010778610726682847,-0.06412555627855321,0.009368487549754279,-0.059184267459080786,0.015638309343438794,-0.08456199804147713,0.009041457187124124,-0.048844249520900496,0.009410181739634038
200009,-0.18825356262171944,-0.03046619376148607,-0.1442821889178314,0.008129128563908794,-0.1297464561894397,0.01673867164200904,-0.13572227314069596,0.015297379260900246,-0.08103494284222545,1.4309004334744913e-05,-0.14694148987039313,-0.003466705251148783
200010,-0.268585160699905,-0.022549878179478622,-0.25443469292725673,0.02725986571974237,-0.2854355899595904,0.043158578029738104,-0.3624350768652429,0.03462144081080498,-0.5724161149915534,0.0011201315480250384,-0.3245097751927073,0.010524019241662352
200011,-0.013470801558602474,0.006832331413499149,0.04315015736282335,0.05084735282251385,0.059188303889467386,0.050238731732857755,0.04828805019264426,0.020010020433154696,0.04509426281344131,0.015838942690675095,0.02041493560319607,0.02294636795688132
200012,-0.14843321311036783,0.09017904752060746,-0.2693780234141816,0.035047762986272435,-0.25443820571126086,0.006941124107019414,-0.03252944842019345,-0.006570521098375748,0.1821128573662758,-0.013460235383583763,-0.16048786551451721,0.06096640759975891
200101,-0.008737291087405064,0.026117780693566184,-0.08678815834240416,0.051235730362069964,-0.1694299135622508,0.08019013987414969,-0.245363471084316,0.05040905986326283,-0.31634523730830066,0.02639494817371857,-0.11291671704255557,0.042277172962724596
200102,-0.09688235894792374,-0.01023234062809597,-0.18568087447096504,-0.00729234672046819,-0.19794463189092304,-0.0032714639922293287,-0.2364286800698685,-0.012941669575063264,-0.495289657032679,-0.09210135379937201,-0.17014837663841553,-0.01662010288365079
200103,0.06920316403020121,0.08604098127012594,0.028691435049580605,0.10319606860490071,-0.07309812889245304,0.0649094181158113,-0.14576827322159702,0.05733055358178152,-0.21395312308657588,0.05858612018213738,-0.005760989695256846,0.07939713453366526
200104,0.010144605634942572,0.08625961328645593,-0.01241689199561069,0.08727127693665082,-0.021428027203719502,0.08459488808759497,-0.001883088708354963,0.03536772953595846,0.20592164718454553,0.010789708960016964,0.01032548610295625,0.08048188731889128
200105,-0.06938729212572903,-0.07072806871383608,-0.0303238909124508,-0.02745586017134527,-0.018268042233250625,-0.01330342051414779,0.010627827131844625,0.016314606746864246,0.016025180884345236,0.00698547628771784,-0.03990722971468341,-0.03925786529799158
200106,-0.0827656003505357,-0.08441937431284985,-0.07923474752506254,-0.03997560380205312,-0.047510798014801736,0.018140389644648258,-0.0988611841078948,-0.011454661912699171,-0.12859519167798417,-0.021631875265227585,-0.0818946488145691,-0.050643005632882154
200107,-0.0476700900049718,-0.031046522807510968,0.0007221857659149844,0.04136365095047845,-0.049800088811173815,-0.0037647682785915126,-0.12084854773230069,-0.01616171475673811,-0.303120184143608,-0.012272738715360942,-0.05629780246611649,-0.0143825663951338
200108,-0.3942554029206371,-0.08190726240350599,-0.5621020708888171,-0.03427224981472832,-0.8038501970116725,-0.039308501857867606,-0.8967999467386611,-0.03453876548631607,-0.9816181525166436,-0.05319539320973021,-0.5648798139989912,-0.059036859101315065
200109,0.029082242412110215,0.07351126349702986,-0.03612498243500872,0.054270565424867745,-0.04817676613228805,0.04643894674426574,-0.12906075155496022,0.028871508700540338,-0.07837621493184965,0.0525071414248216,-0.012893077070702974,0.06094093757675745
200110,0.008946513002628831,0.0630866134851481,-0.11635739247374421,0.037799056188609015,-0.10831432856430179,0.0616291558361195,-0.2125237111115501,0.0443816452183442,-0.37956789960331494,0.04435629523864848,-0.06769396201905109,0.05529351074808109
200111,0.010244874979024488,0.038685664426369226,-0.163232872202566,-0.009128428985980763,-0.21422056614443452,-0.0030668330627887652,-0.24037977674055688,0.006117901858305075,0.013859609274687656,0.05316831000702782,-0.05625520762734615,0.023836358926809242
200112,0.035006418772115966,0.06180047205091854,0.01867836813127699,0.00680867949645092,0.06877191305379993,0.03787852762036037,0.055677646109058454,0.006844837196253173,0.08318445483960368,0.029117932291197635,0.04050000968751699,0.04719569268866963
200201,-0.19427459314383588,-0.17239067449530432,-0.24828813496264734,-0.18374733245217034,-0.23193396569803348,-0.15031408359966392,-0.16451379059713456,-0.08871472830463367,-0.12789170345598921,-0.013558160088429139,-0.19839107639861786,-0.1465361384969457
200202,-0.017954694612978273,0.05664791965896576,-0.15188881229929563,0.05234075296995755,-0.32576311572088046,0.023040656161106843,-0.3393965785960975,0.04196745886235165,-0.3367367071108167,0.004249802125520397,-0.10588598641116387,0.047575210541111246
200203,-0.02667939789404672,-0.028962812251930536,-0.01072809993581414,-0.013478037213776606,-0.0036830198039019546,-0.002548647169710927,0.004581568198284147,0.013082473235041303,0.00588314060274453,0.029135488107967178,-0.016956631073909323,-0.016289225976283683
200204,-0.02780075618730371,-0.03585321984997458,-0.05446452063794793,-0.020139876036194382,-0.02607423579489243,0.0018734910808443361,-0.09494929700660903,-0.040480670934978535,-0.07551846080101865,-0.010269430809552116,-0.03847771893660634,-0.028680043978761782
200205,-0.5469421442439169,-0.28909665236061,-0.1749003537008853,-0.08463417031072917,-0.1355089215105587,-0.042109143380116176,-0.3858511828259754,-0.061946756659637,-0.5686259844438366,-0.03667981854546709,-0.3970413608479608,-0.17212577164070786
200206,-0.20489800209894105,-0.00653900978932298,-0.5709286486415182,0.04810104429096573,-0.7596461982512088,0.022220952869899002,-0.597673967952369,-0.00940300467791011,-0.659637225120904,-0.047896230640460224,-0.4076537351430478,0.003987675648989164
200207,0.018236612698693255,0.018505001349467753,-0.02240381944822878,-0.022883907181413976,-0.0003957340599876069,0.003031178528050016,0.010934833768569407,0.0173632528951172,-0.025801783684620716,-0.028533574121253347,0.00904471904401738,0.00971997603985475
200208,-0.28822570410775494,-0.10647686879485296,-0.35912394751580323,-0.03687517101450477,-0.39834769703805306,-0.01675728955804434,-0.4709746003094326,-0.00898469472783825,-0.7017795138945733,0.0018473944782996243,-0.34644554863506416,-0.06868864465185198
200209,0.02297103161957048,0.0344782279580903,-0.03405875486586929,-0.0013057578716884066,-0.07172892112963503,-0.027779004497989312,-0.08964528805643424,-0.01553060941567308,-0.16273865493024764,-0.004601361496560097,-0.013878256581807413,0.016462085993813602
200210,-0.027420108526512443,0.09402983461478465,-0.18162442280851465,0.038004112895659525,-0.21829754083074393,-0.0019178856630506225,-0.3325885450587931,-0.016959983960546765,-0.33308008583020365,-0.05141517907776971,-0.09996410228797958,0.06124567976129425
200211,-0.11205053388914732,-0.08460759683278773,-0.15494213367887233,-0.052000915540341364,-0.09321652734422514,-0.020445524165505713,-0.19078398698821508,-0.01633061596798524,-0.3070844785311464,0.007398384308401451,-0.1317639525448846,-0.06151489475413685
200212,0.047761064333815995,0.05398222168392608,-0.0313646522436648,-0.03732300300914826,-0.02858209746460938,-0.04193593748972391,-0.02067780263478558,-0.03715498313648635,0.005633411612893546,-0.01450393701674213,0.023899933993108413,0.024649516544865357
200301,-0.03697107097954366,-0.03255384127098204,-0.1094953178873952,-0.0404963359364674,-0.08929781899155387,-0.023539265695396328,-0.10189380152350158,-0.01921254750762813,-0.07870372348638988,-0.02733519351572955,-0.0594773842927776,-0.03120803641051384
200302,0.03919481517726864,0.03994050979579444,0.028890494579960624,0.032812018627332296,-0.01133223488960633,-0.0036726763582783928,-0.0063894345536976704,0.003786309747028871,-0.02040185228614466,-0.014723866044817235,0.028276260928085106,0.030963811606827707
200303,-0.0694208051440206,0.07070859734064516,-0.2461099735740313,0.07949388522681655,-0.36382643823580985,0.0689286829191097,-0.5591081750227551,0.05045678027104317,-0.3931220078224338,0.059698117690961894,-0.16178754675648954,0.06984862854131013
200304,-0.12676563766121252,0.07268599981866075,-0.26716218598882246,0.017249105110717533,-0.5364677544441734,-0.0080407375443734,-0.5857884326192879,-0.030140740189851467,-0.6520956126250335,-0.017035919499875263,-0.21657065884987103,0.046789832315305646
200305,-0.02487775990813601,0.047890698050675806,-0.058726194841869805,0.02022879165408853,-0.0778984776926619,0.011048646285346075,0.002787383342767513,0.014035989578273345,0.11278838562187521,-0.0048513024497574,-0.028905283720478847,0.038166343629075006
200306,-0.07753494193449662,0.02359596147403875,-0.15364294712366267,0.0007582804493833084,-0.19255987831803556,-0.010951047189291074,-0.11751852922414674,-0.004845489580010964,-0.05104976044701215,0.0016478748979422697,-0.11027489581100736,0.01051078068478195
200307,-0.06417291577538098,0.01249142666163816,-0.11769878086361985,-0.030188770531527576,-0.16253604515151854,-0.03997804128502813,-0.36703877088135783,-0.07220976697097758,-0.39258376250297644,-0.08194817853650105,-0.12203452905803802,-0.01390454844901523
200308,-0.0007497474496682699,0.05293201548563231,-0.05955026306904965,-0.022931558025963916,-0.0071856987512461945,-0.032278768963287074,0.04306861748438695,-0.06520210152067119,0.15352212180367397,-0.04036971262024025,-0.006617126973496923,0.017578756645973415
200309,-0.11721869061532275,0.007539690414440914,-0.32339705423241316,-0.03414953001143606,-0.38032490949073905,-0.04935370986960108,-0.5273285074438654,-0.04734490090273513,-0.4495337988583261,0.003129369513910518,-0.23527448718383126,-0.013191234772578442
200310,-0.049628391670867966,0.015405676620689146,-0.05228171013530658,0.0124503315874267,-0.08698343161484434,0.018077794466392683,-0.037182280486399044,0.029818025386405655,-0.05002827822940947,0.0010315280165633656,-0.052904781246866595,0.015288700659757404
200311,-0.0485802295906439,0.013122498272115313,-0.10325178022437131,-0.024358012750871127,-0.12918175991091396,-0.010304086021559522,-0.0834695947255033,-0.02057528482334381,-0.06133377055556255,-0.009014272148178293,-0.07528184469548882,-0.0032145048724281367
200312,-0.10636558096510096,0.05150323603892615,-0.1536260664927418,0.014874867221388532,-0.1592780621892247,-0.01914702100586463,-0.027204860238725814,-0.004652959930957268,0.059820149061296624,0.021540688385652262,-0.10548585215255701,0.0328826361598209
200401,-0.005202121890385714,0.001457065656225498,-0.026886388665771088,-0.016964845251033145,-0.01681677447354235,-0.014111674163533205,-0.009793569969173799,-0.0015246933843644506,-0.029253847429600688,0.009687332109949987,-0.010084184208423386,-0.0020430664723232184
200402,0.009936643196341577,0.01382346588878025,0.0007981211693112167,-0.0005383847276141385,0.002378189791729657,0.0026097898032236833,0.011024708018954277,0.006774834171391353,-0.011064370161976367,-0.024318251806236812,0.00678654269054535,0.008112139662524442
200403,-0.04254276294760029,-0.018502773599667677,-0.22097820817858338,-0.03600735165754543,-0.2626769403437781,-0.035608030246684574,-0.25687201803461157,-0.019829955715465086,-0.22655337308627965,-0.03700731200420582,-0.15300489296268505,-0.02665971430809244
200404,-0.0280463012891361,-0.031130261971215045,-0.02282510460797349,-0.024261039370329973,-0.0073109229985606206,-0.004857986723084906,0.0013936626569244215,0.009859169129060597,0.010816961555273785,0.023523312410945185,-0.018713754575727437,-0.01844797464946235
200405,-0.02483303128143799,-0.018770809832073354,-0.005553793338205271,0.025341952775193022,-0.06993517437187324,0.038032853093955765,-0.06324872466226994,0.048158526543063185,-0.027852789492354146,0.035227632898358174,-0.02961315353266003,0.011420272173940704
200406,-0.11067018066260226,-0.05414339061382445,-0.22369350243534525,-0.02270345767843507,-0.3217467393670843,-0.013349018395961698,-0.33045037507291664,-0.02076251217352776,-0.42799368379715763,-0.030300608231474513,-0.2138688160754736,-0.03373574620908992
200407,-0.017013466699887347,-0.013835043424907933,-0.004890158818365631,-0.005800782015548567,0.008160254414123713,0.004671031972184769,-0.02953648181774704,-0.021900838786177435,-0.044335806371422315,-0.024273891759860167,-0.013555522271518017,-0.010909065520181782
200408,-0.03529284551977763,0.012778436295261208,-0.1704548686403613,-0.02144108044808779,-0.2048004292848793,-0.008074410303926749,-0.20934736789065322,-0.001558408668556277,-0.276858215354596,0.009366907992649387,-0.11221076762036364,0.0010955820938022276
200409,-0.043582439268557094,-0.0269934552323432,-0.015981278921092024,0.001367502113044483,-0.029570015177744713,0.015227707667071821,-0.029276820563342687,0.01603350357205846,-0.0331066501494659,0.031431560703758854,-0.03260707943187824,-0.0054915727979474305
200410,-0.035990063722073584,0.05936003735866391,-0.27911040500049245,0.06907624778519761,-0.4110947366982083,0.07158204385320321,-0.35024173819259685,0.07346574178057053,-0.3399506727655104,0.09598408815395143,-0.11941656941665713,0.0640390569380963
200411,-0.04021835214229941,0.08684532510184961,-0.025654441093628355,0.05833432584626552,-0.044968296122145146,0.07835059835727498,-0.030294859416257536,0.08228942211130252,-0.0775594269501223,0.09666308609330732,-0.036439575669781066,0.07707497014070885
200412,-0.06990291409484506,-0.08928747455230801,-0.244500326991417,-0.11742758903344908,-0.32567199966544824,-0.11655206774352256,-0.2771650565923329,-0.10321979218720401,-0.2520368949852365,-0.08915421490642528,-0.18278116954488488,-0.1013516534370027
200501,-0.021649806740991595,-0.012381697210554599,-0.012788465736295773,-0.007062176016954913,-0.009852242872779193,0.008277964634971102,-0.004038273328839104,0.044845296439882665,-0.01384074333107388,0.04490337431682656,-0.01591698410417286,0.0008631978164233001
200502,-0.09702681132778146,-0.04789407416850944,-0.25568572196930384,-0.0946657790621468,-0.273189224551059,-0.11011242467388982,-0.09229828715228616,-0.06078811078554547,-0.18173983394570703,-0.10915852265867065,-0.1448945015586165,-0.06663555424037182
200503,-0.25365656247271184,-0.11416089650096795,-0.3685294001222441,-0.11886188629499106,-0.4190290891040225,-0.124616563526051,-0.49818938048723305,-0.13191230882596594,-0.373508729794364,-0.12892926248647174,-0.3345443363296827,-0.11958971684117548
200504,0.01471434812825756,0.007484042147293812,-0.06745045767122959,0.05687823257513236,-0.12133225328277875,0.06381593792736362,-0.23920725694644518,0.10407006908261573,-0.1964390151821238,0.10296297816660993,-0.0547527741564402,0.04331582021741254
200505,-0.001590467034814802,0.02591544572014881,-0.05313424216149687,0.04452023673263039,-0.06992618703516729,0.0699169104202032,-0.017594922261254586,0.05669261051787233,0.03138445967920578,0.05520632473649334,-0.021570172466601978,0.03937851599798137
200506,-0.057935235272948526,0.0365099686998257,-0.25449524039180615,0.05671770936159215,-0.21334148992383328,0.056969647655610745,-0.2952101348467666,0.06931137193212433,-0.2860020628626063,0.09447921475005971,-0.13950796274017851,0.049037010908655976
200507,-0.0241444343436652,-0.020882021868739775,-0.008285228504412823,-0.007152270098170543,-0.04834295564491664,-0.025364660870598854,-0.061324443124352035,-0.030797068557566476,-0.01576860486332099,-0.01485695823824118,-0.025183404251739594,-0.018292641266116405
200508,-0.0004504392854671746,0.002121316834948206,0.0065030622239818925,0.011843576514017684,0.00376304666873728,0.008172715836794464,-2.1165954934287967e-05,0.004513021026321451,0.0044516207637441685,0.020811717909071326,0.0020006428269493393,0.006487210600292004
200509,-0.15782763085876828,-0.06831662859339938,-0.17107500324133662,-0.04459266573304932,-0.17186948908889566,-0.044970318575529244,-0.3047190702843672,-0.06930379478029236,-0.2521607161405661,-0.08957119874991903,-0.1830167852232336,-0.06078078877744697
200510,0.007119136892486,0.006945064903808418,-0.03699888299828369,0.029797713685904004,-0.09158876534437188,0.05490555015061194,-0.13364512143793972,0.07659928119657,-0.1851377813962225,0.09881519182340004,-0.0322660268659134,0.028684866235506812
200511,0.008844991526711476,0.02106955156545709,-0.001967777568514295,0.004335591915796799,-0.0002995024267129498,-0.005153645027780707,0.002563263541683125,-0.01320279867162566,-0.0017772504566884173,0.026814625180366924,0.004521866922953532,0.012638479985320417
200512,-0.09071622658154666,0.05837640155028567,-0.2765369508406086,0.06320787806826111,-0.2851440990601861,0.07623609672798592,-0.2633506619535433,0.08054477301094176,-0.20875106478478922,0.0808759872693976,-0.1677373746309121,0.06489327444632109
200601,0.012301807608507409,0.014558594882077225,-0.006047173907848702,-0.005939666273038213,-0.014108839962664321,-0.015695205093532616,-0.02924300282846337,-0.03206526001013654,-0.06159935200986477,-0.0689325396904239,-0.004250623083149829,-0.00407013194165895
200602,-0.01813603839560929,0.03342665567104963,-0.036335440190266244,0.036581038898526264,-0.06748083151881201,0.05191288292124152,-0.08712723521940591,0.06150748009985707,-0.003988158125392438,0.06313805979608145,-0.034343720397907784,0.04086954659152153
200603,0.003559528323577976,0.006892410974354446,0.0028732025537406836,0.003230973952867089,0.004554803039418465,0.003441644480497552,0.005128234409567223,0.009608943061152897,0.008995095442313139,0.023316142548491903,0.003981284420145892,0.006813124453151187
200604,-0.15528453120261054,-0.07510883236057664,-0.35356653063954635,-0.08196334249170079,-0.4034618989837029,-0.08618606482781566,-0.6064386488233429,-0.11199636201696017,-0.5645479427820843,-0.11921025619798487,-0.30502050587558216,-0.08556345064388426
200605,-0.056258380161826826,-0.0383518251758348,-0.031287938600403464,-0.023304981931513202,-0.05868047229104234,-0.03538458784981646,-0.045497406158914844,-0.035656033276346255,-0.042653068049670395,-0.0405497664294856,-0.04891723221733857,-0.034197806010416665
200606,-0.08438485272954144,-0.04801990555346891,-0.1198498045241676,-0.04862386064312507,-0.15301426558568187,-0.05548457315397459,-0.15265148414247975,-0.06018327723421257,-0.2016146185027461,-0.07186805574434763,-0.1198963618155997,-0.052709425085996076
200607,0.0029251611402328903,0.00876202309058638,-0.031564745779626646,0.025399510584345197,-0.034591545397753,0.026593185912624495,-0.02903669937931963,0.028199959595224366,-0.029137998880824245,0.010783953804574975,-0.014561537541874614,0.017011184877427588
200608,-0.008958993619413658,-0.007734905921368274,-0.0016731492693899952,-0.0012698030665041493,-0.00636065377869488,-0.006435357826382715,-0.002353701112948192,0.0023859577121240205,0.008951536013966921,0.030088150271389558,-0.005704031418648725,-0.0033746173865838447
200609,-0.015311326602308384,0.03151884613867684,-0.11918519750102452,0.051192959479170574,-0.15590045402883246,0.06182123547475227,-0.12597273124457442,0.06066458216438542,-0.16398429210269905,0.08856776935221,-0.06324783438184656,0.04380955122289509
200610,-0.003575113420151821,0.01606669493483659,-0.021883770890201326,0.03170040899864157,-0.04180497776758152,0.03966758647656343,-0.05587322212421553,0.046517704709500673,-0.10930659421099698,0.07586379530233223,-0.016549944903476943,0.022644366064658916
200611,-0.0003639504404699956,0.012311268383765728,-0.003127550426089032,0.018082846231261107,-0.0005612631648148625,0.004626398384399377,0.007933016100827084,-0.015677823869522323,0.012907930614960761,-0.02270170811325145,0.00012577405480140857,0.009589290344611645
200612,-0.00448930142934123,0.02607020646645586,0.02110185056890279,0.005660908371454276,-0.006825617603902989,0.01476045032865203,-0.03011970027596278,0.027506462603417492,-0.046267152790020916,0.04766833536345039,-0.004490396300321997,0.022766922639673615
200701,0.014285948312171004,0.01292014645601458,-0.027893973606700984,-0.025946901502133635,-0.022632775902574842,-0.021138500891206613,-0.032670944983129724,-0.02952972801842657,-0.0672114637667307,-0.060593167009771465,-0.005227706922342534,-0.004978309140193593
200702,-0.021438747332811037,-0.022997831633439603,-0.0021784848582879768,-0.0012754919962314482,0.005559606656422189,0.008967706685616417,0.005595206643147166,0.00958685956308114,-0.004781427123461857,-0.003215614646255638,-0.00931377769700048,-0.008815607726165853
200703,0.00026365314956600105,0.02035193575880323,-0.0003932652007050397,0.026917619258022607,-0.021865119432771696,0.046670916996228384,-0.06340176758242988,0.06841430993447783,-0.10548443534885599,0.09125099880321119,-0.011262476753113537,0.03179207627443936
200704,0.00600946696359983,-0.010165135534764502,-0.009552028130983548,0.020319061244680303,-0.027079342012685137,0.03738612164766908,-0.06375752913301547,0.07058216784416427,-0.06527183467904996,0.06782711918841666,-0.01136619472830147,0.015061455517824118
200705,-0.018015256453295603,-0.012689659038284562,-0.0332918473624737,-0.02285312593772737,-0.059404486337486295,-0.0349779530945149,-0.09418227122782263,-0.05031321550602108,-0.13537845731292353,-0.07565499450179392,-0.04016960030543193,-0.024788899484198712
200706,-0.10728736848683473,-0.046186537861241606,-0.3923996198712445,-0.07707702757031942,-0.453849518706964,-0.0896001330944729,-0.38444575735403896,-0.08483439681294525,-0.2588803235805299,-0.09041396284076275,-0.2591297163519215,-0.06792806148460051
200707,-0.06576184747049663,-0.028343037339567667,-0.017891317043126964,-0.012395611346956992,0.029081132606454507,0.003094896721617446,-0.005554790885775596,-0.014399783207341033,0.0246843356949632,-0.017482887712291895,-0.03625109345013411,-0.019917236805503835
200708,-0.011174793388732285,0.0028741769559997854,-0.004082647039045151,0.012502847876060708,-0.0158253972454121,0.020475202103499623,-0.0726174418937009,0.04326439910493107,-0.10444469737221085,0.05449858564732668,-0.018598096215247217,0.013009672924760074
200709,0.017795204090687022,0.011494712203261037,-0.0075094513451721134,0.010953223573439086,-0.01553820497888947,0.018308091876794608,-0.021270759058386268,0.022028105843228785,-0.011585741238099967,0.02254788461214552,0.005274632555840486,0.013605507346873491
200710,-0.3799103084309907,-0.07533005772410561,-0.7238877898225136,-0.10013066181585151,-0.6611203581439118,-0.0940225516603852,-0.6212483945672864,-0.0911446743223645,-0.44496993374029326,-0.09341117105500762,-0.49467542007354703,-0.08500307663169204
200711,-0.057070719368652156,-0.03182078187168602,0.008888073999252732,-0.001603535904850295,-0.013482995277692034,-0.014643966513385953,-0.04481134745556403,-0.028498003796374016,-0.027820988484275055,-0.0222300437296028,-0.03252575235808175,-0.02144528517151878
200712,-0.038715215683920334,-0.020518083974962575,-0.24070837005350398,-0.06394031679055812,-0.31361907041747905,-0.07342933786750883,-0.29931493030953815,-0.0712327655047662,-0.34107419853758203,-0.07651109159842728,-0.14064879837817634,-0.042861156316880145
200801,-0.02507913726519928,-0.012666675689729567,-0.08643920327647314,-0.03473178813828093,-0.05729034087000362,-0.027817155128377014,-0.09498906420641129,-0.037158862655338076,-0.08821586361419809,-0.04043030346128007,-0.04993926073953059,-0.02251773146598124
200802,-0.10672250345228829,-0.04038128615912284,-0.01903690635721489,-0.01864725351637042,-0.029518859198130354,-0.026572494732175933,-0.08795127561090466,-0.04171314842992091,-0.11121952395747492,-0.0469288552789211,-0.08031616096273209,-0.0354805290223299
200803,0.012968348292666132,0.0019666423911909314,-0.01817355954585076,0.02115769006626933,-0.03851439702853132,0.03198861805658171,-0.1186050882371279,0.06378153183075319,-0.11710757408659278,0.06342365637553427,-0.017866627122322898,0.019526063070794852
200804,0.0043532311573953875,0.01362203588190114,-0.027481314575562354,0.02770483701803006,-0.05047907700593601,0.04371410083412608,-0.06599220271410289,0.050198262679333694,-0.04606778440704029,0.05123057064009484,-0.014574894435188446,0.024171250932863875
200805,-0.3054175025876589,-0.054436300737374044,-0.5451304776045094,-0.06053482617979555,-0.5703468797928846,-0.06415864341708732,-0.6193622095221583,-0.06653284991020536,-0.4886575736667278,-0.06904788927421679,-0.43404455094423966,-0.059586736132775986
200806,-0.011119368430912768,-0.008933714775345214,0.02141933835173737,0.016288091546521333,0.008556749995317303,0.005494739388840042,-0.002753253831840219,-0.0035945364754141895,-0.0355824202725894,-0.028845350874409093,-0.003605151196091283,-0.003404057740891142
200807,0.001201815829939834,-0.0027367739779702305,-0.0015396806660066265,0.011095535245656318,-0.011129453634128872,0.025847406273722395,-0.008289722841635205,0.018917791175591447,0.0011120403933707612,0.00557700600092681,-0.0016269479177473123,0.005493576516881538
200808,-0.7374547600586718,-0.05267988987749028,-0.5013225795763132,-0.043421842498337915,-0.4481177039310855,-0.04872576296028863,-0.6587954848498063,-0.053743749077844516,-0.8310211078770411,-0.051279702565946605,-0.6491216802269981,-0.05030090735914872
200809,-0.8736986742616633,-0.039304493662830176,-1.276193453919154,-0.03782292584698976,-1.4582441217489035,-0.03839344345725948,-2.1081674968366757,-0.041362785149924086,-1.5448925064989192,-0.04140509658602953,-1.190678013477044,-0.03927898969259469
200810,-0.4358773989693865,-0.03374004819936682,-0.5550963343706108,-0.038304394930017915,-0.47071702298243934,-0.035618100368074,-0.5339450280601874,-0.04472934206272594,-0.5955868458491274,-0.0505760618506208,-0.474640844455132,-0.03649088660540123
200811,0.01213116189072605,0.0028811553292554803,-0.05941777545599991,0.01534587126422371,-0.09141394515924817,0.02090191270408548,-0.10976641007858934,0.023389033471490905,-0.06731686661665637,0.01894874223573184,-0.017758798611874127,0.008531976639959526
200812,0.030255964371368016,0.012004588979407704,-0.049159878479342334,-0.01709643786219961,-0.0945664859487001,-0.0270231332110471,-0.16770405117896403,-0.04575176743440856,-0.16753572386719373,-0.04691168880222918,-0.005548436162846615,-0.00015632571660884054
200901,-0.21038766124091435,0.0265941729516449,-0.35623639916783567,0.023420037924041237,-0.35318335345028085,0.035870378930497826,-0.6619285006495732,0.04104389271000841,-0.5702847084853608,0.00738742129873915,-0.30431540254063627,0.02727577732482378
200902,-0.059672936683753175,0.013490827904355407,-0.14279154135965433,0.0033589032909394634,-0.4576328080123071,-0.06536321673818501,-0.43301857076154526,-0.05240062321378769,-0.7495175200672195,-0.07718556634839602,-0.11050681764925652,0.0032123823207621527
200903,-0.25298984549800285,0.046366547951066095,-0.49252357414254644,0.02411641078158422,-0.5234405390910417,0.018153211382639922,-0.4974161999064386,0.021458834284868278,-0.5256365466769732,0.022311936426787415,-0.3627877121574141,0.034616756012865735
200904,-0.09210556274963544,0.009717665425618471,-0.2331190251594808,-0.010602320898484896,-0.13808875148206834,-0.029010896078360604,-0.16136774347487637,-0.05870865811044568,-0.2877796779225241,-0.034640275422398226,-0.11797275352528969,0.0009080465990041198
200905,-0.0049090076174607145,0.021074808763824615,-0.0710101972349424,-0.034342442421188224,-0.04029628894787973,-0.026895939257704615,0.06808333310181269,0.01154944841611305,0.1541591038888942,0.0036119837296212376,-0.011219192591588989,0.007168530842038945
200906,-0.08542426186621088,0.010314447110481573,-0.308132181178951,-7.148418347036056e-06,-0.46429628402106426,0.005456419115756339,-0.2716017834997144,0.011065459316212611,-0.6890809142356045,0.03752530083482064,-0.21219979832316782,0.009120176396803403
200907,-0.024281441422227212,0.046515921912547054,-0.028196431580597814,0.004110363159014252,-0.03388725875143228,0.0039348777756452735,-0.11808266674288426,-0.005575989116781921,-0.06959365167963982,0.01851974684686808,-0.031508081284651324,0.0341715624365837
200908,-0.11236688271324513,0.010226886206940566,-0.2848806200779417,-0.02221047590385905,-0.3059625301005813,0.011253881150213974,-0.38293865557322193,-0.0016722315898940465,-0.30814636041031096,0.05143719320975837,-0.1803044447007509,0.00468263102065003
200909,-0.07954247238995493,-0.01408724216356938,-0.2955807910372781,-0.0074359273069659615,-0.3637530556642581,-0.03239470538017697,-0.4631274973888895,-0.044024468845150544,-0.3431044827496199,-0.056215373550942305,-0.19388451712030297,-0.02023467811147106
200910,-0.006932445108146723,-0.013025030466230492,-0.10729088808747056,-0.055009788745292054,-0.11694731880529696,-0.03238325062883507,-0.16153923391503922,-0.002852725485933183,-0.27974401229723034,0.00497819775218622,-0.04284247826945786,-0.018014971730307527
200911,-0.05064228090774425,0.0036502531608004762,-0.3805661094416679,-0.009956385354379593,-0.44522858705190216,0.017028609168697972,-0.41863451080880076,0.011641661440908502,-0.23062227322293483,-0.017157682048503764,-0.1328154525001115,0.003074180483657929
200912,0.06717588600931534,0.05318266046340492,-0.03996106200380467,-0.022925217949572696,-0.022265924312738994,0.010491865380432785,-0.09312021466596065,-0.01841135725293097,-0.07025110891997022,0.009447152906149059,0.02643757404979752,0.030145152616121718
201001,-0.02479449020837432,-0.0005188586773074988,-0.110328994955184,0.01928246777052922,-0.11050732299580335,0.030616762504704353,-0.14597667304742057,0.06228781109644277,-0.2705916881684498,0.059925116961270675,-0.07375810857114717,0.01725897228297435
201002,-0.05786297398578277,0.050412064134684575,-0.2297061252652679,0.03940400488591944,-0.34320828273656057,0.02946303360940805,-0.3366150183922654,0.022547819374419187,-0.8550931360717233,0.027641115243791536,-0.1420887044723469,0.04371507800807417
201003,-0.08683314820030108,0.05678762903500134,-0.1703478037273296,-0.010480372501918245,-0.21762010977083945,-0.022622845791750112,-0.17269783796351068,-0.005694716248843212,0.11135156173197003,0.005963835853941002,-0.10952895537914875,0.03366261652418079
201004,-0.48009537284661175,-0.12089430265985879,-0.8973055309416857,-0.054422847305183986,-0.8639877070502127,-0.05418572891753781,-1.1970045025963776,-0.07444034862471027,-1.2259814636291977,-0.08402484740904459,-0.7006793171409154,-0.09007247628657034
201005,-0.41902124491014603,-0.19332733447349337,-0.3951609404348344,-0.10747302910944834,-0.4575498822827777,-0.05883459332162788,-0.6526060517099483,-0.06945165198478542,-0.8759063295004474,-0.0838286098049319,-0.4563565385684012,-0.13614155023450447
201006,-0.037969178574915885,0.023203900602109084,-0.29978669947277936,0.025116608258812345,-0.2957835168433629,0.03495962695931554,-0.5296255900165316,0.0012926005320080813,-0.7648980472822113,0.004166343387949412,-0.20618642507310758,0.021936251630554127
201007,-0.8029499546104668,-0.6895883939048135,-1.2696796800748267,-0.7527197323066317,-0.7079433440443033,-0.42845473934640155,-0.9098239286129643,-0.4647301668769239,-0.7774722384096537,-0.3371771698963688,-0.8747618505514314,-0.6252945876519718
201008,-0.11671419950552875,0.07413228074476008,-0.580439929691487,0.07202045172808658,-0.9192243912532059,0.07852422963777861,-1.3860314345757945,0.0753378970370906,-1.467913296387242,0.08182933324937691,-0.4181629876147641,0.07498741979875079
201009,-0.05302957387601759,0.01275287600985664,-0.18672062507033793,-0.009849457982136434,-0.16560044421814424,-0.006177274755351236,-0.17468626843276325,-0.011297735115267438,-0.20559106897885338,0.04057335363843584,-0.09253895454292382,0.0077503583278765165
201010,-0.015334049694396334,-0.016241319509719077,-0.02667126471107295,-0.004434977538670948,-0.021939195280324286,0.012973059837462442,0.0010463686803469097,0.02778439638754382,-0.001106075835852538,0.013798231360466429,-0.016314332718791125,-0.005912735116428536
201011,-0.054340795156349486,0.08254741580944547,-0.21527802078279157,0.041351217083178904,-0.4133332673342909,0.06667334297284466,-0.38022378348996444,0.10008497641072778,-0.6182108562128823,0.08555714738072229,-0.16400097962922255,0.07299733967348276
201012,0.09138650688716521,0.11158548642276056,-0.14278955985980812,-0.21238513268667303,-0.09583067036200799,-0.10122568360707085,-0.04332003287941766,-0.013100060213834475,-0.08124664355749722,-0.03538249544888106,0.032780674003868415,0.044827000690848995
201101,-0.025599966969460652,0.0072586242061351,-0.04681801232609706,0.01761422771848009,-0.12798790621642153,0.03185678526271385,-0.16306460990912708,0.045530576077764895,-0.23781506380800743,0.05631697734499963,-0.05478572236871404,0.016733567933589044
201102,-0.0012947703253896048,-0.003911022948913212,-0.0032547303798931004,0.0031030432353037485,-0.003796527935784555,0.009108652998857436,-0.015226105895869368,0.01922061098959571,-0.00581996941591445,0.014360256740808097,-0.0031420336325611586,0.001769406312697952
201103,-0.0010097215482518518,-0.011464377533389136,-0.01529377623150907,0.013101428596971165,-0.034610302075983146,0.015208512068902058,-0.07437579753869894,0.034265992731359884,-0.09801766083268237,0.0552927045195547,-0.01952984160613691,0.005694241414421541
201104,-0.03691458059904762,-0.02218907680795623,-0.062132212161801315,-0.024971044076799176,-0.074655835695701,-0.02791344506850768,-0.09847948483420588,-0.03744385215791457,-0.0722932014032196,-0.039739875974548866,-0.05359900311259769,-0.02549635423192309
201105,-0.045947981230584745,-0.018966759451289894,-0.11089027963394171,-0.0399959617031056,-0.155403694087072,-0.04903267892205965,-0.24613254719523026,-0.07284997195318743,-0.2396556511440857,-0.08573274612550663,-0.08685364256810368,-0.031744282016561653
201106,0.020077351556093026,0.006819443363363709,-0.10177190493393473,-0.025034395681583277,-0.1653598692287337,-0.03486245473710037,-0.18521799118752091,-0.043837639947585716,-0.1940300757766087,-0.050252618895754164,-0.057926856459108444,-0.013775933806818186
201107,-0.366674677245332,-0.06134785600994319,-0.6864486577012672,-0.06584978231543981,-0.6989976828962565,-0.05984445772301483,-0.5748993360109451,-0.061956188260448686,-0.7020644570151893,-0.06935632659456248,-0.5316365926983448,-0.06279816471371058
201108,-0.46850412682448606,-0.04904295132464909,-0.9302826310882746,-0.04557690893871702,-1.2652356532524576,-0.04519560813254686,-1.2034386239734904,-0.04468269145218473,-1.18196546442066,-0.05149047988931543,-0.7974511112015832,-0.04731359774531252
201109,-0.03126176767795341,0.029830096329527378,-0.7613025621814797,0.04799667357422821,-1.027414852128592,0.047128490295568426,-1.1561522812461167,0.049956322115411345,-1.1819252775816191,0.05385770179252192,-0.45643086741209693,0.04162576135213458
201110,-0.05943149430718142,-0.029816281672869982,-0.03517619016848306,-0.0158510678090924,-0.024883671194384505,-0.015296149402777681,-0.03585942432016509,-0.02311819403807469,-0.04796937468687923,-0.031413543494827056,-0.047244438513269094,-0.02431556667569512
201111,-0.015281597537831093,-0.014446019535097276,0.002483280227194906,0.0005525989441610424,-0.003938761459162166,-0.0053395785156713504,-0.000370840494903657,-0.002045876120335466,-0.05507407360516581,-0.04484836709543627,-0.011868153996853259,-0.011504553130449624
201112,-0.19502290822926693,0.06321346039241749,-0.40173062732966125,0.06479607074096161,-0.4077791943189393,0.0677205373011125,-0.26713933563023895,0.05845258229632955,-0.33030248345845337,0.07574051894082146,-0.2539240648921721,0.06420030769675278
201201,-0.025155645988637954,0.034118878536699704,0.006369588836154461,0.025884854462629447,-0.03231582707571046,0.04849403498586047,-0.14083755963336664,0.08436135932447886,-0.1740145443428025,0.09656385923539235,-0.035357397211514874,0.041253112609101916
201202,-0.0070034878238518505,0.018384661197585195,0.001189086540405504,0.012352339222262532,-0.023291470940925096,0.025674917755065474,0.0025568137428853,0.01847798173102222,-0.0018767251415010566,0.034803342790495906,-0.006479430543872899,0.018604286918854185
201203,0.002210995169424357,-0.0005927639050531397,-0.06449536767114172,-0.0404982590204046,-0.06263548231390814,-0.03609596723298125,-0.04892311231034485,-0.03301469612937402,-0.055503025823204544,-0.03780814453685388,-0.017619925386715973,-0.012592152803655443
201204,-0.12747524281382838,-0.026792323782585115,-0.47395932263457397,-0.054905247786555256,-0.6413768566726865,-0.0597242317969755,-0.4754302028137347,-0.05239373600151098,-1.0125252151053838,-0.07858593301435213,-0.30728193627268197,-0.042034062511426384
201205,-0.011689634737904075,0.005511590253024057,-0.13561276233493502,0.041429284250806275,-0.16644846481190245,0.04371340453056316,-0.10006379864556458,0.0366273409272857,-0.14679022677495834,0.05759918485967486,-0.07127656513000957,0.024784947314174133
201206,-0.006776222157774736,-0.007652530896230081,-0.023865624584910705,-0.01838080718444335,-0.0181028620989947,-0.012443787399972095,-0.01651827831077113,-0.01290469883594314,0.001745396286484957,-0.002495735156201606,-0.01192582113404006,-0.010473668064945763
201207,-0.003615277988704202,0.0006587995271210012,-0.03255722812471795,0.021284188069176424,-0.05734124625416803,0.025069648682847556,-0.08603761184858527,0.03418164670602075,-0.1444782664663844,0.050000195799976166,-0.031640603418856106,0.014416210723545153
201208,-0.024718639434265555,0.03261171293752829,-0.11312091830521598,0.03991485837417308,-0.1561884027817897,0.03501325518601761,-0.05254815265427881,0.03761342919794597,-0.013458955168997866,0.0528260213396925,-0.04300481405649714,0.03403856163245145
201209,-0.014360904015634057,-0.009775198389536666,-0.13949811054323824,-0.07328546998405905,-0.08698080753620507,-0.048535035056524345,-0.06270684828458006,-0.045245132354899686,-0.035651161702185075,-0.034331374227158484,-0.04451195313476264,-0.02730507847184782
201210,-0.01001811680168263,-0.01147875504527085,0.00020943747841173366,0.0002655050343158827,0.013013035907192272,0.018203061976349355,0.008395636107774829,0.014024572557235326,0.024175230576593654,0.03416809979687996,-0.0039035003032419358,-0.003569067653994784
201211,0.0008360910782523323,0.017145431147015167,-0.01283310732195675,0.04208464593241823,-0.045032950038218056,0.06006201135824807,-0.054548756903173956,0.055372700773344996,-0.06249636541159642,0.06296504460117447,-0.011981819924957948,0.03010153796695214
201212,-0.15803187776552297,0.06166093889481283,-0.244480055314096,0.0715115239571471,-0.20557471727245136,0.05517013793154202,-0.5468630723322148,0.11014821379704287,-0.48693405113766586,0.10190361077276167,-0.2053507120103204,0.06676977862730438
201301,-0.003649354954598838,-0.0016971516927011265,-0.003918323359698661,-0.004606814833920447,-0.006669772404424679,-0.008109004963092525,-0.012170833167778339,0.0015796394478336806,0.006798699554455889,0.005246674380459226,-0.004079604753209898,-0.002184587139033356
201302,0.006153789348844141,0.04236489520526654,-0.0650731020193791,0.042227403747504666,-0.06640650142697324,0.08700582100480869,-0.12899498102785478,0.10164027374884821,-0.198220771270345,0.13760847091339623,-0.030405688551284893,0.056243983855263635
201303,-0.03364726761720882,-0.03464125433133636,0.0038162685023164222,0.004155953648894539,-0.009295470244346848,-0.009442207097933863,0.0030784359703402986,0.00528109990490877,0.01813316597216097,0.024106149134557442,-0.016804342867312805,-0.016659644196346468
201304,0.013160034857820024,0.041148727756932235,-0.006211951903916546,0.0485692540848186,-0.04303456138453021,0.05455712235310661,-0.005157500217972455,0.042333407615467666,-0.056434973260824695,0.05064211713242173,-0.0016226948234543404,0.04492916770702371
201305,0.00745462955235765,0.013363102418476713,0.01562513136432775,0.006461357888267738,0.0049741390590394285,0.008330756804391215,-0.05894971857926379,-0.029794833953690425,-0.09978222654308677,-0.03790570260690429,-0.0011350464934611892,0.006115718172486795
201306,-0.08126911542783133,0.030479681994359242,-0.16168315432213332,0.014680080006591822,-0.28933853915537533,0.021717927104441093,-0.3724172262457117,0.059950941139951586,-0.4470834382190554,0.07569606718307942,-0.14987665298708008,0.03134406091616648
201307,-0.002723824479560877,-0.008724384650278916,-0.0933696807503368,-0.044796892660384335,-0.11151297398997917,-0.04343390992584095,-0.13142657785164746,-0.03643652732775604,-0.3190055584219853,-0.1898245792735309,-0.04753234855312205,-0.026768768741342486
201308,-0.03343006568651985,0.05307819832477245,-0.17336123217592547,0.061815639357299834,-0.17411878414284998,0.0866664248141259,-0.19428486927198985,0.08196010149249067,-0.21746715583274323,0.12366656096844764,-0.08835449703700093,0.06407201185961531
201309,-0.019105078289974875,0.02463486963397843,0.002950210980701251,0.030944929360808393,0.012880100723422827,0.024752446335982725,-0.03918941581263646,0.03544563932482814,-0.10505726985024055,0.0495631542853211,-0.01699283779361993,0.02837840807374037
201310,0.008961301428749957,0.026683009797327184,-0.013289194093111467,0.0503074857463659,-0.0540815927213838,0.04112429389546601,0.0008618898142191966,0.048809977730668086,-0.03975441903909416,0.03008593190626485,-0.009931991538271179,0.03535847197644515
201311,-0.010763481600199798,0.021731179177572724,-0.0337779163411962,0.02730060964284664,-0.0431248276425511,0.026751041895972882,-0.03872531813853297,0.03142381003665251,-0.12234366527660123,0.0767848598752966,-0.028671470333575977,0.027387906548488994
201312,-0.02404507527420008,-0.01989436150870616,-0.03586128378030584,-0.04027715013443545,-0.013221708081467609,-0.016584544783550204,-0.026333625349555856,-0.03808725675846247,0.004613742301269319,-0.011194050538333666,-0.022253917704132764,-0.021939885366107692
201401,-0.10109929917049976,-0.002316772358221808,-0.1743573963881031,-0.03854436342726242,-0.25030488352960023,-0.04175376997665814,-0.32142854559959555,-0.028138448503426616,-0.6043879424667207,-0.026715719773994895,-0.19609113144496915,-0.02106819767769208
201402,0.005637640192278637,0.005930045868674072,-0.009757510857814511,-0.009775820897435894,-0.020447456715892542,-0.02069603942039322,-0.005940168427478687,-0.0066585353599804,-0.034067577366206026,-0.03471554098021201,-0.004652729556842372,-0.004643930575993549
201403,-0.03814509462448812,0.0023425617288049816,-0.11188264420514593,0.017047344719003377,-0.10555608786949278,0.012641581807990021,-0.05893286838383838,-0.019157280017377376,-0.032194717627239466,-0.049025345602718984,-0.07258380398582354,0.0019920910060866603
201404,0.006250035063035786,0.0005800610377755255,-0.010812982044268837,-0.005954353476439245,-0.02769463093949409,-0.028061759297441924,-0.056806406189106706,-0.037638032085402395,-0.10151091393191525,-0.05803388968734269,-0.016079981433898105,-0.013277620822783387
201405,-0.05503754085023371,-0.0005801290919547064,-0.20714894813661378,-0.03188671664331966,-0.24827267498947747,-0.03498141975820679,-0.3992588809863531,-0.04914061269754155,-0.3756624839152647,-0.020562287298931503,-0.17414878815167123,-0.021226627600051895
201406,-0.05207745589382706,-0.022798288867574845,-0.3379802158437426,-0.03364481560950705,-0.4350848347981633,-0.031108947335267922,-0.18607869720449322,-0.022321590137717173,-0.14579799607543364,-0.05921068964185605,-0.18901742208503536,-0.028651215929932805
201407,0.0071385436617236175,0.02599031593633261,-0.04462307114849362,0.04650120537303448,-0.040523220403427374,0.03955606705465453,-0.18256886465752364,0.1134382902117782,-0.25751030983425527,0.15585369757582224,-0.03746674639779246,0.04657576812246855
201408,-0.14753134013391578,-0.0869344224794597,-0.6313700544390166,-0.18085149518508992,-0.5186836157133674,-0.17835327560386016,-0.6555640502462188,-0.2093462383229998,-0.4850183401802486,-0.23580775929098508,-0.3257524366413005,-0.13688281436653393
201409,0.013006921767104496,-0.007900073351315928,-0.011137978828863249,0.03419678078534294,-0.011755361671818232,0.03271045284713703,0.0006350956435584587,0.026797983561225314,-0.0038084691647588542,0.018971250200181755,0.00053788424940171,0.015167081211832079
201410,-0.013004718500738033,-0.010210123883473754,-0.012054195735580198,-0.008333360175272642,0.004605241930395465,0.003339010713232504,0.002252058003704316,1.943608320131851e-05,0.02221957653176243,0.011306423814513744,-0.005841422246806616,-0.005117674601135214
201411,0.0011349445117476709,0.0011295879691112232,0.011186207453732666,0.01658075236656642,-0.011511937884434165,-0.011626344303249825,-0.02376705920376998,-0.025999591866028737,-0.10037653377853983,-0.11258774051771181,-0.002513874223160295,-0.0022310040980488832
201412,-0.007540220533660769,-0.01061683404518421,-0.09695780148340405,-0.019172770761460844,-0.0692756919303743,-0.008464473380106696,-0.03197739944677669,-0.0012381221748967164,-0.10844946589662441,-0.02916225052515875,-0.0386956723448062,-0.011902320712318337
201501,-0.03233981311088496,0.028379716089405038,-0.1923766778917133,0.017153834105584242,-0.31386370492987514,0.005174008110023998,-0.3927747734358593,-0.00016787785126837207,-0.5410592082759638,0.015604967583161655,-0.1296548175505885,0.020702311980851262
201502,0.003138892675584537,0.005242769309800721,0.02471477108548481,0.023914879024085955,-0.002234186709793917,-0.0033193617606555037,-0.0032552985863765205,-0.005255920943653125,-0.06450617072769149,-0.05404767492632079,0.0032498476072853055,0.00438808732541307
201503,0.0055551359698206015,0.013314071587600784,-0.018186131460564248,-0.009195743956017965,-0.011544564830331838,-0.025262755948815885,-0.017122755480461382,-0.028950876577369167,-0.015406535149872447,-0.0013203540388526669,0.0006108109597779965,0.006181360920525125
201504,0.008030062243213676,0.006357550461338901,0.00414403348499226,0.004674626804281212,-0.0062002912566252455,0.0005536679720035131,-0.01701456596616535,-0.0033861377058106434,0.026207822457927743,0.03698521258577814,0.00431337895634587,0.005918745934683667
201505,-0.04038372765194942,-0.03534768976068259,-0.06545272060229079,-0.04987672887889438,-0.034784559794794445,-0.04086595946641913,-0.19858448843660037,-0.16761016769950698,-0.282018797683979,-0.14980716027128937,-0.06685029178514768,-0.05484529293991791
201506,-0.09914427691749617,-0.01277892267745484,-0.08417628695456614,0.00509725499619218,-0.04930636243948339,0.014057135802449716,0.014619805946222031,0.014459336847709614,0.05324812541544377,-0.0235926270148894,-0.06031019987969333,-0.0018737236112176259
201507,-0.012910619332081597,-0.0010441137841985526,-0.056072422843870484,0.008213190247689961,-0.2768855323048629,-0.05244123913918042,-0.38710722449975643,-0.05983071037049137,-0.8542901756506089,-0.12416400890946666,-0.07679157151805649,-0.011519899485424201
201508,-0.08190861254269177,-0.01639637016518236,-0.24733280309780792,-0.02869642864901234,-0.31228564839226536,-0.026327585232335693,-0.3625362732038684,-0.027774912335009283,-0.4221712558474289,-0.06705156324156247,-0.20361729913191495,-0.025474014229671882
201509,-0.025957904844399637,0.0127115542174574,-0.13757633731555785,0.02792823328235139,-0.15074054770423473,0.037238880017462006,-0.20170743012998416,0.04296431217731611,-0.3348072445153416,0.0566336281026768,-0.11281517314669953,0.02802073044251907
201510,0.0018769496296664467,0.001385265598312646,0.0032704359586306353,0.012316535132273043,-0.03067836168030147,-0.0048102580954478835,-0.04167991001947735,-0.027823370865897923,-0.011865783531672669,-0.01857217859454785,-0.0008408510501691779,0.0008218121721845772
201511,-0.05069169517328875,-0.007148014316826767,-0.1530414194999612,-0.023241102550934478,-0.25891341636803955,-0.03340536572847075,-0.1894918834808874,-0.03469819407889019,-0.1202517818616522,-0.04035266468303744,-0.10813710331872328,-0.017919374016602596
201512,-0.1502715826207679,0.023038559020048366,-0.3510676249821867,0.04934263321882182,-0.5008246273146679,0.056538002557017686,-0.542677400578585,0.053508089099702394,-0.41344283841479634,0.023687032213534853,-0.28828487546518855,0.036864305398874864
201601,-0.06285595063966509,-0.06186889776190396,-0.10105515078858551,-0.10566551981564021,-0.17448241292059818,-0.16898979020236915,-0.20837169107634312,-0.19910889617759375,-0.33134480774325237,-0.325195930272661,-0.11586280966030071,-0.11406139117711978
201602,-0.08091449631432868,0.0362076494536554,-0.16011361311291372,0.03405406875622907,-0.36764480373304487,0.050978812296401665,-0.514382712209771,0.07417282384056145,-0.5617018865684054,0.0803807877066095,-0.17866525037801062,0.04319605258271597
201603,0.024083817051999024,0.08101138934641527,-0.05267352252888413,0.054458891092866835,-0.007174011427476978,0.05147921008604772,-0.017792100219288454,0.03791793997389836,0.0014211364336388366,0.040475386543248226,0.0039081435906800355,0.06796973388482697
201604,-0.007045089131366478,-0.006957946573865836,-0.005781612355787447,-0.005786200285965659,-0.017966166797409366,-0.018191712644496816,0.004261760714516782,0.003566976770024599,-0.017181122313079555,-0.017404615140885094,-0.007511884892892118,-0.007510052558860947
201605,0.01877931126136867,0.020529513279015976,0.014394062913707706,0.014639485496795057,-0.024786819776198676,-0.026838006976903195,-0.02321946963998367,-0.02980365352771952,-0.058590955782027665,-0.055269568648717016,0.009799733385464804,0.01066344979046463
201606,-0.03299502210735228,0.04138636675588381,-0.05823583348320449,0.04008161321922321,-0.09753103772010374,0.061274533709871126,-0.18400472407923418,0.13142166545381173,-0.17812903058535245,0.13117268198029797,-0.056683075145970596,0.05278086297500806
201607,-0.005277288018113557,0.007137006114711464,-0.0037748459575936977,0.01232440286792047,-0.004604115584040169,0.015349219858125318,-0.011402395876883631,-0.018015669100885034,-0.025947781564968908,-0.05725624277482555,-0.006120002809167913,0.005315044016984349
201608,-0.0009167467734068069,0.009189834203007563,0.0014226450157472925,0.013150891227338146,-0.003416137951635534,0.024144629976361465,-0.005823003712648767,-0.005021581776212258,-0.013157333749210132,-0.021332368721697303,-0.0004710382879820063,0.010881262111627432
201609,-0.24772047215597848,-0.11130468370452884,-0.34566416662120414,-0.11225939189732448,-0.4226258176985931,-0.15037872093817262,-0.4040880369535995,-0.12032580488779443,-0.255922043366162,-0.12113931958871471,-0.3052624300400737,-0.11758738649900935
201610,-0.02663132770743104,0.016189517711590273,-0.1507893967638423,0.04590692081365555,-0.1840465469444259,0.06219392361189513,-0.17227660563432257,0.07418744746968109,-0.11779831228944082,0.07040146334263786,-0.0833402216258452,0.0364380933506403
201611,-0.006440790274076846,0.004034860288370079,-0.012760650436192567,0.027711786301233277,0.033206354074840294,0.07423145436327405,-0.017241849854169766,-0.0225707454602857,0.03301369829956713,-0.002360137030052112,-0.0030180396404038135,0.014546959677034121
201612,-0.009371351352457369,0.02983222347377279,-0.028429896394052134,-0.030470075082419168,-0.01097645370641187,0.01094393147814654,-0.03408386777839589,0.044254844619501355,-0.05660087959248261,0.06677277839140539,-0.016030114559332453,0.02097649555960457
201701,-0.0002681501247303597,0.0037490748365212045,-0.030802897724933054,-0.01640240625465661,-0.02160228732919056,0.013215097607645165,-0.02402534000122869,0.03898551109630166,-0.0340546757231075,0.06812445341498963,-0.01392019323673388,0.005663363055395831
201702,-0.003551452947533562,0.0006570575742552709,-0.010700645091193506,-0.009673432791489134,0.002672070015396266,0.010163916764993508,0.0040055397628040446,-0.003165515510621608,-0.02581958097497683,-0.03290297555427757,-0.005088755852414639,-0.002281337023101182
201703,-0.011949520666528102,-0.012561923544041065,-0.023119409165200278,-0.022483717611587073,0.001572052576408356,0.004836126197785284,0.011038081026759072,0.013465122084872272,-0.006808918263129682,-0.005854676184588792,-0.012077585922355416,-0.011583744127799722
201704,-0.04464861125752173,-0.0314280132278677,-0.070087475100999,-0.03240284609986821,-0.06044299037195544,-0.03516090821761142,-0.03296824867647241,-0.030247235392334426,0.0613743238744755,0.0061403343817028055,-0.04526537554038601,-0.030055044023206356
201705,0.028936262563793447,0.042263921818886274,-0.05058534278905502,0.011670260858057446,-0.05809101595058852,0.030970217596380856,-0.027957121095489645,0.03844293842494939,0.032559248742666025,0.012916930431210782,0.012716776317506784,0.03703480092970857
201706,-0.01624828100909026,-0.01777869204378102,-0.010859892957423067,-0.015369391989732195,-0.03275013284345585,-0.022671594288558916,0.0074523841944790226,0.025452785397814037,0.012951805841603492,0.05765791360780714,-0.013760269975276573,-0.010340740791649816
201707,-0.034699002479126495,-0.02330761345814758,-0.05450278947653309,-0.04568768341386442,-0.012608488706292276,-0.00894359511108056,-0.03146336941810546,-0.031412870586245756,-0.0552522181101609,-0.050258267532581336,-0.03705980575816903,-0.028760473172093848
201708,-0.04618683270794155,0.03504940694673642,-0.10045378840060915,0.03522238411483214,-0.1479746038259524,0.06773261110088047,-0.06227342654162071,0.07167936424541954,0.009759888354187507,0.07645509471341849,-0.06757745941260862,0.041595955464607814
201709,-0.002831095647528592,-0.0027503653467466638,-0.009039919349936199,-0.008877453422214465,-0.01827268558658357,-0.01813246094114107,-0.00334848711645952,-0.0038402080188444376,0.020332427984911527,0.019101968309839013,-0.005122947739512496,-0.0051151595818259565
201710,0.006392778024172929,0.015974023713631436,-0.00691730476434782,0.006201699688358042,-0.024791550623346925,0.015673908330929853,-0.03334080199405154,0.013233220188994421,-0.06326370786495339,0.04380922984273916,-0.006048873199770544,0.015360937495508487
201711,-0.0070577077553453105,0.002773694958716044,-0.010312378766885066,-0.00865876491117712,-0.029151522335083335,-0.019198265811490645,0.00634633123808559,0.010036559014333979,-0.04528538500903423,0.017688078564450205,-0.008030075289891414,-0.00020674404362042154
201712,-0.004540222824705786,0.02585471897309166,-0.003350563745725177,0.012294725353125369,0.012203534258002025,0.029484572980953083,-0.04595992107391167,0.05164133628615741,-0.08874443968784873,0.08286145938404765,-0.010014281433115224,0.028724383561393285
201801,-0.16238834829802218,-0.05857465196498013,-0.17199689354119685,-0.03975406204243992,-0.23570320075401097,-0.05702306261085077,-0.37914667474583386,-0.08461668567868519,-0.5302620688552093,-0.12926679130638252,-0.21427399268461844,-0.060510820825664835
201802,0.002051629271813571,0.0023283167205397914,-0.009436050623052639,-0.008690052935859116,-0.0020697570153029865,-0.0019060489970503802,-0.0062852782514417616,-0.006600548085628599,-0.045508961050747976,-0.05364470130538024,-0.0017387359522336165,-0.0016205235457638079
201803,0.004109401541478319,0.0029859290480016565,-0.008549549699644166,0.0002870976195474828,-0.005115068421294167,0.006550741258748216,0.0024982896881671213,0.007717675608130969,-0.0073685645157046675,-0.00826998817924074,-0.0017504550502360772,0.002684070266761762
201804,-0.009126319341313804,0.010764586067422366,-0.06373318302441167,0.031428505595293865,-0.06787564966334525,0.03136146139924134,-0.06480190010334175,0.03592728299857373,-0.005708533040399422,0.05209135552622546,-0.027815124484080744,0.019334160690152036
201805,0.004743083333936804,0.004830311959365341,-0.0019658484741176263,-0.002099997951950483,-0.0009958411478097062,0.0005488527471516624,0.0017282300935413941,0.006163282883261512,-0.00229337437949817,0.00550091118461693,0.0029205068301938475,0.0034652530172104568
201806,-0.30376477973256066,-0.3085026520063634,-0.20675605331262847,-0.20901459498121633,-0.09244137853629741,-0.08586325871841893,-0.17195040914454718,-0.15899742287169105,-0.1629147461497824,-0.14010617083021426,-0.22034912757369618,-0.21957557504220482
201807,-0.064989218280185,-0.0634254262688454,-0.03235473550640888,-0.013000724471970093,-0.06407247225171275,-0.020887476531211036,-0.053207193399146036,0.012540393864128196,-0.05407496471078188,-0.0006955896474833967,-0.05652693329223557,-0.03332549363494408
201808,-0.16806409271658618,-0.15953250172301137,-0.19455866612073391,-0.17436981713306854,-0.12252344497187218,-0.11190303753255759,-0.40100739308658007,-0.3509085055843195,-0.19036243910854656,-0.2265047459911178,-0.1728819794668457,-0.16127763059757894
201809,-0.3821345013315831,-0.18926948732473603,-0.941141933741614,-0.2651013545100749,-1.448175033741279,-0.33519349453768377,-1.8308791698923113,-0.3594266870442906,-1.5644919510428688,-0.3467196226615581,-0.7809731844806185,-0.25531060999742317
201810,-0.1993373786310153,-0.19361606763195782,-0.12579347711598254,-0.1241092745592387,-0.059269005627900384,-0.06361788974281013,-0.05994135914813592,-0.06937632060224463,-0.06227190804378058,-0.0773542693014857,-0.14134406271626698,-0.14071390165192055
201811,-0.9811784033925417,-0.30211498335764264,-1.3077102394014757,-0.30260576939552175,-2.1329618192824813,-0.37449187245343984,-2.5001180273773786,-0.4042121534553331,-2.46213682931152,-0.38248073178709596,-1.3468152137658982,-0.32715090571097516
201812,-0.04729946310857791,0.04405530312500616,-0.15423148156374378,0.16545124531074895,-0.6068424171329041,0.20175500239962618,-1.0737745917023274,0.2200791608303463,-0.6705746272384623,0.1866041269363976,-0.08504317889323554,0.06557390773976812
201901,-0.02544831171400941,0.024665225963351967,-0.052791851812564516,0.03826054832770309,-0.05601211276017537,0.04410026286382107,-0.07475795717372202,0.055218788971401755,-0.11125194013534423,0.08409449282385828,-0.04095512712473526,0.03449735313000424
201902,-0.003259636211595751,-0.0033377777816481213,-0.026568710730993095,-0.019333512781518403,-0.08154006047842421,-0.05454868727982798,-0.03950260997920285,-0.03281372446521935,0.04340570545990985,0.010260948554445815,-0.013456760815374613,-0.010903049283197186
201903,0.0034598800061628188,0.007130527024580613,-0.0036308498221799823,0.010593008232559709,-0.009993020986877488,0.03399127681938363,-0.017113212117375376,0.04010157579046547,-0.04193455092378695,0.08272362772970654,-0.0034288216141529215,0.017717759151337664
201904,-0.14663108496577792,-0.04272651135245864,-0.32619328622167343,-0.06899980150093898,-0.6113787369155823,-0.10492848060154136,-0.6567947709809923,-0.10576082227728678,-0.7270285364696012,-0.12348266512086137,-0.31341366797748216,-0.06889000481633034
201905,0.0072191168138036055,0.009521813314763539,-0.04336925483657583,0.03507675530211074,-0.16093475018422754,0.07199969848775489,-0.230035720086178,0.09569671860356699,-0.4586856969528046,0.1291825398465234,-0.057002945096567226,0.03721794172362325
201906,-0.019033474368816528,-0.013110104637557907,-0.030164772018465236,-0.01874211639994039,-0.018905428076490205,-0.01556004879632611,-0.008455914993434455,-0.011960321610266611,0.06437785440096733,0.020897040102514697,-0.01742540705764828,-0.013420104342358075
201907,-0.10421467857946376,-0.032139172335699406,-0.1531604706660148,-0.03822790271301435,-0.15392042446775722,-0.04059910895546559,-0.19584790933777163,-0.0508858924252904,-0.2103778183547338,-0.06830544426893348,-0.14107070450520776,-0.03939204338969571
201908,9.84411851400191e-05,0.005351285007438977,-0.007813452248723651,0.018168767812144382,-0.0069388585513452394,0.01828138817695768,-0.00037125492397338533,0.017989937415030632,0.007255302278904585,0.018234531978008395,-0.002563824362514122,0.011829049497033006
201909,-0.007429635539903723,-0.009402033920159258,-0.002329547419326561,-0.0017214238412266436,0.008885299777844247,0.013348094183681769,0.017412641020266073,0.024443729705245,0.007164301430526376,0.013129748660842266,-0.0021177505908025474,-0.0018493943684225744
201910,0.010406288727311974,-0.0003208877870859439,-0.010404481054672399,0.010572811019671113,-0.027687145258000756,0.02556187897779938,-0.036439313120453676,0.043976165232611164,-0.09408145905036447,0.08801038537311323,-0.009402371759916095,0.013691556642481784
201911,-0.024253718420852666,0.021579870907947996,-0.05241249378987933,0.03610317582693667,-0.03572927915701363,0.031166662317717697,-0.04247360834097025,0.03646517434749852,0.045280551265490354,0.07341516187543884,-0.03158448671074243,0.028468673119548815
201912,0.008058801349075329,0.0031638827213227305,-0.04509609161543948,-0.024946970393381118,-0.12677279031586952,-0.06168879383374559,-0.08367723396243631,-0.04631385954109035,-0.06740027438159668,-0.046262339072225656,-0.010254097609247559,-0.006729789088434135
202001,-0.2973475921808173,-0.05915506082566435,-0.06460824514137875,-0.01869820287801449,-0.22711982372691408,-0.05489044753114425,-0.6279707993380259,-0.10255025081664448,-0.7892138290350692,-0.1314158388549147,-0.19221640923304206,-0.04437561045560012
202002,-0.9024038032550001,-0.08049728727993455,-1.0017244801008967,-0.06831919825316879,-1.6288401665305847,-0.08078279377422981,-1.8607238493793403,-0.08451424295845666,-1.3802750323107116,-0.09154308663793342,-1.1640126634769987,-0.07889836676329365
202003,-0.17222094553683598,0.03679090613746416,-0.24523847774851193,0.03445412136670101,-0.35940038898334525,0.04556730578306223,-0.659778711180939,0.055049607284519686,-0.7328819613059878,0.06685926433702116,-0.27728220005516513,0.04115271659490638
202004,-0.05360619078168183,0.01231750481969296,-0.057440444952957304,0.012613700940853234,-0.06915399813870393,0.0181886651168347,-0.18731365798236155,0.05262256178395042,-0.20349018394983842,0.050071320137218156,-0.06963601620148441,0.01744566413000781
202005,-0.033558613534122816,0.009650120075580082,-0.03792736982664846,0.013967506917162864,-0.044688935361057114,0.012337951533872182,-0.00016308906345452456,0.027097421297439417,-0.007849421980262727,0.029144201122832447,-0.034250511998849875,0.011521441614037897
202006,-0.01409874784636278,0.00786311010991081,-0.013306477940932648,0.005491127023108722,-0.02462965555348129,0.006595950774933024,-0.03115754333817744,0.03195649086531549,-0.1157606410813452,0.06541252028886446,-0.019742220169111757,0.010654777891282219
202007,-0.027216661115532448,0.013290732164319419,-0.02735838950925462,0.018540408721515966,-0.008992162893541877,0.011608557122018692,-0.03674228684519787,0.034314135243774246,-0.04498893631488299,0.04258609835145699,-0.02276401924701532,0.01733927839314786
202008,-0.005391977170944973,-0.006138410418722984,-0.07836340180112611,-0.020280943361927317,-0.07080880457554706,-0.020736883925679628,-0.08145118722917144,-0.0276403232803073,-0.07230106946181203,-0.037476967277394246,-0.04433995850282102,-0.01565807914855233
202009,0.003625309029818058,0.005106654033076308,0.008929189168202845,0.006547385542304274,0.007090990877271941,0.008440632997904873,0.00855481319492013,0.010182800676391213,-0.006880856768613608,-0.013013780933453623,0.004898361797786688,0.005233269601045865
202010,-0.3269568841812134,0.016817637081093295,-0.6019850049371116,0.014773025191164746,-0.5230549251178633,0.015815642845711797,-0.5074529724027657,0.016640500365237565,-0.6286037612051221,0.029584723411972158,-0.4744174717812615,0.0171478850355401
202011,-0.09088171016154645,0.007849045111164132,-0.07589049570843653,0.0026230351877271074,-0.16667526438122815,0.02187523522682877,-0.2337216622752576,0.027723469597667583,-0.011327718673628473,0.03761274459874786,-0.09907043510794389,0.009843786227639373
202012,-0.11644436760842591,0.011102185835564105,-0.03898534890961147,0.002545015355420732,-0.06553050597154231,-0.00421416527900087,-0.05162252853545879,-0.0025210027928423973,-0.011987874717166225,0.0006591711769876607,-0.041421561119781014,0.0014207918603281744
202101,-0.1350400740432025,0.02511582201570628,-0.1565913378631203,0.024438027326497802,-0.16133938244062151,0.032498230076894896,-0.045997131086268794,0.013106533446873292,0.040035226562521675,0.01678024392135169,-0.10318299161073341,0.021812399696147455
202102,-0.0025759683418609125,0.005277658110633188,0.0006369152103791187,0.00373175632709688,0.003909548868785473,-0.00019143570212865058,0.010261309954162856,-0.0023641167370358485,0.00469692331223015,0.003690510000526892,0.0003595770235460538,0.003514546157399323
202103,-0.00235213696628489,0.005764953415337448,0.0005846549175263505,0.0005130522587449837,0.0025703331602690005,0.00625506357828054,-0.03126251388007839,0.025456336090551868,-0.018657122515104207,0.021598935997128588,-0.0015420607559462063,0.003512845336328674
202104,-0.0068994724842939,0.0071516091588101904,0.0021335713865474615,0.005414331713074261,-0.004239897613510291,0.007062387785893187,0.012411185847365336,0.001431092180186555,0.008553622397660332,0.004463561141559658,-0.0014925947035298037,0.005912105855676919
202105,-0.013410270190268303,0.008505396746507965,0.0076596546281313405,0.00562517610624047,-0.014396642921374658,0.009055117504159549,-0.020282410089131675,0.015318010688215145,-0.04272970800861864,0.019104596510911565,-0.013224873374840573,0.00975017585935789
202106,-0.025588031968454272,-0.01538825083968276,-0.19233346398082918,-0.044601750156092024,-0.23526816900042924,-0.04595378717165266,-0.13376206902479826,-0.037627884916717314,-0.07863880354439967,-0.026649554611003268,-0.11980286680737096,-0.03191338135524524
202107,0.012905528607013883,0.003953233067963913,-0.008468144142884437,0.00923186108731755,-0.009617809590467763,0.010890920539870064,-0.010761881866483858,0.008825931681468946,-0.019509474210262834,0.025818142663157073,-0.006790240192146024,0.009747274323171573
202108,-0.022651174215304826,-0.01941990706275254,-0.10883490172723165,-0.036605914732934286,-0.02884255514252776,-0.01140028807833704,-0.1140871705743205,-0.03952123491793369,-0.29057165785766226,-0.07535705630704781,-0.06259563510917499,-0.024141599330445906
202109,0.006311976358494675,0.005691978136484921,-0.0023684174341329634,0.012099667008415804,-0.007144872561680504,0.013627543450191015,-0.027053399601224992,0.019659776821062125,-0.07280592144316644,0.042321096551243276,-0.010586534597370356,0.012556132056434799
202110,-0.03702573565277589,-0.012034317005100714,-0.2368206142658822,-0.036999696363744894,-0.19186335057178439,-0.03192099403871085,-0.250358609125062,-0.04164496957202757,-0.16363415602825815,-0.035950383959743704,-0.12284143567061512,-0.024475268408958417
202111,-0.02346296384212243,-0.014486722136189512,-0.020639586475251326,-0.012431193637324034,0.004080426640529322,-0.00037360587016332936,0.016598931459978483,0.0063526661614285995,0.03002443248439446,0.013345807763397666,-0.009804513235696755,-0.007307964197879935
202112,-0.08540583793560952,-0.03571245044992866,-0.47100607626073754,-0.05596163638153606,-0.5181653165740667,-0.05712451354707415,-0.5400923211568576,-0.06064890332977679,-0.42329442395103034,-0.06134821214432118,-0.3416060247250874,-0.051255410398097556
202201,-0.017829378990400713,-0.012929639827369943,-0.013163245059875983,-0.009189747021398853,0.009024926057072835,0.002615279018165162,0.003699944870781846,-0.0006563401092083421,-0.03522666129598773,-0.026217666734597467,-0.010263647203226256,-0.008403892719977879
202202,-0.0008168891532911449,0.008648879785273622,-0.0016268174758256038,0.004306961758475669,0.0012806037244029733,0.0030539908868152388,0.0008578599331924286,0.007940699160783993,-0.010244632637715245,0.019797725230940477,-0.0010960517697575778,0.00687526227886448
202203,-0.3296779592486696,-0.0577140818768489,-0.6465385899518286,-0.07059436116219975,-0.7340946538536999,-0.0738542273367142,-0.8325071237741462,-0.09045891117568194,-0.8409214016758442,-0.09775815299771184,-0.5505747650194814,-0.07031503463390609
202204,-0.05809344908301539,-0.0275201832172125,-0.04968108077267264,-0.0238309188058905,-0.021387461876183345,-0.014622788589502056,0.0008274150533134073,-0.010951008656404637,-0.002305134508409301,-0.01889540228577391,-0.03963052897198094,-0.02197361189136471
202205,-0.04691385177811469,-0.02194141858368681,-0.14904716760588332,-0.02958996525594193,-0.3408732930095828,-0.05734960763003705,-0.6793291680170652,-0.0862829041763431,-0.8836058143184156,-0.10650196202836693,-0.1855009206960887,-0.0394447832893583
202206,0.020138851015783166,0.019974950858353102,-0.07835645497160204,0.02763410087621454,-0.19032174515395095,0.05060709677215247,-0.2746743937880429,0.06487981793467834,-0.38955454582207216,0.08866862948844689,-0.09771510331690192,0.03801626937745273
202207,0.00582740725528097,0.000540388817622306,-0.021309663291770198,-0.014660446959798845,-0.031097244699633375,-0.02031916648782106,-0.026076533060105822,-0.016341142080105175,-0.12246296842561644,-0.07074746575794255,-0.0129781918630687,-0.010058139533479338
202208,-0.3630892632465863,-0.06020348250466023,-0.7478619496028556,-0.07957134845236036,-0.972823868253381,-0.09567788672695277,-1.164818881350453,-0.11289250295265374,-1.54108723795752,-0.13403853210024774,-0.6345331892126003,-0.07942998369326082
202209,0.0265628710181266,0.0019594167948890906,-0.0678143913956204,0.03734534029117886,-0.1434749512798943,0.05850499160345124,-0.15386596664836083,0.06434710423156975,-0.2144485058718708,0.082762224003049,-0.03532014613316603,0.026348816472276826
202210,0.003460591199767604,-0.007514644600794096,-0.00027403783164503537,0.003409473658061102,-0.003982317216427944,0.009385941374813633,-0.017457385606372,0.04028535008347289,-0.032231678647237194,0.06310001819210476,-0.0017386628968802942,0.005080931444973014
202211,-0.05351331583951979,-0.018053558207088427,-0.05667280693015142,-0.020245837947549195,-0.2023894674146498,-0.0533919028150982,-0.3208612439283973,-0.08008337712979041,-0.6811049450971083,-0.13994423671315026,-0.09194845955016429,-0.028504611409892577
202212,-0.12335800235982042,0.017338064211929516,-0.1981613381860401,0.040434521520951505,-0.44337807155667086,0.06633379778017834,-0.36388435740235137,0.08006089761742186,-0.21969971351500406,0.07918213385215422,-0.1508237315833032,0.0254775580591049
202301,-0.08632082801747432,-0.031972797120864094,-0.11072700463622698,-0.038172065259318044,-0.13059264386566238,-0.03403541202951321,-0.23450471252051197,-0.07291926962422468,-0.30079357078611846,-0.09880643085697671,-0.11027139364076599,-0.037717831224828524
202302,-0.1197289913310513,-0.035738348247739804,-0.22166860228606744,-0.055233120254629675,-0.1402535913501084,-0.03964820229439692,-0.06130143019443879,-0.03789407652705812,0.15136458274699238,-0.0017771326415823019,-0.12317444663176924,-0.03870465569155157
202303,-0.0008941889721953977,-0.0012952949190210283,-0.01925718952268718,-0.005949140800241892,-0.08989184281371188,-0.03601504546752343,-0.04353340620908508,-0.026343119400899395,-0.0602654084135148,-0.04251591028178292,-0.006959001616507754,-0.0037343372633005245
202304,-0.0029455200666295145,-0.0037294096662405796,0.0034877839898058705,0.0007470226274073344,-0.0294424418055641,-0.02011940911277388,-0.03899144387621356,-0.014373132477921047,-0.02434234209907271,-0.006912505605891628,-0.007644515146250086,-0.005284704548804253
202305,-0.0020511830844567314,0.009931400629289211,-0.04822660172642301,0.01736575957173425,-0.12116319800858966,0.04303925653997509,-0.22987006245351949,0.07127527657953736,-0.35661350281869364,0.08571353269291959,-0.05083501791877576,0.02373975967247155
202306,0.0034259608217361848,0.007102253907411704,-0.04801292560961312,0.009190644294778005,-0.12510114792467308,0.037387129378324335,-0.1157862308508617,0.034089574348996954,-0.15077465482006924,0.02350864750049475,-0.04212623940029747,0.013741066583877637
202307,-0.09054099368494994,-0.015148107117642917,-0.18947254695466698,-0.0193116062042078,-0.24865612763750655,-0.02500050984941815,-0.19969434939927266,-0.028078563802663714,-0.21679350033340294,-0.04482463735976605,-0.1367453885008718,-0.018916778958103952
202308,-0.09326214698287782,-0.012590898107358361,-0.3018930522542074,-0.03384964421770609,-0.3303336796492746,-0.03281448102386819,-0.45121260799902263,-0.05259620076717053,-0.6706805609804283,-0.09654737674763436,-0.17164417781175811,-0.022242914438890038
202309,-0.059046679234023625,-0.004206780386168951,-0.22149625137683282,-0.013545699693766178,-0.47658126108095344,-0.021242360278038497,-0.5035779936252962,-0.03023804260265872,-0.31727960294507396,-0.06222133202500779,-0.11871300800776807,-0.008777433553959213
202310,-0.03985686617721362,0.007101084991112283,-0.0727310147479896,-0.0018950606966341432,-0.20149474799978728,0.023200381603657783,-0.3319023453085792,0.03712939208411492,-0.5387333449168155,0.057285124812782806,-0.08393337219378272,0.008420905783556032
202311,-0.03547043468977673,0.01117012413215246,-0.16634505878871142,0.018072035228914207,-0.3085564827459544,0.05050879353309223,-0.4701608094361478,0.06279888310633241,-0.3463409754626423,0.08084658890692875,-0.08716036512133951,0.018502357063106656
202312,-0.006051203728417942,0.00031758935313175307,-0.028244993719563016,0.002182318015256146,-0.11596697898724995,0.002501867117854495,-0.16071645089213593,-0.018470738286890498,-0.05476529441522948,-0.025558306200138547,-0.022294048098054242,-0.00016085033804147386
202401,-0.016581847401491823,0.0029761440331661504,-0.02154905369587512,0.001315619302126203,-0.03391117052649739,0.005766954178499817,-0.04197343623312899,0.01994577740230652,-0.08153744275078623,0.040907501397212,-0.022483166702234936,0.005534209631627873
202402,-0.0010663535106156807,0.00354558656540771,-0.00862661795579478,-0.0001706481555052708,-0.00812973997503974,0.013400721807569238,-0.03956102022249586,0.024073057121182573,-0.07070113752461049,0.06801959016481562,-0.004930662772146599,0.005685244879058415
202403,-0.039299782281406515,-0.005692799631650702,-0.2545885984025529,-0.01456529283832575,-0.2733592059683796,-0.01842310331996644,-0.4166683451770672,-0.021740463584942082,-0.5418313941230564,-0.09099520333302569,-0.1223420093832015,-0.011863678165275893
202404,-0.00011231640991815617,0.004267045586125562,0.004894260649341731,0.017423446273337362,-0.015524689999593999,0.021783638047529363,-0.03898148558615144,0.017156290089855086,-0.005175367961222754,0.04544285939012105,-0.00041019283922127947,0.007135767705323759
202405,-0.012438322665242252,0.00010848281703113027,-0.03261823724081614,0.02522736663642755,-0.046154803944357115,-0.009974859621792342,-0.025190725805187775,0.035024074998110444,0.01834446125394884,-0.040561737970061795,-0.01737834831313556,0.0027711526543294784
202406,-0.00763257517218463,0.0026417558473640357,-0.04651683186102651,0.01035566539502808,-0.1216007626246689,0.011080246244974612,-0.23573045704868556,0.03507400040732056,0.041262818853687655,0.0432739459935344,-0.04313731780040664,0.00877009084338587
202407,-0.014968607777779086,-0.0033456601224270965,-0.027937564728141018,0.003990111918801831,-0.04150475437466894,-0.005652718932886991,0.03129981986957353,0.034746886991604,0.13325189786652936,0.053756259601322354,-0.01179243795141205,0.0015008277046140162
202408,0.0029271082926648484,0.00630129001560642,0.007380611446305418,0.004518373171398693,0.028792507847696935,0.025509362075863518,0.05034467801248843,0.0619411434481022,0.005971819663194489,0.04715230454257591,0.00812149141871854,0.010856278786361306
202409,-0.0009777848297736202,-0.0012105819920378291,-0.012270923300635062,-0.00674253325808416,0.005748923629843694,0.011692622193807622,-0.0383028265954557,-0.02636669103778111,-0.060762560663689236,-0.04876584719618471,-0.001572286174390758,-0.0014167273664469349
202410,-0.0174402796251365,-0.003111731771112014,-0.05281948679281512,0.0012187609892161388,-0.05352631905251726,0.01866139706744585,-0.128601089844526,0.014005936360947269,-0.2285920425987884,0.002254829914810963,-0.030387794379577615,-0.0005203249601040127
202411,0.0016295226827668374,-0.002799291913944124,-0.04310374123567429,-0.003878364886336527,-0.07423741575843312,-0.011377297809401554,-0.06365499342522751,-0.01867525320719743,-0.20206961746108032,-0.03585616402806635,-0.0069071214966349714,-0.004037343655819647
