yyyymm,n_estimators,max_depth,learning_rate,subsample,colsample_bytree,min_child_weight,reg_alpha,reg_lambda,search_space,n_random_search
200001,1000,4,0.01,0.8,0.3,100,0.0,0.1,"{'max_depth': [2, 3, 4], 'learning_rate': [0.001, 0.01, 0.05], 'n_estimators': [300, 500, 1000], 'min_child_weight': [10, 50, 100]}",108
200002,1000,4,0.01,0.8,0.3,100,0.0,0.1,"{'max_depth': [2, 3, 4], 'learning_rate': [0.001, 0.01, 0.05], 'n_estimators': [300, 500, 1000], 'min_child_weight': [10, 50, 100]}",108
200003,1000,4,0.01,0.8,0.3,100,0.0,0.1,"{'max_depth': [2, 3, 4], 'learning_rate': [0.001, 0.01, 0.05], 'n_estimators': [300, 500, 1000], 'min_child_weight': [10, 50, 100]}",108
200004,1000,4,0.01,0.8,0.3,100,0.0,0.1,"{'max_depth': [2, 3, 4], 'learning_rate': [0.001, 0.01, 0.05], 'n_estimators': [300, 500, 1000], 'min_child_weight': [10, 50, 100]}",108
200005,1000,4,0.01,0.8,0.3,100,0.0,0.1,"{'max_depth': [2, 3, 4], 'learning_rate': [0.001, 0.01, 0.05], 'n_estimators': [300, 500, 1000], 'min_child_weight': [10, 50, 100]}",108
200006,1000,4,0.01,0.8,0.3,100,0.0,0.1,"{'max_depth': [2, 3, 4], 'learning_rate': [0.001, 0.01, 0.05], 'n_estimators': [300, 500, 1000], 'min_child_weight': [10, 50, 100]}",108
200007,1000,4,0.01,0.8,0.3,100,0.0,0.1,"{'max_depth': [2, 3, 4], 'learning_rate': [0.001, 0.01, 0.05], 'n_estimators': [300, 500, 1000], 'min_child_weight': [10, 50, 100]}",108
200008,1000,4,0.01,0.8,0.3,100,0.0,0.1,"{'max_depth': [2, 3, 4], 'learning_rate': [0.001, 0.01, 0.05], 'n_estimators': [300, 500, 1000], 'min_child_weight': [10, 50, 100]}",108
200009,1000,4,0.01,0.8,0.3,100,0.0,0.1,"{'max_depth': [2, 3, 4], 'learning_rate': [0.001, 0.01, 0.05], 'n_estimators': [300, 500, 1000], 'min_child_weight': [10, 50, 100]}",108
200010,1000,4,0.01,0.8,0.3,100,0.0,0.1,"{'max_depth': [2, 3, 4], 'learning_rate': [0.001, 0.01, 0.05], 'n_estimators': [300, 500, 1000], 'min_child_weight': [10, 50, 100]}",108
200011,1000,4,0.01,0.8,0.3,100,0.0,0.1,"{'max_depth': [2, 3, 4], 'learning_rate': [0.001, 0.01, 0.05], 'n_estimators': [300, 500, 1000], 'min_child_weight': [10, 50, 100]}",108
200012,1000,4,0.01,0.8,0.3,100,0.0,0.1,"{'max_depth': [2, 3, 4], 'learning_rate': [0.001, 0.01, 0.05], 'n_estimators': [300, 500, 1000], 'min_child_weight': [10, 50, 100]}",108
200101,1000,4,0.05,0.8,0.3,50,0.0,0.1,"{'max_depth': [2, 3, 4], 'learning_rate': [0.001, 0.01, 0.05], 'n_estimators': [300, 500, 1000], 'min_child_weight': [10, 50, 100]}",108
200102,1000,4,0.05,0.8,0.3,50,0.0,0.1,"{'max_depth': [2, 3, 4], 'learning_rate': [0.001, 0.01, 0.05], 'n_estimators': [300, 500, 1000], 'min_child_weight': [10, 50, 100]}",108
200103,1000,4,0.05,0.8,0.3,50,0.0,0.1,"{'max_depth': [2, 3, 4], 'learning_rate': [0.001, 0.01, 0.05], 'n_estimators': [300, 500, 1000], 'min_child_weight': [10, 50, 100]}",108
200104,1000,4,0.05,0.8,0.3,50,0.0,0.1,"{'max_depth': [2, 3, 4], 'learning_rate': [0.001, 0.01, 0.05], 'n_estimators': [300, 500, 1000], 'min_child_weight': [10, 50, 100]}",108
200105,1000,4,0.05,0.8,0.3,50,0.0,0.1,"{'max_depth': [2, 3, 4], 'learning_rate': [0.001, 0.01, 0.05], 'n_estimators': [300, 500, 1000], 'min_child_weight': [10, 50, 100]}",108
200106,1000,4,0.05,0.8,0.3,50,0.0,0.1,"{'max_depth': [2, 3, 4], 'learning_rate': [0.001, 0.01, 0.05], 'n_estimators': [300, 500, 1000], 'min_child_weight': [10, 50, 100]}",108
200107,1000,4,0.05,0.8,0.3,50,0.0,0.1,"{'max_depth': [2, 3, 4], 'learning_rate': [0.001, 0.01, 0.05], 'n_estimators': [300, 500, 1000], 'min_child_weight': [10, 50, 100]}",108
200108,1000,4,0.05,0.8,0.3,50,0.0,0.1,"{'max_depth': [2, 3, 4], 'learning_rate': [0.001, 0.01, 0.05], 'n_estimators': [300, 500, 1000], 'min_child_weight': [10, 50, 100]}",108
200109,1000,4,0.05,0.8,0.3,50,0.0,0.1,"{'max_depth': [2, 3, 4], 'learning_rate': [0.001, 0.01, 0.05], 'n_estimators': [300, 500, 1000], 'min_child_weight': [10, 50, 100]}",108
200110,1000,4,0.05,0.8,0.3,50,0.0,0.1,"{'max_depth': [2, 3, 4], 'learning_rate': [0.001, 0.01, 0.05], 'n_estimators': [300, 500, 1000], 'min_child_weight': [10, 50, 100]}",108
200111,1000,4,0.05,0.8,0.3,50,0.0,0.1,"{'max_depth': [2, 3, 4], 'learning_rate': [0.001, 0.01, 0.05], 'n_estimators': [300, 500, 1000], 'min_child_weight': [10, 50, 100]}",108
200112,1000,4,0.05,0.8,0.3,50,0.0,0.1,"{'max_depth': [2, 3, 4], 'learning_rate': [0.001, 0.01, 0.05], 'n_estimators': [300, 500, 1000], 'min_child_weight': [10, 50, 100]}",108
200201,1000,4,0.01,0.8,0.3,100,0.0,0.1,"{'max_depth': [2, 3, 4], 'learning_rate': [0.001, 0.01, 0.05], 'n_estimators': [300, 500, 1000], 'min_child_weight': [10, 50, 100]}",108
200202,1000,4,0.01,0.8,0.3,100,0.0,0.1,"{'max_depth': [2, 3, 4], 'learning_rate': [0.001, 0.01, 0.05], 'n_estimators': [300, 500, 1000], 'min_child_weight': [10, 50, 100]}",108
200203,1000,4,0.01,0.8,0.3,100,0.0,0.1,"{'max_depth': [2, 3, 4], 'learning_rate': [0.001, 0.01, 0.05], 'n_estimators': [300, 500, 1000], 'min_child_weight': [10, 50, 100]}",108
200204,1000,4,0.01,0.8,0.3,100,0.0,0.1,"{'max_depth': [2, 3, 4], 'learning_rate': [0.001, 0.01, 0.05], 'n_estimators': [300, 500, 1000], 'min_child_weight': [10, 50, 100]}",108
200205,1000,4,0.01,0.8,0.3,100,0.0,0.1,"{'max_depth': [2, 3, 4], 'learning_rate': [0.001, 0.01, 0.05], 'n_estimators': [300, 500, 1000], 'min_child_weight': [10, 50, 100]}",108
200206,1000,4,0.01,0.8,0.3,100,0.0,0.1,"{'max_depth': [2, 3, 4], 'learning_rate': [0.001, 0.01, 0.05], 'n_estimators': [300, 500, 1000], 'min_child_weight': [10, 50, 100]}",108
200207,1000,4,0.01,0.8,0.3,100,0.0,0.1,"{'max_depth': [2, 3, 4], 'learning_rate': [0.001, 0.01, 0.05], 'n_estimators': [300, 500, 1000], 'min_child_weight': [10, 50, 100]}",108
200208,1000,4,0.01,0.8,0.3,100,0.0,0.1,"{'max_depth': [2, 3, 4], 'learning_rate': [0.001, 0.01, 0.05], 'n_estimators': [300, 500, 1000], 'min_child_weight': [10, 50, 100]}",108
200209,1000,4,0.01,0.8,0.3,100,0.0,0.1,"{'max_depth': [2, 3, 4], 'learning_rate': [0.001, 0.01, 0.05], 'n_estimators': [300, 500, 1000], 'min_child_weight': [10, 50, 100]}",108
200210,1000,4,0.01,0.8,0.3,100,0.0,0.1,"{'max_depth': [2, 3, 4], 'learning_rate': [0.001, 0.01, 0.05], 'n_estimators': [300, 500, 1000], 'min_child_weight': [10, 50, 100]}",108
200211,1000,4,0.01,0.8,0.3,100,0.0,0.1,"{'max_depth': [2, 3, 4], 'learning_rate': [0.001, 0.01, 0.05], 'n_estimators': [300, 500, 1000], 'min_child_weight': [10, 50, 100]}",108
200212,1000,4,0.01,0.8,0.3,100,0.0,0.1,"{'max_depth': [2, 3, 4], 'learning_rate': [0.001, 0.01, 0.05], 'n_estimators': [300, 500, 1000], 'min_child_weight': [10, 50, 100]}",108
200301,300,3,0.05,0.8,0.3,10,0.0,0.1,"{'max_depth': [2, 3, 4], 'learning_rate': [0.001, 0.01, 0.05], 'n_estimators': [300, 500, 1000], 'min_child_weight': [10, 50, 100]}",108
200302,300,3,0.05,0.8,0.3,10,0.0,0.1,"{'max_depth': [2, 3, 4], 'learning_rate': [0.001, 0.01, 0.05], 'n_estimators': [300, 500, 1000], 'min_child_weight': [10, 50, 100]}",108
200303,300,3,0.05,0.8,0.3,10,0.0,0.1,"{'max_depth': [2, 3, 4], 'learning_rate': [0.001, 0.01, 0.05], 'n_estimators': [300, 500, 1000], 'min_child_weight': [10, 50, 100]}",108
200304,300,3,0.05,0.8,0.3,10,0.0,0.1,"{'max_depth': [2, 3, 4], 'learning_rate': [0.001, 0.01, 0.05], 'n_estimators': [300, 500, 1000], 'min_child_weight': [10, 50, 100]}",108
200305,300,3,0.05,0.8,0.3,10,0.0,0.1,"{'max_depth': [2, 3, 4], 'learning_rate': [0.001, 0.01, 0.05], 'n_estimators': [300, 500, 1000], 'min_child_weight': [10, 50, 100]}",108
200306,300,3,0.05,0.8,0.3,10,0.0,0.1,"{'max_depth': [2, 3, 4], 'learning_rate': [0.001, 0.01, 0.05], 'n_estimators': [300, 500, 1000], 'min_child_weight': [10, 50, 100]}",108
200307,300,3,0.05,0.8,0.3,10,0.0,0.1,"{'max_depth': [2, 3, 4], 'learning_rate': [0.001, 0.01, 0.05], 'n_estimators': [300, 500, 1000], 'min_child_weight': [10, 50, 100]}",108
200308,300,3,0.05,0.8,0.3,10,0.0,0.1,"{'max_depth': [2, 3, 4], 'learning_rate': [0.001, 0.01, 0.05], 'n_estimators': [300, 500, 1000], 'min_child_weight': [10, 50, 100]}",108
200309,300,3,0.05,0.8,0.3,10,0.0,0.1,"{'max_depth': [2, 3, 4], 'learning_rate': [0.001, 0.01, 0.05], 'n_estimators': [300, 500, 1000], 'min_child_weight': [10, 50, 100]}",108
200310,300,3,0.05,0.8,0.3,10,0.0,0.1,"{'max_depth': [2, 3, 4], 'learning_rate': [0.001, 0.01, 0.05], 'n_estimators': [300, 500, 1000], 'min_child_weight': [10, 50, 100]}",108
200311,300,3,0.05,0.8,0.3,10,0.0,0.1,"{'max_depth': [2, 3, 4], 'learning_rate': [0.001, 0.01, 0.05], 'n_estimators': [300, 500, 1000], 'min_child_weight': [10, 50, 100]}",108
200312,300,3,0.05,0.8,0.3,10,0.0,0.1,"{'max_depth': [2, 3, 4], 'learning_rate': [0.001, 0.01, 0.05], 'n_estimators': [300, 500, 1000], 'min_child_weight': [10, 50, 100]}",108
200401,500,3,0.01,0.8,0.3,100,0.0,0.1,"{'max_depth': [2, 3, 4], 'learning_rate': [0.001, 0.01, 0.05], 'n_estimators': [300, 500, 1000], 'min_child_weight': [10, 50, 100]}",108
200402,500,3,0.01,0.8,0.3,100,0.0,0.1,"{'max_depth': [2, 3, 4], 'learning_rate': [0.001, 0.01, 0.05], 'n_estimators': [300, 500, 1000], 'min_child_weight': [10, 50, 100]}",108
200403,500,3,0.01,0.8,0.3,100,0.0,0.1,"{'max_depth': [2, 3, 4], 'learning_rate': [0.001, 0.01, 0.05], 'n_estimators': [300, 500, 1000], 'min_child_weight': [10, 50, 100]}",108
200404,500,3,0.01,0.8,0.3,100,0.0,0.1,"{'max_depth': [2, 3, 4], 'learning_rate': [0.001, 0.01, 0.05], 'n_estimators': [300, 500, 1000], 'min_child_weight': [10, 50, 100]}",108
200405,500,3,0.01,0.8,0.3,100,0.0,0.1,"{'max_depth': [2, 3, 4], 'learning_rate': [0.001, 0.01, 0.05], 'n_estimators': [300, 500, 1000], 'min_child_weight': [10, 50, 100]}",108
200406,500,3,0.01,0.8,0.3,100,0.0,0.1,"{'max_depth': [2, 3, 4], 'learning_rate': [0.001, 0.01, 0.05], 'n_estimators': [300, 500, 1000], 'min_child_weight': [10, 50, 100]}",108
200407,500,3,0.01,0.8,0.3,100,0.0,0.1,"{'max_depth': [2, 3, 4], 'learning_rate': [0.001, 0.01, 0.05], 'n_estimators': [300, 500, 1000], 'min_child_weight': [10, 50, 100]}",108
200408,500,3,0.01,0.8,0.3,100,0.0,0.1,"{'max_depth': [2, 3, 4], 'learning_rate': [0.001, 0.01, 0.05], 'n_estimators': [300, 500, 1000], 'min_child_weight': [10, 50, 100]}",108
200409,500,3,0.01,0.8,0.3,100,0.0,0.1,"{'max_depth': [2, 3, 4], 'learning_rate': [0.001, 0.01, 0.05], 'n_estimators': [300, 500, 1000], 'min_child_weight': [10, 50, 100]}",108
200410,500,3,0.01,0.8,0.3,100,0.0,0.1,"{'max_depth': [2, 3, 4], 'learning_rate': [0.001, 0.01, 0.05], 'n_estimators': [300, 500, 1000], 'min_child_weight': [10, 50, 100]}",108
200411,500,3,0.01,0.8,0.3,100,0.0,0.1,"{'max_depth': [2, 3, 4], 'learning_rate': [0.001, 0.01, 0.05], 'n_estimators': [300, 500, 1000], 'min_child_weight': [10, 50, 100]}",108
200412,500,3,0.01,0.8,0.3,100,0.0,0.1,"{'max_depth': [2, 3, 4], 'learning_rate': [0.001, 0.01, 0.05], 'n_estimators': [300, 500, 1000], 'min_child_weight': [10, 50, 100]}",108
200501,500,3,0.01,0.8,0.3,10,0.0,0.1,"{'max_depth': [2, 3, 4], 'learning_rate': [0.001, 0.01, 0.05], 'n_estimators': [300, 500, 1000], 'min_child_weight': [10, 50, 100]}",108
200502,500,3,0.01,0.8,0.3,10,0.0,0.1,"{'max_depth': [2, 3, 4], 'learning_rate': [0.001, 0.01, 0.05], 'n_estimators': [300, 500, 1000], 'min_child_weight': [10, 50, 100]}",108
200503,500,3,0.01,0.8,0.3,10,0.0,0.1,"{'max_depth': [2, 3, 4], 'learning_rate': [0.001, 0.01, 0.05], 'n_estimators': [300, 500, 1000], 'min_child_weight': [10, 50, 100]}",108
200504,500,3,0.01,0.8,0.3,10,0.0,0.1,"{'max_depth': [2, 3, 4], 'learning_rate': [0.001, 0.01, 0.05], 'n_estimators': [300, 500, 1000], 'min_child_weight': [10, 50, 100]}",108
200505,500,3,0.01,0.8,0.3,10,0.0,0.1,"{'max_depth': [2, 3, 4], 'learning_rate': [0.001, 0.01, 0.05], 'n_estimators': [300, 500, 1000], 'min_child_weight': [10, 50, 100]}",108
200506,500,3,0.01,0.8,0.3,10,0.0,0.1,"{'max_depth': [2, 3, 4], 'learning_rate': [0.001, 0.01, 0.05], 'n_estimators': [300, 500, 1000], 'min_child_weight': [10, 50, 100]}",108
200507,500,3,0.01,0.8,0.3,10,0.0,0.1,"{'max_depth': [2, 3, 4], 'learning_rate': [0.001, 0.01, 0.05], 'n_estimators': [300, 500, 1000], 'min_child_weight': [10, 50, 100]}",108
200508,500,3,0.01,0.8,0.3,10,0.0,0.1,"{'max_depth': [2, 3, 4], 'learning_rate': [0.001, 0.01, 0.05], 'n_estimators': [300, 500, 1000], 'min_child_weight': [10, 50, 100]}",108
200509,500,3,0.01,0.8,0.3,10,0.0,0.1,"{'max_depth': [2, 3, 4], 'learning_rate': [0.001, 0.01, 0.05], 'n_estimators': [300, 500, 1000], 'min_child_weight': [10, 50, 100]}",108
200510,500,3,0.01,0.8,0.3,10,0.0,0.1,"{'max_depth': [2, 3, 4], 'learning_rate': [0.001, 0.01, 0.05], 'n_estimators': [300, 500, 1000], 'min_child_weight': [10, 50, 100]}",108
200511,500,3,0.01,0.8,0.3,10,0.0,0.1,"{'max_depth': [2, 3, 4], 'learning_rate': [0.001, 0.01, 0.05], 'n_estimators': [300, 500, 1000], 'min_child_weight': [10, 50, 100]}",108
200512,500,3,0.01,0.8,0.3,10,0.0,0.1,"{'max_depth': [2, 3, 4], 'learning_rate': [0.001, 0.01, 0.05], 'n_estimators': [300, 500, 1000], 'min_child_weight': [10, 50, 100]}",108
200601,300,2,0.001,0.8,0.3,10,0.0,0.1,"{'max_depth': [2, 3, 4], 'learning_rate': [0.001, 0.01, 0.05], 'n_estimators': [300, 500, 1000], 'min_child_weight': [10, 50, 100]}",108
200602,300,2,0.001,0.8,0.3,10,0.0,0.1,"{'max_depth': [2, 3, 4], 'learning_rate': [0.001, 0.01, 0.05], 'n_estimators': [300, 500, 1000], 'min_child_weight': [10, 50, 100]}",108
200603,300,2,0.001,0.8,0.3,10,0.0,0.1,"{'max_depth': [2, 3, 4], 'learning_rate': [0.001, 0.01, 0.05], 'n_estimators': [300, 500, 1000], 'min_child_weight': [10, 50, 100]}",108
200604,300,2,0.001,0.8,0.3,10,0.0,0.1,"{'max_depth': [2, 3, 4], 'learning_rate': [0.001, 0.01, 0.05], 'n_estimators': [300, 500, 1000], 'min_child_weight': [10, 50, 100]}",108
200605,300,2,0.001,0.8,0.3,10,0.0,0.1,"{'max_depth': [2, 3, 4], 'learning_rate': [0.001, 0.01, 0.05], 'n_estimators': [300, 500, 1000], 'min_child_weight': [10, 50, 100]}",108
200606,300,2,0.001,0.8,0.3,10,0.0,0.1,"{'max_depth': [2, 3, 4], 'learning_rate': [0.001, 0.01, 0.05], 'n_estimators': [300, 500, 1000], 'min_child_weight': [10, 50, 100]}",108
200607,300,2,0.001,0.8,0.3,10,0.0,0.1,"{'max_depth': [2, 3, 4], 'learning_rate': [0.001, 0.01, 0.05], 'n_estimators': [300, 500, 1000], 'min_child_weight': [10, 50, 100]}",108
200608,300,2,0.001,0.8,0.3,10,0.0,0.1,"{'max_depth': [2, 3, 4], 'learning_rate': [0.001, 0.01, 0.05], 'n_estimators': [300, 500, 1000], 'min_child_weight': [10, 50, 100]}",108
200609,300,2,0.001,0.8,0.3,10,0.0,0.1,"{'max_depth': [2, 3, 4], 'learning_rate': [0.001, 0.01, 0.05], 'n_estimators': [300, 500, 1000], 'min_child_weight': [10, 50, 100]}",108
200610,300,2,0.001,0.8,0.3,10,0.0,0.1,"{'max_depth': [2, 3, 4], 'learning_rate': [0.001, 0.01, 0.05], 'n_estimators': [300, 500, 1000], 'min_child_weight': [10, 50, 100]}",108
200611,300,2,0.001,0.8,0.3,10,0.0,0.1,"{'max_depth': [2, 3, 4], 'learning_rate': [0.001, 0.01, 0.05], 'n_estimators': [300, 500, 1000], 'min_child_weight': [10, 50, 100]}",108
200612,300,2,0.001,0.8,0.3,10,0.0,0.1,"{'max_depth': [2, 3, 4], 'learning_rate': [0.001, 0.01, 0.05], 'n_estimators': [300, 500, 1000], 'min_child_weight': [10, 50, 100]}",108
200701,300,2,0.001,0.8,0.3,10,0.0,0.1,"{'max_depth': [2, 3, 4], 'learning_rate': [0.001, 0.01, 0.05], 'n_estimators': [300, 500, 1000], 'min_child_weight': [10, 50, 100]}",108
200702,300,2,0.001,0.8,0.3,10,0.0,0.1,"{'max_depth': [2, 3, 4], 'learning_rate': [0.001, 0.01, 0.05], 'n_estimators': [300, 500, 1000], 'min_child_weight': [10, 50, 100]}",108
200703,300,2,0.001,0.8,0.3,10,0.0,0.1,"{'max_depth': [2, 3, 4], 'learning_rate': [0.001, 0.01, 0.05], 'n_estimators': [300, 500, 1000], 'min_child_weight': [10, 50, 100]}",108
200704,300,2,0.001,0.8,0.3,10,0.0,0.1,"{'max_depth': [2, 3, 4], 'learning_rate': [0.001, 0.01, 0.05], 'n_estimators': [300, 500, 1000], 'min_child_weight': [10, 50, 100]}",108
200705,300,2,0.001,0.8,0.3,10,0.0,0.1,"{'max_depth': [2, 3, 4], 'learning_rate': [0.001, 0.01, 0.05], 'n_estimators': [300, 500, 1000], 'min_child_weight': [10, 50, 100]}",108
200706,300,2,0.001,0.8,0.3,10,0.0,0.1,"{'max_depth': [2, 3, 4], 'learning_rate': [0.001, 0.01, 0.05], 'n_estimators': [300, 500, 1000], 'min_child_weight': [10, 50, 100]}",108
200707,300,2,0.001,0.8,0.3,10,0.0,0.1,"{'max_depth': [2, 3, 4], 'learning_rate': [0.001, 0.01, 0.05], 'n_estimators': [300, 500, 1000], 'min_child_weight': [10, 50, 100]}",108
200708,300,2,0.001,0.8,0.3,10,0.0,0.1,"{'max_depth': [2, 3, 4], 'learning_rate': [0.001, 0.01, 0.05], 'n_estimators': [300, 500, 1000], 'min_child_weight': [10, 50, 100]}",108
200709,300,2,0.001,0.8,0.3,10,0.0,0.1,"{'max_depth': [2, 3, 4], 'learning_rate': [0.001, 0.01, 0.05], 'n_estimators': [300, 500, 1000], 'min_child_weight': [10, 50, 100]}",108
200710,300,2,0.001,0.8,0.3,10,0.0,0.1,"{'max_depth': [2, 3, 4], 'learning_rate': [0.001, 0.01, 0.05], 'n_estimators': [300, 500, 1000], 'min_child_weight': [10, 50, 100]}",108
200711,300,2,0.001,0.8,0.3,10,0.0,0.1,"{'max_depth': [2, 3, 4], 'learning_rate': [0.001, 0.01, 0.05], 'n_estimators': [300, 500, 1000], 'min_child_weight': [10, 50, 100]}",108
200712,300,2,0.001,0.8,0.3,10,0.0,0.1,"{'max_depth': [2, 3, 4], 'learning_rate': [0.001, 0.01, 0.05], 'n_estimators': [300, 500, 1000], 'min_child_weight': [10, 50, 100]}",108
200801,300,3,0.001,0.8,0.3,50,0.0,0.1,"{'max_depth': [2, 3, 4], 'learning_rate': [0.001, 0.01, 0.05], 'n_estimators': [300, 500, 1000], 'min_child_weight': [10, 50, 100]}",108
200802,300,3,0.001,0.8,0.3,50,0.0,0.1,"{'max_depth': [2, 3, 4], 'learning_rate': [0.001, 0.01, 0.05], 'n_estimators': [300, 500, 1000], 'min_child_weight': [10, 50, 100]}",108
200803,300,3,0.001,0.8,0.3,50,0.0,0.1,"{'max_depth': [2, 3, 4], 'learning_rate': [0.001, 0.01, 0.05], 'n_estimators': [300, 500, 1000], 'min_child_weight': [10, 50, 100]}",108
200804,300,3,0.001,0.8,0.3,50,0.0,0.1,"{'max_depth': [2, 3, 4], 'learning_rate': [0.001, 0.01, 0.05], 'n_estimators': [300, 500, 1000], 'min_child_weight': [10, 50, 100]}",108
200805,300,3,0.001,0.8,0.3,50,0.0,0.1,"{'max_depth': [2, 3, 4], 'learning_rate': [0.001, 0.01, 0.05], 'n_estimators': [300, 500, 1000], 'min_child_weight': [10, 50, 100]}",108
200806,300,3,0.001,0.8,0.3,50,0.0,0.1,"{'max_depth': [2, 3, 4], 'learning_rate': [0.001, 0.01, 0.05], 'n_estimators': [300, 500, 1000], 'min_child_weight': [10, 50, 100]}",108
200807,300,3,0.001,0.8,0.3,50,0.0,0.1,"{'max_depth': [2, 3, 4], 'learning_rate': [0.001, 0.01, 0.05], 'n_estimators': [300, 500, 1000], 'min_child_weight': [10, 50, 100]}",108
200808,300,3,0.001,0.8,0.3,50,0.0,0.1,"{'max_depth': [2, 3, 4], 'learning_rate': [0.001, 0.01, 0.05], 'n_estimators': [300, 500, 1000], 'min_child_weight': [10, 50, 100]}",108
200809,300,3,0.001,0.8,0.3,50,0.0,0.1,"{'max_depth': [2, 3, 4], 'learning_rate': [0.001, 0.01, 0.05], 'n_estimators': [300, 500, 1000], 'min_child_weight': [10, 50, 100]}",108
200810,300,3,0.001,0.8,0.3,50,0.0,0.1,"{'max_depth': [2, 3, 4], 'learning_rate': [0.001, 0.01, 0.05], 'n_estimators': [300, 500, 1000], 'min_child_weight': [10, 50, 100]}",108
200811,300,3,0.001,0.8,0.3,50,0.0,0.1,"{'max_depth': [2, 3, 4], 'learning_rate': [0.001, 0.01, 0.05], 'n_estimators': [300, 500, 1000], 'min_child_weight': [10, 50, 100]}",108
200812,300,3,0.001,0.8,0.3,50,0.0,0.1,"{'max_depth': [2, 3, 4], 'learning_rate': [0.001, 0.01, 0.05], 'n_estimators': [300, 500, 1000], 'min_child_weight': [10, 50, 100]}",108
200901,500,3,0.05,0.8,0.3,50,0.0,0.1,"{'max_depth': [2, 3, 4], 'learning_rate': [0.001, 0.01, 0.05], 'n_estimators': [300, 500, 1000], 'min_child_weight': [10, 50, 100]}",108
200902,500,3,0.05,0.8,0.3,50,0.0,0.1,"{'max_depth': [2, 3, 4], 'learning_rate': [0.001, 0.01, 0.05], 'n_estimators': [300, 500, 1000], 'min_child_weight': [10, 50, 100]}",108
200903,500,3,0.05,0.8,0.3,50,0.0,0.1,"{'max_depth': [2, 3, 4], 'learning_rate': [0.001, 0.01, 0.05], 'n_estimators': [300, 500, 1000], 'min_child_weight': [10, 50, 100]}",108
200904,500,3,0.05,0.8,0.3,50,0.0,0.1,"{'max_depth': [2, 3, 4], 'learning_rate': [0.001, 0.01, 0.05], 'n_estimators': [300, 500, 1000], 'min_child_weight': [10, 50, 100]}",108
200905,500,3,0.05,0.8,0.3,50,0.0,0.1,"{'max_depth': [2, 3, 4], 'learning_rate': [0.001, 0.01, 0.05], 'n_estimators': [300, 500, 1000], 'min_child_weight': [10, 50, 100]}",108
200906,500,3,0.05,0.8,0.3,50,0.0,0.1,"{'max_depth': [2, 3, 4], 'learning_rate': [0.001, 0.01, 0.05], 'n_estimators': [300, 500, 1000], 'min_child_weight': [10, 50, 100]}",108
200907,500,3,0.05,0.8,0.3,50,0.0,0.1,"{'max_depth': [2, 3, 4], 'learning_rate': [0.001, 0.01, 0.05], 'n_estimators': [300, 500, 1000], 'min_child_weight': [10, 50, 100]}",108
200908,500,3,0.05,0.8,0.3,50,0.0,0.1,"{'max_depth': [2, 3, 4], 'learning_rate': [0.001, 0.01, 0.05], 'n_estimators': [300, 500, 1000], 'min_child_weight': [10, 50, 100]}",108
200909,500,3,0.05,0.8,0.3,50,0.0,0.1,"{'max_depth': [2, 3, 4], 'learning_rate': [0.001, 0.01, 0.05], 'n_estimators': [300, 500, 1000], 'min_child_weight': [10, 50, 100]}",108
200910,500,3,0.05,0.8,0.3,50,0.0,0.1,"{'max_depth': [2, 3, 4], 'learning_rate': [0.001, 0.01, 0.05], 'n_estimators': [300, 500, 1000], 'min_child_weight': [10, 50, 100]}",108
200911,500,3,0.05,0.8,0.3,50,0.0,0.1,"{'max_depth': [2, 3, 4], 'learning_rate': [0.001, 0.01, 0.05], 'n_estimators': [300, 500, 1000], 'min_child_weight': [10, 50, 100]}",108
200912,500,3,0.05,0.8,0.3,50,0.0,0.1,"{'max_depth': [2, 3, 4], 'learning_rate': [0.001, 0.01, 0.05], 'n_estimators': [300, 500, 1000], 'min_child_weight': [10, 50, 100]}",108
201001,300,3,0.05,0.8,0.3,100,0.0,0.1,"{'max_depth': [2, 3, 4], 'learning_rate': [0.001, 0.01, 0.05], 'n_estimators': [300, 500, 1000], 'min_child_weight': [10, 50, 100]}",108
201002,300,3,0.05,0.8,0.3,100,0.0,0.1,"{'max_depth': [2, 3, 4], 'learning_rate': [0.001, 0.01, 0.05], 'n_estimators': [300, 500, 1000], 'min_child_weight': [10, 50, 100]}",108
201003,300,3,0.05,0.8,0.3,100,0.0,0.1,"{'max_depth': [2, 3, 4], 'learning_rate': [0.001, 0.01, 0.05], 'n_estimators': [300, 500, 1000], 'min_child_weight': [10, 50, 100]}",108
201004,300,3,0.05,0.8,0.3,100,0.0,0.1,"{'max_depth': [2, 3, 4], 'learning_rate': [0.001, 0.01, 0.05], 'n_estimators': [300, 500, 1000], 'min_child_weight': [10, 50, 100]}",108
201005,300,3,0.05,0.8,0.3,100,0.0,0.1,"{'max_depth': [2, 3, 4], 'learning_rate': [0.001, 0.01, 0.05], 'n_estimators': [300, 500, 1000], 'min_child_weight': [10, 50, 100]}",108
201006,300,3,0.05,0.8,0.3,100,0.0,0.1,"{'max_depth': [2, 3, 4], 'learning_rate': [0.001, 0.01, 0.05], 'n_estimators': [300, 500, 1000], 'min_child_weight': [10, 50, 100]}",108
201007,300,3,0.05,0.8,0.3,100,0.0,0.1,"{'max_depth': [2, 3, 4], 'learning_rate': [0.001, 0.01, 0.05], 'n_estimators': [300, 500, 1000], 'min_child_weight': [10, 50, 100]}",108
201008,300,3,0.05,0.8,0.3,100,0.0,0.1,"{'max_depth': [2, 3, 4], 'learning_rate': [0.001, 0.01, 0.05], 'n_estimators': [300, 500, 1000], 'min_child_weight': [10, 50, 100]}",108
201009,300,3,0.05,0.8,0.3,100,0.0,0.1,"{'max_depth': [2, 3, 4], 'learning_rate': [0.001, 0.01, 0.05], 'n_estimators': [300, 500, 1000], 'min_child_weight': [10, 50, 100]}",108
201010,300,3,0.05,0.8,0.3,100,0.0,0.1,"{'max_depth': [2, 3, 4], 'learning_rate': [0.001, 0.01, 0.05], 'n_estimators': [300, 500, 1000], 'min_child_weight': [10, 50, 100]}",108
201011,300,3,0.05,0.8,0.3,100,0.0,0.1,"{'max_depth': [2, 3, 4], 'learning_rate': [0.001, 0.01, 0.05], 'n_estimators': [300, 500, 1000], 'min_child_weight': [10, 50, 100]}",108
201012,300,3,0.05,0.8,0.3,100,0.0,0.1,"{'max_depth': [2, 3, 4], 'learning_rate': [0.001, 0.01, 0.05], 'n_estimators': [300, 500, 1000], 'min_child_weight': [10, 50, 100]}",108
201101,1000,2,0.001,0.8,0.3,10,0.0,0.1,"{'max_depth': [2, 3, 4], 'learning_rate': [0.001, 0.01, 0.05], 'n_estimators': [300, 500, 1000], 'min_child_weight': [10, 50, 100]}",108
201102,1000,2,0.001,0.8,0.3,10,0.0,0.1,"{'max_depth': [2, 3, 4], 'learning_rate': [0.001, 0.01, 0.05], 'n_estimators': [300, 500, 1000], 'min_child_weight': [10, 50, 100]}",108
201103,1000,2,0.001,0.8,0.3,10,0.0,0.1,"{'max_depth': [2, 3, 4], 'learning_rate': [0.001, 0.01, 0.05], 'n_estimators': [300, 500, 1000], 'min_child_weight': [10, 50, 100]}",108
201104,1000,2,0.001,0.8,0.3,10,0.0,0.1,"{'max_depth': [2, 3, 4], 'learning_rate': [0.001, 0.01, 0.05], 'n_estimators': [300, 500, 1000], 'min_child_weight': [10, 50, 100]}",108
201105,1000,2,0.001,0.8,0.3,10,0.0,0.1,"{'max_depth': [2, 3, 4], 'learning_rate': [0.001, 0.01, 0.05], 'n_estimators': [300, 500, 1000], 'min_child_weight': [10, 50, 100]}",108
201106,1000,2,0.001,0.8,0.3,10,0.0,0.1,"{'max_depth': [2, 3, 4], 'learning_rate': [0.001, 0.01, 0.05], 'n_estimators': [300, 500, 1000], 'min_child_weight': [10, 50, 100]}",108
201107,1000,2,0.001,0.8,0.3,10,0.0,0.1,"{'max_depth': [2, 3, 4], 'learning_rate': [0.001, 0.01, 0.05], 'n_estimators': [300, 500, 1000], 'min_child_weight': [10, 50, 100]}",108
201108,1000,2,0.001,0.8,0.3,10,0.0,0.1,"{'max_depth': [2, 3, 4], 'learning_rate': [0.001, 0.01, 0.05], 'n_estimators': [300, 500, 1000], 'min_child_weight': [10, 50, 100]}",108
201109,1000,2,0.001,0.8,0.3,10,0.0,0.1,"{'max_depth': [2, 3, 4], 'learning_rate': [0.001, 0.01, 0.05], 'n_estimators': [300, 500, 1000], 'min_child_weight': [10, 50, 100]}",108
201110,1000,2,0.001,0.8,0.3,10,0.0,0.1,"{'max_depth': [2, 3, 4], 'learning_rate': [0.001, 0.01, 0.05], 'n_estimators': [300, 500, 1000], 'min_child_weight': [10, 50, 100]}",108
201111,1000,2,0.001,0.8,0.3,10,0.0,0.1,"{'max_depth': [2, 3, 4], 'learning_rate': [0.001, 0.01, 0.05], 'n_estimators': [300, 500, 1000], 'min_child_weight': [10, 50, 100]}",108
201112,1000,2,0.001,0.8,0.3,10,0.0,0.1,"{'max_depth': [2, 3, 4], 'learning_rate': [0.001, 0.01, 0.05], 'n_estimators': [300, 500, 1000], 'min_child_weight': [10, 50, 100]}",108
201201,1000,4,0.001,0.8,0.3,10,0.0,0.1,"{'max_depth': [2, 3, 4], 'learning_rate': [0.001, 0.01, 0.05], 'n_estimators': [300, 500, 1000], 'min_child_weight': [10, 50, 100]}",108
201202,1000,4,0.001,0.8,0.3,10,0.0,0.1,"{'max_depth': [2, 3, 4], 'learning_rate': [0.001, 0.01, 0.05], 'n_estimators': [300, 500, 1000], 'min_child_weight': [10, 50, 100]}",108
201203,1000,4,0.001,0.8,0.3,10,0.0,0.1,"{'max_depth': [2, 3, 4], 'learning_rate': [0.001, 0.01, 0.05], 'n_estimators': [300, 500, 1000], 'min_child_weight': [10, 50, 100]}",108
201204,1000,4,0.001,0.8,0.3,10,0.0,0.1,"{'max_depth': [2, 3, 4], 'learning_rate': [0.001, 0.01, 0.05], 'n_estimators': [300, 500, 1000], 'min_child_weight': [10, 50, 100]}",108
201205,1000,4,0.001,0.8,0.3,10,0.0,0.1,"{'max_depth': [2, 3, 4], 'learning_rate': [0.001, 0.01, 0.05], 'n_estimators': [300, 500, 1000], 'min_child_weight': [10, 50, 100]}",108
201206,1000,4,0.001,0.8,0.3,10,0.0,0.1,"{'max_depth': [2, 3, 4], 'learning_rate': [0.001, 0.01, 0.05], 'n_estimators': [300, 500, 1000], 'min_child_weight': [10, 50, 100]}",108
201207,1000,4,0.001,0.8,0.3,10,0.0,0.1,"{'max_depth': [2, 3, 4], 'learning_rate': [0.001, 0.01, 0.05], 'n_estimators': [300, 500, 1000], 'min_child_weight': [10, 50, 100]}",108
201208,1000,4,0.001,0.8,0.3,10,0.0,0.1,"{'max_depth': [2, 3, 4], 'learning_rate': [0.001, 0.01, 0.05], 'n_estimators': [300, 500, 1000], 'min_child_weight': [10, 50, 100]}",108
201209,1000,4,0.001,0.8,0.3,10,0.0,0.1,"{'max_depth': [2, 3, 4], 'learning_rate': [0.001, 0.01, 0.05], 'n_estimators': [300, 500, 1000], 'min_child_weight': [10, 50, 100]}",108
201210,1000,4,0.001,0.8,0.3,10,0.0,0.1,"{'max_depth': [2, 3, 4], 'learning_rate': [0.001, 0.01, 0.05], 'n_estimators': [300, 500, 1000], 'min_child_weight': [10, 50, 100]}",108
201211,1000,4,0.001,0.8,0.3,10,0.0,0.1,"{'max_depth': [2, 3, 4], 'learning_rate': [0.001, 0.01, 0.05], 'n_estimators': [300, 500, 1000], 'min_child_weight': [10, 50, 100]}",108
201212,1000,4,0.001,0.8,0.3,10,0.0,0.1,"{'max_depth': [2, 3, 4], 'learning_rate': [0.001, 0.01, 0.05], 'n_estimators': [300, 500, 1000], 'min_child_weight': [10, 50, 100]}",108
201301,500,4,0.01,0.8,0.3,100,0.0,0.1,"{'max_depth': [2, 3, 4], 'learning_rate': [0.001, 0.01, 0.05], 'n_estimators': [300, 500, 1000], 'min_child_weight': [10, 50, 100]}",108
201302,500,4,0.01,0.8,0.3,100,0.0,0.1,"{'max_depth': [2, 3, 4], 'learning_rate': [0.001, 0.01, 0.05], 'n_estimators': [300, 500, 1000], 'min_child_weight': [10, 50, 100]}",108
201303,500,4,0.01,0.8,0.3,100,0.0,0.1,"{'max_depth': [2, 3, 4], 'learning_rate': [0.001, 0.01, 0.05], 'n_estimators': [300, 500, 1000], 'min_child_weight': [10, 50, 100]}",108
201304,500,4,0.01,0.8,0.3,100,0.0,0.1,"{'max_depth': [2, 3, 4], 'learning_rate': [0.001, 0.01, 0.05], 'n_estimators': [300, 500, 1000], 'min_child_weight': [10, 50, 100]}",108
201305,500,4,0.01,0.8,0.3,100,0.0,0.1,"{'max_depth': [2, 3, 4], 'learning_rate': [0.001, 0.01, 0.05], 'n_estimators': [300, 500, 1000], 'min_child_weight': [10, 50, 100]}",108
201306,500,4,0.01,0.8,0.3,100,0.0,0.1,"{'max_depth': [2, 3, 4], 'learning_rate': [0.001, 0.01, 0.05], 'n_estimators': [300, 500, 1000], 'min_child_weight': [10, 50, 100]}",108
201307,500,4,0.01,0.8,0.3,100,0.0,0.1,"{'max_depth': [2, 3, 4], 'learning_rate': [0.001, 0.01, 0.05], 'n_estimators': [300, 500, 1000], 'min_child_weight': [10, 50, 100]}",108
201308,500,4,0.01,0.8,0.3,100,0.0,0.1,"{'max_depth': [2, 3, 4], 'learning_rate': [0.001, 0.01, 0.05], 'n_estimators': [300, 500, 1000], 'min_child_weight': [10, 50, 100]}",108
201309,500,4,0.01,0.8,0.3,100,0.0,0.1,"{'max_depth': [2, 3, 4], 'learning_rate': [0.001, 0.01, 0.05], 'n_estimators': [300, 500, 1000], 'min_child_weight': [10, 50, 100]}",108
201310,500,4,0.01,0.8,0.3,100,0.0,0.1,"{'max_depth': [2, 3, 4], 'learning_rate': [0.001, 0.01, 0.05], 'n_estimators': [300, 500, 1000], 'min_child_weight': [10, 50, 100]}",108
201311,500,4,0.01,0.8,0.3,100,0.0,0.1,"{'max_depth': [2, 3, 4], 'learning_rate': [0.001, 0.01, 0.05], 'n_estimators': [300, 500, 1000], 'min_child_weight': [10, 50, 100]}",108
201312,500,4,0.01,0.8,0.3,100,0.0,0.1,"{'max_depth': [2, 3, 4], 'learning_rate': [0.001, 0.01, 0.05], 'n_estimators': [300, 500, 1000], 'min_child_weight': [10, 50, 100]}",108
201401,1000,4,0.001,0.8,0.3,100,0.0,0.1,"{'max_depth': [2, 3, 4], 'learning_rate': [0.001, 0.01, 0.05], 'n_estimators': [300, 500, 1000], 'min_child_weight': [10, 50, 100]}",108
201402,1000,4,0.001,0.8,0.3,100,0.0,0.1,"{'max_depth': [2, 3, 4], 'learning_rate': [0.001, 0.01, 0.05], 'n_estimators': [300, 500, 1000], 'min_child_weight': [10, 50, 100]}",108
201403,1000,4,0.001,0.8,0.3,100,0.0,0.1,"{'max_depth': [2, 3, 4], 'learning_rate': [0.001, 0.01, 0.05], 'n_estimators': [300, 500, 1000], 'min_child_weight': [10, 50, 100]}",108
201404,1000,4,0.001,0.8,0.3,100,0.0,0.1,"{'max_depth': [2, 3, 4], 'learning_rate': [0.001, 0.01, 0.05], 'n_estimators': [300, 500, 1000], 'min_child_weight': [10, 50, 100]}",108
201405,1000,4,0.001,0.8,0.3,100,0.0,0.1,"{'max_depth': [2, 3, 4], 'learning_rate': [0.001, 0.01, 0.05], 'n_estimators': [300, 500, 1000], 'min_child_weight': [10, 50, 100]}",108
201406,1000,4,0.001,0.8,0.3,100,0.0,0.1,"{'max_depth': [2, 3, 4], 'learning_rate': [0.001, 0.01, 0.05], 'n_estimators': [300, 500, 1000], 'min_child_weight': [10, 50, 100]}",108
201407,1000,4,0.001,0.8,0.3,100,0.0,0.1,"{'max_depth': [2, 3, 4], 'learning_rate': [0.001, 0.01, 0.05], 'n_estimators': [300, 500, 1000], 'min_child_weight': [10, 50, 100]}",108
201408,1000,4,0.001,0.8,0.3,100,0.0,0.1,"{'max_depth': [2, 3, 4], 'learning_rate': [0.001, 0.01, 0.05], 'n_estimators': [300, 500, 1000], 'min_child_weight': [10, 50, 100]}",108
201409,1000,4,0.001,0.8,0.3,100,0.0,0.1,"{'max_depth': [2, 3, 4], 'learning_rate': [0.001, 0.01, 0.05], 'n_estimators': [300, 500, 1000], 'min_child_weight': [10, 50, 100]}",108
201410,1000,4,0.001,0.8,0.3,100,0.0,0.1,"{'max_depth': [2, 3, 4], 'learning_rate': [0.001, 0.01, 0.05], 'n_estimators': [300, 500, 1000], 'min_child_weight': [10, 50, 100]}",108
201411,1000,4,0.001,0.8,0.3,100,0.0,0.1,"{'max_depth': [2, 3, 4], 'learning_rate': [0.001, 0.01, 0.05], 'n_estimators': [300, 500, 1000], 'min_child_weight': [10, 50, 100]}",108
201412,1000,4,0.001,0.8,0.3,100,0.0,0.1,"{'max_depth': [2, 3, 4], 'learning_rate': [0.001, 0.01, 0.05], 'n_estimators': [300, 500, 1000], 'min_child_weight': [10, 50, 100]}",108
201501,500,2,0.05,0.8,0.3,10,0.0,0.1,"{'max_depth': [2, 3, 4], 'learning_rate': [0.001, 0.01, 0.05], 'n_estimators': [300, 500, 1000], 'min_child_weight': [10, 50, 100]}",108
201502,500,2,0.05,0.8,0.3,10,0.0,0.1,"{'max_depth': [2, 3, 4], 'learning_rate': [0.001, 0.01, 0.05], 'n_estimators': [300, 500, 1000], 'min_child_weight': [10, 50, 100]}",108
201503,500,2,0.05,0.8,0.3,10,0.0,0.1,"{'max_depth': [2, 3, 4], 'learning_rate': [0.001, 0.01, 0.05], 'n_estimators': [300, 500, 1000], 'min_child_weight': [10, 50, 100]}",108
201504,500,2,0.05,0.8,0.3,10,0.0,0.1,"{'max_depth': [2, 3, 4], 'learning_rate': [0.001, 0.01, 0.05], 'n_estimators': [300, 500, 1000], 'min_child_weight': [10, 50, 100]}",108
201505,500,2,0.05,0.8,0.3,10,0.0,0.1,"{'max_depth': [2, 3, 4], 'learning_rate': [0.001, 0.01, 0.05], 'n_estimators': [300, 500, 1000], 'min_child_weight': [10, 50, 100]}",108
201506,500,2,0.05,0.8,0.3,10,0.0,0.1,"{'max_depth': [2, 3, 4], 'learning_rate': [0.001, 0.01, 0.05], 'n_estimators': [300, 500, 1000], 'min_child_weight': [10, 50, 100]}",108
201507,500,2,0.05,0.8,0.3,10,0.0,0.1,"{'max_depth': [2, 3, 4], 'learning_rate': [0.001, 0.01, 0.05], 'n_estimators': [300, 500, 1000], 'min_child_weight': [10, 50, 100]}",108
201508,500,2,0.05,0.8,0.3,10,0.0,0.1,"{'max_depth': [2, 3, 4], 'learning_rate': [0.001, 0.01, 0.05], 'n_estimators': [300, 500, 1000], 'min_child_weight': [10, 50, 100]}",108
201509,500,2,0.05,0.8,0.3,10,0.0,0.1,"{'max_depth': [2, 3, 4], 'learning_rate': [0.001, 0.01, 0.05], 'n_estimators': [300, 500, 1000], 'min_child_weight': [10, 50, 100]}",108
201510,500,2,0.05,0.8,0.3,10,0.0,0.1,"{'max_depth': [2, 3, 4], 'learning_rate': [0.001, 0.01, 0.05], 'n_estimators': [300, 500, 1000], 'min_child_weight': [10, 50, 100]}",108
201511,500,2,0.05,0.8,0.3,10,0.0,0.1,"{'max_depth': [2, 3, 4], 'learning_rate': [0.001, 0.01, 0.05], 'n_estimators': [300, 500, 1000], 'min_child_weight': [10, 50, 100]}",108
201512,500,2,0.05,0.8,0.3,10,0.0,0.1,"{'max_depth': [2, 3, 4], 'learning_rate': [0.001, 0.01, 0.05], 'n_estimators': [300, 500, 1000], 'min_child_weight': [10, 50, 100]}",108
201601,1000,3,0.05,0.8,0.3,100,0.0,0.1,"{'max_depth': [2, 3, 4], 'learning_rate': [0.001, 0.01, 0.05], 'n_estimators': [300, 500, 1000], 'min_child_weight': [10, 50, 100]}",108
201602,1000,3,0.05,0.8,0.3,100,0.0,0.1,"{'max_depth': [2, 3, 4], 'learning_rate': [0.001, 0.01, 0.05], 'n_estimators': [300, 500, 1000], 'min_child_weight': [10, 50, 100]}",108
201603,1000,3,0.05,0.8,0.3,100,0.0,0.1,"{'max_depth': [2, 3, 4], 'learning_rate': [0.001, 0.01, 0.05], 'n_estimators': [300, 500, 1000], 'min_child_weight': [10, 50, 100]}",108
201604,1000,3,0.05,0.8,0.3,100,0.0,0.1,"{'max_depth': [2, 3, 4], 'learning_rate': [0.001, 0.01, 0.05], 'n_estimators': [300, 500, 1000], 'min_child_weight': [10, 50, 100]}",108
201605,1000,3,0.05,0.8,0.3,100,0.0,0.1,"{'max_depth': [2, 3, 4], 'learning_rate': [0.001, 0.01, 0.05], 'n_estimators': [300, 500, 1000], 'min_child_weight': [10, 50, 100]}",108
201606,1000,3,0.05,0.8,0.3,100,0.0,0.1,"{'max_depth': [2, 3, 4], 'learning_rate': [0.001, 0.01, 0.05], 'n_estimators': [300, 500, 1000], 'min_child_weight': [10, 50, 100]}",108
201607,1000,3,0.05,0.8,0.3,100,0.0,0.1,"{'max_depth': [2, 3, 4], 'learning_rate': [0.001, 0.01, 0.05], 'n_estimators': [300, 500, 1000], 'min_child_weight': [10, 50, 100]}",108
201608,1000,3,0.05,0.8,0.3,100,0.0,0.1,"{'max_depth': [2, 3, 4], 'learning_rate': [0.001, 0.01, 0.05], 'n_estimators': [300, 500, 1000], 'min_child_weight': [10, 50, 100]}",108
201609,1000,3,0.05,0.8,0.3,100,0.0,0.1,"{'max_depth': [2, 3, 4], 'learning_rate': [0.001, 0.01, 0.05], 'n_estimators': [300, 500, 1000], 'min_child_weight': [10, 50, 100]}",108
201610,1000,3,0.05,0.8,0.3,100,0.0,0.1,"{'max_depth': [2, 3, 4], 'learning_rate': [0.001, 0.01, 0.05], 'n_estimators': [300, 500, 1000], 'min_child_weight': [10, 50, 100]}",108
201611,1000,3,0.05,0.8,0.3,100,0.0,0.1,"{'max_depth': [2, 3, 4], 'learning_rate': [0.001, 0.01, 0.05], 'n_estimators': [300, 500, 1000], 'min_child_weight': [10, 50, 100]}",108
201612,1000,3,0.05,0.8,0.3,100,0.0,0.1,"{'max_depth': [2, 3, 4], 'learning_rate': [0.001, 0.01, 0.05], 'n_estimators': [300, 500, 1000], 'min_child_weight': [10, 50, 100]}",108
201701,1000,2,0.01,0.8,0.3,50,0.0,0.1,"{'max_depth': [2, 3, 4], 'learning_rate': [0.001, 0.01, 0.05], 'n_estimators': [300, 500, 1000], 'min_child_weight': [10, 50, 100]}",108
201702,1000,2,0.01,0.8,0.3,50,0.0,0.1,"{'max_depth': [2, 3, 4], 'learning_rate': [0.001, 0.01, 0.05], 'n_estimators': [300, 500, 1000], 'min_child_weight': [10, 50, 100]}",108
201703,1000,2,0.01,0.8,0.3,50,0.0,0.1,"{'max_depth': [2, 3, 4], 'learning_rate': [0.001, 0.01, 0.05], 'n_estimators': [300, 500, 1000], 'min_child_weight': [10, 50, 100]}",108
201704,1000,2,0.01,0.8,0.3,50,0.0,0.1,"{'max_depth': [2, 3, 4], 'learning_rate': [0.001, 0.01, 0.05], 'n_estimators': [300, 500, 1000], 'min_child_weight': [10, 50, 100]}",108
201705,1000,2,0.01,0.8,0.3,50,0.0,0.1,"{'max_depth': [2, 3, 4], 'learning_rate': [0.001, 0.01, 0.05], 'n_estimators': [300, 500, 1000], 'min_child_weight': [10, 50, 100]}",108
201706,1000,2,0.01,0.8,0.3,50,0.0,0.1,"{'max_depth': [2, 3, 4], 'learning_rate': [0.001, 0.01, 0.05], 'n_estimators': [300, 500, 1000], 'min_child_weight': [10, 50, 100]}",108
201707,1000,2,0.01,0.8,0.3,50,0.0,0.1,"{'max_depth': [2, 3, 4], 'learning_rate': [0.001, 0.01, 0.05], 'n_estimators': [300, 500, 1000], 'min_child_weight': [10, 50, 100]}",108
201708,1000,2,0.01,0.8,0.3,50,0.0,0.1,"{'max_depth': [2, 3, 4], 'learning_rate': [0.001, 0.01, 0.05], 'n_estimators': [300, 500, 1000], 'min_child_weight': [10, 50, 100]}",108
201709,1000,2,0.01,0.8,0.3,50,0.0,0.1,"{'max_depth': [2, 3, 4], 'learning_rate': [0.001, 0.01, 0.05], 'n_estimators': [300, 500, 1000], 'min_child_weight': [10, 50, 100]}",108
201710,1000,2,0.01,0.8,0.3,50,0.0,0.1,"{'max_depth': [2, 3, 4], 'learning_rate': [0.001, 0.01, 0.05], 'n_estimators': [300, 500, 1000], 'min_child_weight': [10, 50, 100]}",108
201711,1000,2,0.01,0.8,0.3,50,0.0,0.1,"{'max_depth': [2, 3, 4], 'learning_rate': [0.001, 0.01, 0.05], 'n_estimators': [300, 500, 1000], 'min_child_weight': [10, 50, 100]}",108
201712,1000,2,0.01,0.8,0.3,50,0.0,0.1,"{'max_depth': [2, 3, 4], 'learning_rate': [0.001, 0.01, 0.05], 'n_estimators': [300, 500, 1000], 'min_child_weight': [10, 50, 100]}",108
201801,500,4,0.01,0.8,0.3,50,0.0,0.1,"{'max_depth': [2, 3, 4], 'learning_rate': [0.001, 0.01, 0.05], 'n_estimators': [300, 500, 1000], 'min_child_weight': [10, 50, 100]}",108
201802,500,4,0.01,0.8,0.3,50,0.0,0.1,"{'max_depth': [2, 3, 4], 'learning_rate': [0.001, 0.01, 0.05], 'n_estimators': [300, 500, 1000], 'min_child_weight': [10, 50, 100]}",108
201803,500,4,0.01,0.8,0.3,50,0.0,0.1,"{'max_depth': [2, 3, 4], 'learning_rate': [0.001, 0.01, 0.05], 'n_estimators': [300, 500, 1000], 'min_child_weight': [10, 50, 100]}",108
201804,500,4,0.01,0.8,0.3,50,0.0,0.1,"{'max_depth': [2, 3, 4], 'learning_rate': [0.001, 0.01, 0.05], 'n_estimators': [300, 500, 1000], 'min_child_weight': [10, 50, 100]}",108
201805,500,4,0.01,0.8,0.3,50,0.0,0.1,"{'max_depth': [2, 3, 4], 'learning_rate': [0.001, 0.01, 0.05], 'n_estimators': [300, 500, 1000], 'min_child_weight': [10, 50, 100]}",108
201806,500,4,0.01,0.8,0.3,50,0.0,0.1,"{'max_depth': [2, 3, 4], 'learning_rate': [0.001, 0.01, 0.05], 'n_estimators': [300, 500, 1000], 'min_child_weight': [10, 50, 100]}",108
201807,500,4,0.01,0.8,0.3,50,0.0,0.1,"{'max_depth': [2, 3, 4], 'learning_rate': [0.001, 0.01, 0.05], 'n_estimators': [300, 500, 1000], 'min_child_weight': [10, 50, 100]}",108
201808,500,4,0.01,0.8,0.3,50,0.0,0.1,"{'max_depth': [2, 3, 4], 'learning_rate': [0.001, 0.01, 0.05], 'n_estimators': [300, 500, 1000], 'min_child_weight': [10, 50, 100]}",108
201809,500,4,0.01,0.8,0.3,50,0.0,0.1,"{'max_depth': [2, 3, 4], 'learning_rate': [0.001, 0.01, 0.05], 'n_estimators': [300, 500, 1000], 'min_child_weight': [10, 50, 100]}",108
201810,500,4,0.01,0.8,0.3,50,0.0,0.1,"{'max_depth': [2, 3, 4], 'learning_rate': [0.001, 0.01, 0.05], 'n_estimators': [300, 500, 1000], 'min_child_weight': [10, 50, 100]}",108
201811,500,4,0.01,0.8,0.3,50,0.0,0.1,"{'max_depth': [2, 3, 4], 'learning_rate': [0.001, 0.01, 0.05], 'n_estimators': [300, 500, 1000], 'min_child_weight': [10, 50, 100]}",108
201812,500,4,0.01,0.8,0.3,50,0.0,0.1,"{'max_depth': [2, 3, 4], 'learning_rate': [0.001, 0.01, 0.05], 'n_estimators': [300, 500, 1000], 'min_child_weight': [10, 50, 100]}",108
201901,300,2,0.001,0.8,0.3,100,0.0,0.1,"{'max_depth': [2, 3, 4], 'learning_rate': [0.001, 0.01, 0.05], 'n_estimators': [300, 500, 1000], 'min_child_weight': [10, 50, 100]}",108
201902,300,2,0.001,0.8,0.3,100,0.0,0.1,"{'max_depth': [2, 3, 4], 'learning_rate': [0.001, 0.01, 0.05], 'n_estimators': [300, 500, 1000], 'min_child_weight': [10, 50, 100]}",108
201903,300,2,0.001,0.8,0.3,100,0.0,0.1,"{'max_depth': [2, 3, 4], 'learning_rate': [0.001, 0.01, 0.05], 'n_estimators': [300, 500, 1000], 'min_child_weight': [10, 50, 100]}",108
201904,300,2,0.001,0.8,0.3,100,0.0,0.1,"{'max_depth': [2, 3, 4], 'learning_rate': [0.001, 0.01, 0.05], 'n_estimators': [300, 500, 1000], 'min_child_weight': [10, 50, 100]}",108
201905,300,2,0.001,0.8,0.3,100,0.0,0.1,"{'max_depth': [2, 3, 4], 'learning_rate': [0.001, 0.01, 0.05], 'n_estimators': [300, 500, 1000], 'min_child_weight': [10, 50, 100]}",108
201906,300,2,0.001,0.8,0.3,100,0.0,0.1,"{'max_depth': [2, 3, 4], 'learning_rate': [0.001, 0.01, 0.05], 'n_estimators': [300, 500, 1000], 'min_child_weight': [10, 50, 100]}",108
201907,300,2,0.001,0.8,0.3,100,0.0,0.1,"{'max_depth': [2, 3, 4], 'learning_rate': [0.001, 0.01, 0.05], 'n_estimators': [300, 500, 1000], 'min_child_weight': [10, 50, 100]}",108
201908,300,2,0.001,0.8,0.3,100,0.0,0.1,"{'max_depth': [2, 3, 4], 'learning_rate': [0.001, 0.01, 0.05], 'n_estimators': [300, 500, 1000], 'min_child_weight': [10, 50, 100]}",108
201909,300,2,0.001,0.8,0.3,100,0.0,0.1,"{'max_depth': [2, 3, 4], 'learning_rate': [0.001, 0.01, 0.05], 'n_estimators': [300, 500, 1000], 'min_child_weight': [10, 50, 100]}",108
201910,300,2,0.001,0.8,0.3,100,0.0,0.1,"{'max_depth': [2, 3, 4], 'learning_rate': [0.001, 0.01, 0.05], 'n_estimators': [300, 500, 1000], 'min_child_weight': [10, 50, 100]}",108
201911,300,2,0.001,0.8,0.3,100,0.0,0.1,"{'max_depth': [2, 3, 4], 'learning_rate': [0.001, 0.01, 0.05], 'n_estimators': [300, 500, 1000], 'min_child_weight': [10, 50, 100]}",108
201912,300,2,0.001,0.8,0.3,100,0.0,0.1,"{'max_depth': [2, 3, 4], 'learning_rate': [0.001, 0.01, 0.05], 'n_estimators': [300, 500, 1000], 'min_child_weight': [10, 50, 100]}",108
202001,1000,2,0.01,0.8,0.3,10,0.0,0.1,"{'max_depth': [2, 3, 4], 'learning_rate': [0.001, 0.01, 0.05], 'n_estimators': [300, 500, 1000], 'min_child_weight': [10, 50, 100]}",108
202002,1000,2,0.01,0.8,0.3,10,0.0,0.1,"{'max_depth': [2, 3, 4], 'learning_rate': [0.001, 0.01, 0.05], 'n_estimators': [300, 500, 1000], 'min_child_weight': [10, 50, 100]}",108
202003,1000,2,0.01,0.8,0.3,10,0.0,0.1,"{'max_depth': [2, 3, 4], 'learning_rate': [0.001, 0.01, 0.05], 'n_estimators': [300, 500, 1000], 'min_child_weight': [10, 50, 100]}",108
202004,1000,2,0.01,0.8,0.3,10,0.0,0.1,"{'max_depth': [2, 3, 4], 'learning_rate': [0.001, 0.01, 0.05], 'n_estimators': [300, 500, 1000], 'min_child_weight': [10, 50, 100]}",108
202005,1000,2,0.01,0.8,0.3,10,0.0,0.1,"{'max_depth': [2, 3, 4], 'learning_rate': [0.001, 0.01, 0.05], 'n_estimators': [300, 500, 1000], 'min_child_weight': [10, 50, 100]}",108
202006,1000,2,0.01,0.8,0.3,10,0.0,0.1,"{'max_depth': [2, 3, 4], 'learning_rate': [0.001, 0.01, 0.05], 'n_estimators': [300, 500, 1000], 'min_child_weight': [10, 50, 100]}",108
202007,1000,2,0.01,0.8,0.3,10,0.0,0.1,"{'max_depth': [2, 3, 4], 'learning_rate': [0.001, 0.01, 0.05], 'n_estimators': [300, 500, 1000], 'min_child_weight': [10, 50, 100]}",108
202008,1000,2,0.01,0.8,0.3,10,0.0,0.1,"{'max_depth': [2, 3, 4], 'learning_rate': [0.001, 0.01, 0.05], 'n_estimators': [300, 500, 1000], 'min_child_weight': [10, 50, 100]}",108
202009,1000,2,0.01,0.8,0.3,10,0.0,0.1,"{'max_depth': [2, 3, 4], 'learning_rate': [0.001, 0.01, 0.05], 'n_estimators': [300, 500, 1000], 'min_child_weight': [10, 50, 100]}",108
202010,1000,2,0.01,0.8,0.3,10,0.0,0.1,"{'max_depth': [2, 3, 4], 'learning_rate': [0.001, 0.01, 0.05], 'n_estimators': [300, 500, 1000], 'min_child_weight': [10, 50, 100]}",108
202011,1000,2,0.01,0.8,0.3,10,0.0,0.1,"{'max_depth': [2, 3, 4], 'learning_rate': [0.001, 0.01, 0.05], 'n_estimators': [300, 500, 1000], 'min_child_weight': [10, 50, 100]}",108
202012,1000,2,0.01,0.8,0.3,10,0.0,0.1,"{'max_depth': [2, 3, 4], 'learning_rate': [0.001, 0.01, 0.05], 'n_estimators': [300, 500, 1000], 'min_child_weight': [10, 50, 100]}",108
202101,300,2,0.001,0.8,0.3,50,0.0,0.1,"{'max_depth': [2, 3, 4], 'learning_rate': [0.001, 0.01, 0.05], 'n_estimators': [300, 500, 1000], 'min_child_weight': [10, 50, 100]}",108
202102,300,2,0.001,0.8,0.3,50,0.0,0.1,"{'max_depth': [2, 3, 4], 'learning_rate': [0.001, 0.01, 0.05], 'n_estimators': [300, 500, 1000], 'min_child_weight': [10, 50, 100]}",108
202103,300,2,0.001,0.8,0.3,50,0.0,0.1,"{'max_depth': [2, 3, 4], 'learning_rate': [0.001, 0.01, 0.05], 'n_estimators': [300, 500, 1000], 'min_child_weight': [10, 50, 100]}",108
202104,300,2,0.001,0.8,0.3,50,0.0,0.1,"{'max_depth': [2, 3, 4], 'learning_rate': [0.001, 0.01, 0.05], 'n_estimators': [300, 500, 1000], 'min_child_weight': [10, 50, 100]}",108
202105,300,2,0.001,0.8,0.3,50,0.0,0.1,"{'max_depth': [2, 3, 4], 'learning_rate': [0.001, 0.01, 0.05], 'n_estimators': [300, 500, 1000], 'min_child_weight': [10, 50, 100]}",108
202106,300,2,0.001,0.8,0.3,50,0.0,0.1,"{'max_depth': [2, 3, 4], 'learning_rate': [0.001, 0.01, 0.05], 'n_estimators': [300, 500, 1000], 'min_child_weight': [10, 50, 100]}",108
202107,300,2,0.001,0.8,0.3,50,0.0,0.1,"{'max_depth': [2, 3, 4], 'learning_rate': [0.001, 0.01, 0.05], 'n_estimators': [300, 500, 1000], 'min_child_weight': [10, 50, 100]}",108
202108,300,2,0.001,0.8,0.3,50,0.0,0.1,"{'max_depth': [2, 3, 4], 'learning_rate': [0.001, 0.01, 0.05], 'n_estimators': [300, 500, 1000], 'min_child_weight': [10, 50, 100]}",108
202109,300,2,0.001,0.8,0.3,50,0.0,0.1,"{'max_depth': [2, 3, 4], 'learning_rate': [0.001, 0.01, 0.05], 'n_estimators': [300, 500, 1000], 'min_child_weight': [10, 50, 100]}",108
202110,300,2,0.001,0.8,0.3,50,0.0,0.1,"{'max_depth': [2, 3, 4], 'learning_rate': [0.001, 0.01, 0.05], 'n_estimators': [300, 500, 1000], 'min_child_weight': [10, 50, 100]}",108
202111,300,2,0.001,0.8,0.3,50,0.0,0.1,"{'max_depth': [2, 3, 4], 'learning_rate': [0.001, 0.01, 0.05], 'n_estimators': [300, 500, 1000], 'min_child_weight': [10, 50, 100]}",108
202112,300,2,0.001,0.8,0.3,50,0.0,0.1,"{'max_depth': [2, 3, 4], 'learning_rate': [0.001, 0.01, 0.05], 'n_estimators': [300, 500, 1000], 'min_child_weight': [10, 50, 100]}",108
202201,300,3,0.001,0.8,0.3,100,0.0,0.1,"{'max_depth': [2, 3, 4], 'learning_rate': [0.001, 0.01, 0.05], 'n_estimators': [300, 500, 1000], 'min_child_weight': [10, 50, 100]}",108
202202,300,3,0.001,0.8,0.3,100,0.0,0.1,"{'max_depth': [2, 3, 4], 'learning_rate': [0.001, 0.01, 0.05], 'n_estimators': [300, 500, 1000], 'min_child_weight': [10, 50, 100]}",108
202203,300,3,0.001,0.8,0.3,100,0.0,0.1,"{'max_depth': [2, 3, 4], 'learning_rate': [0.001, 0.01, 0.05], 'n_estimators': [300, 500, 1000], 'min_child_weight': [10, 50, 100]}",108
202204,300,3,0.001,0.8,0.3,100,0.0,0.1,"{'max_depth': [2, 3, 4], 'learning_rate': [0.001, 0.01, 0.05], 'n_estimators': [300, 500, 1000], 'min_child_weight': [10, 50, 100]}",108
202205,300,3,0.001,0.8,0.3,100,0.0,0.1,"{'max_depth': [2, 3, 4], 'learning_rate': [0.001, 0.01, 0.05], 'n_estimators': [300, 500, 1000], 'min_child_weight': [10, 50, 100]}",108
202206,300,3,0.001,0.8,0.3,100,0.0,0.1,"{'max_depth': [2, 3, 4], 'learning_rate': [0.001, 0.01, 0.05], 'n_estimators': [300, 500, 1000], 'min_child_weight': [10, 50, 100]}",108
202207,300,3,0.001,0.8,0.3,100,0.0,0.1,"{'max_depth': [2, 3, 4], 'learning_rate': [0.001, 0.01, 0.05], 'n_estimators': [300, 500, 1000], 'min_child_weight': [10, 50, 100]}",108
202208,300,3,0.001,0.8,0.3,100,0.0,0.1,"{'max_depth': [2, 3, 4], 'learning_rate': [0.001, 0.01, 0.05], 'n_estimators': [300, 500, 1000], 'min_child_weight': [10, 50, 100]}",108
202209,300,3,0.001,0.8,0.3,100,0.0,0.1,"{'max_depth': [2, 3, 4], 'learning_rate': [0.001, 0.01, 0.05], 'n_estimators': [300, 500, 1000], 'min_child_weight': [10, 50, 100]}",108
202210,300,3,0.001,0.8,0.3,100,0.0,0.1,"{'max_depth': [2, 3, 4], 'learning_rate': [0.001, 0.01, 0.05], 'n_estimators': [300, 500, 1000], 'min_child_weight': [10, 50, 100]}",108
202211,300,3,0.001,0.8,0.3,100,0.0,0.1,"{'max_depth': [2, 3, 4], 'learning_rate': [0.001, 0.01, 0.05], 'n_estimators': [300, 500, 1000], 'min_child_weight': [10, 50, 100]}",108
202212,300,3,0.001,0.8,0.3,100,0.0,0.1,"{'max_depth': [2, 3, 4], 'learning_rate': [0.001, 0.01, 0.05], 'n_estimators': [300, 500, 1000], 'min_child_weight': [10, 50, 100]}",108
202301,1000,2,0.01,0.8,0.3,100,0.0,0.1,"{'max_depth': [2, 3, 4], 'learning_rate': [0.001, 0.01, 0.05], 'n_estimators': [300, 500, 1000], 'min_child_weight': [10, 50, 100]}",108
202302,1000,2,0.01,0.8,0.3,100,0.0,0.1,"{'max_depth': [2, 3, 4], 'learning_rate': [0.001, 0.01, 0.05], 'n_estimators': [300, 500, 1000], 'min_child_weight': [10, 50, 100]}",108
202303,1000,2,0.01,0.8,0.3,100,0.0,0.1,"{'max_depth': [2, 3, 4], 'learning_rate': [0.001, 0.01, 0.05], 'n_estimators': [300, 500, 1000], 'min_child_weight': [10, 50, 100]}",108
202304,1000,2,0.01,0.8,0.3,100,0.0,0.1,"{'max_depth': [2, 3, 4], 'learning_rate': [0.001, 0.01, 0.05], 'n_estimators': [300, 500, 1000], 'min_child_weight': [10, 50, 100]}",108
202305,1000,2,0.01,0.8,0.3,100,0.0,0.1,"{'max_depth': [2, 3, 4], 'learning_rate': [0.001, 0.01, 0.05], 'n_estimators': [300, 500, 1000], 'min_child_weight': [10, 50, 100]}",108
202306,1000,2,0.01,0.8,0.3,100,0.0,0.1,"{'max_depth': [2, 3, 4], 'learning_rate': [0.001, 0.01, 0.05], 'n_estimators': [300, 500, 1000], 'min_child_weight': [10, 50, 100]}",108
202307,1000,2,0.01,0.8,0.3,100,0.0,0.1,"{'max_depth': [2, 3, 4], 'learning_rate': [0.001, 0.01, 0.05], 'n_estimators': [300, 500, 1000], 'min_child_weight': [10, 50, 100]}",108
202308,1000,2,0.01,0.8,0.3,100,0.0,0.1,"{'max_depth': [2, 3, 4], 'learning_rate': [0.001, 0.01, 0.05], 'n_estimators': [300, 500, 1000], 'min_child_weight': [10, 50, 100]}",108
202309,1000,2,0.01,0.8,0.3,100,0.0,0.1,"{'max_depth': [2, 3, 4], 'learning_rate': [0.001, 0.01, 0.05], 'n_estimators': [300, 500, 1000], 'min_child_weight': [10, 50, 100]}",108
202310,1000,2,0.01,0.8,0.3,100,0.0,0.1,"{'max_depth': [2, 3, 4], 'learning_rate': [0.001, 0.01, 0.05], 'n_estimators': [300, 500, 1000], 'min_child_weight': [10, 50, 100]}",108
202311,1000,2,0.01,0.8,0.3,100,0.0,0.1,"{'max_depth': [2, 3, 4], 'learning_rate': [0.001, 0.01, 0.05], 'n_estimators': [300, 500, 1000], 'min_child_weight': [10, 50, 100]}",108
202312,1000,2,0.01,0.8,0.3,100,0.0,0.1,"{'max_depth': [2, 3, 4], 'learning_rate': [0.001, 0.01, 0.05], 'n_estimators': [300, 500, 1000], 'min_child_weight': [10, 50, 100]}",108
202401,500,2,0.05,0.8,0.3,100,0.0,0.1,"{'max_depth': [2, 3, 4], 'learning_rate': [0.001, 0.01, 0.05], 'n_estimators': [300, 500, 1000], 'min_child_weight': [10, 50, 100]}",108
202402,500,2,0.05,0.8,0.3,100,0.0,0.1,"{'max_depth': [2, 3, 4], 'learning_rate': [0.001, 0.01, 0.05], 'n_estimators': [300, 500, 1000], 'min_child_weight': [10, 50, 100]}",108
202403,500,2,0.05,0.8,0.3,100,0.0,0.1,"{'max_depth': [2, 3, 4], 'learning_rate': [0.001, 0.01, 0.05], 'n_estimators': [300, 500, 1000], 'min_child_weight': [10, 50, 100]}",108
202404,500,2,0.05,0.8,0.3,100,0.0,0.1,"{'max_depth': [2, 3, 4], 'learning_rate': [0.001, 0.01, 0.05], 'n_estimators': [300, 500, 1000], 'min_child_weight': [10, 50, 100]}",108
202405,500,2,0.05,0.8,0.3,100,0.0,0.1,"{'max_depth': [2, 3, 4], 'learning_rate': [0.001, 0.01, 0.05], 'n_estimators': [300, 500, 1000], 'min_child_weight': [10, 50, 100]}",108
202406,500,2,0.05,0.8,0.3,100,0.0,0.1,"{'max_depth': [2, 3, 4], 'learning_rate': [0.001, 0.01, 0.05], 'n_estimators': [300, 500, 1000], 'min_child_weight': [10, 50, 100]}",108
202407,500,2,0.05,0.8,0.3,100,0.0,0.1,"{'max_depth': [2, 3, 4], 'learning_rate': [0.001, 0.01, 0.05], 'n_estimators': [300, 500, 1000], 'min_child_weight': [10, 50, 100]}",108
202408,500,2,0.05,0.8,0.3,100,0.0,0.1,"{'max_depth': [2, 3, 4], 'learning_rate': [0.001, 0.01, 0.05], 'n_estimators': [300, 500, 1000], 'min_child_weight': [10, 50, 100]}",108
202409,500,2,0.05,0.8,0.3,100,0.0,0.1,"{'max_depth': [2, 3, 4], 'learning_rate': [0.001, 0.01, 0.05], 'n_estimators': [300, 500, 1000], 'min_child_weight': [10, 50, 100]}",108
202410,500,2,0.05,0.8,0.3,100,0.0,0.1,"{'max_depth': [2, 3, 4], 'learning_rate': [0.001, 0.01, 0.05], 'n_estimators': [300, 500, 1000], 'min_child_weight': [10, 50, 100]}",108
202411,500,2,0.05,0.8,0.3,100,0.0,0.1,"{'max_depth': [2, 3, 4], 'learning_rate': [0.001, 0.01, 0.05], 'n_estimators': [300, 500, 1000], 'min_child_weight': [10, 50, 100]}",108
