feature,d_bar,std_err,t_stat,p_value,n_obs,abs_d_bar
DolVol,-0.4128295222405187,0.0040329374552048125,-102.36447423892747,0.0,635,0.4128295222405187
Size,-0.4074293607439081,0.003131917894598303,-130.08941308666223,0.0,635,0.4074293607439081
Illiquidity,-0.3984960803834746,0.0039979601350226745,-99.67485090523908,0.0,635,0.3984960803834746
VolSD,-0.3490657171801523,0.004069391050357639,-85.77836655670498,0.0,635,0.3490657171801523
Price,-0.33830461195301587,0.0034795153495330742,-97.22750957210575,0.0,635,0.33830461195301587
PriceDelayRsq,-0.27356678381730704,0.005703306440505171,-47.96634841053286,0.0,635,0.27356678381730704
zerotrade12M,-0.25352948401969305,0.006351567900055818,-39.916047188516245,0.0,635,0.25352948401969305
zerotrade6M,-0.25326138495406425,0.006062615425014464,-41.77427845894745,0.0,635,0.25326138495406425
zerotrade1M,-0.24388206092287462,0.005199304771080668,-46.90666765283392,0.0,635,0.24388206092287462
BidAskSpread,-0.17962494419146918,0.007955582584049853,-22.578477728532317,7.053660302725741e-113,635,0.17962494419146918
FEPS,0.1788223702003739,0.006982814801533336,25.60892351908099,1.2135139277092008e-144,635,0.1788223702003739
IdioVolAHT,0.17519387744904125,0.005769736254332488,30.364278318179338,1.6279962957203805e-202,635,0.17519387744904125
RoE,0.1384602384386347,0.0034464841915838504,40.17434311079911,0.0,635,0.1384602384386347
RDS,-0.132184382309552,0.006634027581496815,-19.925208432692056,2.460199554186973e-88,635,0.132184382309552
CBOperProf,0.13012573464391547,0.00293005914678451,44.41061703027987,0.0,635,0.13012573464391547
roaq,0.12871432964594232,0.0038244523370606865,33.6556239434969,2.5798702804009865e-248,635,0.12871432964594232
IdioVol3F,0.12690049665942726,0.005152565853394975,24.628602577842607,6.240300177607725e-134,635,0.12690049665942726
BMdec,-0.12327972062535941,0.006395328387292805,-19.276527045946537,8.456728875454953e-83,635,0.12327972062535941
BM,-0.11940036479546962,0.006193637738352437,-19.277905786467773,8.23433839493541e-83,635,0.11940036479546962
OptionVolume1,-0.11736373862866209,0.012000039588399972,-9.780279286921154,1.3683244082800298e-22,635,0.11736373862866209
AM,-0.11419103465447317,0.006325506602782439,-18.052472604209008,7.543670734919145e-73,635,0.11419103465447317
IntanBM,-0.11019622917479513,0.004619666851504542,-23.853717749994505,9.265661145265807e-126,635,0.11019622917479513
Frontier,-0.10924302745785924,0.004601670523901312,-23.73986292378939,1.3983488933333716e-124,635,0.10924302745785924
IntanSP,-0.10696131085363932,0.006343734087492015,-16.860938585766966,8.719334108435016e-64,635,0.10696131085363932
EBM,-0.10367946666038058,0.004984772230771929,-20.79923853297607,4.39734553136972e-96,635,0.10367946666038058
CashProd,-0.10241992043670534,0.00637986279619281,-16.053624303303913,5.3921247482575504e-58,635,0.10241992043670534
LRreversal,-0.10000311155242288,0.007068960663833906,-14.146791347143443,1.95474843231985e-45,635,0.10000311155242288
NetEquityFinance,0.09873270593754829,0.0042734186104259435,23.103916311092988,4.228757973376597e-118,635,0.09873270593754829
MomOffSeason,-0.09068619593934954,0.008343634605902107,-10.868907882806862,1.621299045381937e-27,635,0.09068619593934954
Mom12m,0.08972621146213448,0.0068578296965678435,13.083761981875986,4.077495160372946e-39,635,0.08972621146213448
RealizedVol,0.08221620221882793,0.005616080390229076,14.639427591148563,1.5738765967130557e-48,635,0.08221620221882793
Leverage,-0.07449526964883407,0.0059854005099793765,-12.44616287993245,1.4673159315588434e-35,635,0.07449526964883407
IntMom,0.07277098261524419,0.005994735221202062,12.139148758041756,6.5503937353827195e-34,635,0.07277098261524419
MaxRet,0.07227099603785346,0.004784323952189887,15.105790652987343,1.4831663129881345e-51,635,0.07227099603785346
AssetGrowth,-0.07204773209394637,0.0033107395319387964,-21.761824329247254,5.338189388574696e-105,635,0.07204773209394637
DelEqu,-0.0687516656269254,0.0036043343606624975,-19.074719142951114,4.096169812791057e-81,635,0.0687516656269254
EntMult,-0.06860735876108665,0.00668154824157043,-10.26818280443354,9.803381836297118e-25,635,0.06860735876108665
MeanRankRevGrowth,-0.06840118996445388,0.0027094497739294826,-25.24541721445253,1.2717182289906382e-140,635,0.06840118996445388
Mom12mOffSeason,0.06813600925904775,0.006734272958537253,10.117797374498988,4.6066565388035206e-24,635,0.06813600925904775
Mom6m,0.06790465133443532,0.0055234868713305695,12.293801527236647,9.77964568492266e-35,635,0.06790465133443532
ChEQ,-0.06687750741136277,0.0036499179571227685,-18.323016625853782,5.422227885790763e-75,635,0.06687750741136277
IntanEP,-0.0665180308350294,0.006980542975374863,-9.52906257717829,1.5870985201301777e-21,635,0.0665180308350294
CompEquIss,0.06489218109658343,0.007358571371967304,8.818584181134957,1.1591604201223608e-18,635,0.06489218109658343
Tax,0.06463875738126316,0.004214036249770633,15.338918212860985,4.201381345240124e-53,635,0.06463875738126316
IntanCFP,-0.06371872404289132,0.006413219329754161,-9.93552859595305,2.9162508832540626e-23,635,0.06371872404289132
XFIN,0.057449827234047665,0.004357877575904416,13.182983283353197,1.0995519461265093e-39,635,0.057449827234047665
DelCOL,-0.05730205057272065,0.002841368060261895,-20.16706366701363,1.9062614384051884e-90,635,0.05730205057272065
ForecastDispersion,0.056042299339713345,0.0031475310374859795,17.805161783083125,6.444576629985273e-71,635,0.056042299339713345
grcapx3y,-0.05453344863185298,0.002861801906556895,-19.055633622616295,5.899790193279015e-81,635,0.05453344863185298
EP,-0.05304604180625023,0.006897773328845196,-7.690313855983295,1.4677452674167962e-14,635,0.05304604180625023
InvestPPEInv,-0.05150443261324962,0.0026996116401459816,-19.078459970806957,3.813300455507434e-81,635,0.05150443261324962
MomOffSeason06YrPlus,-0.050303868665555106,0.006958277573778705,-7.229356422215491,4.852882598052574e-13,635,0.050303868665555106
NetPayoutYield,0.04840102057005957,0.005666789842560925,8.541170912416662,1.3286852031251967e-17,635,0.04840102057005957
hire,-0.04837845011473539,0.003690203777201283,-13.109967100902617,2.8872364005803783e-39,635,0.04837845011473539
EquityDuration,-0.04758877952415986,0.006587672610320336,-7.223913867487379,5.05122580310522e-13,635,0.04758877952415986
ChTax,0.04580784573128262,0.00396198641174445,11.561838171755255,6.431706790644668e-31,635,0.04580784573128262
OPLeverage,-0.04572329321780921,0.0028278790219346274,-16.16875858661333,8.376933301698862e-59,635,0.04572329321780921
dNoa,-0.04214836330893268,0.0030865882515970873,-13.655324219913018,1.8765228064163403e-42,635,0.04214836330893268
Beta,-0.04141920979767572,0.006303378519482622,-6.570953920926105,4.9993930536063534e-11,635,0.04141920979767572
DelBreadth,0.0385985433443779,0.0050008790698653745,7.718351674802044,1.1784368788226783e-14,635,0.0385985433443779
TotalAccruals,-0.0382438935694619,0.0028350915850307522,-13.489473769168226,1.8038342025066228e-41,635,0.0382438935694619
cfp,0.038135828675404444,0.0037285601883528044,10.228030861492412,1.4850826407730871e-24,635,0.038135828675404444
MomSeason,0.03798642911764881,0.002985009495751401,12.725731416169811,4.254718441101116e-37,635,0.03798642911764881
MomSeasonShort,0.03703764784124722,0.0028070758518924342,13.194387966494638,9.451940115243132e-40,635,0.03703764784124722
OrgCap,-0.03689609260198339,0.0011694353447683065,-31.550348437000082,1.773453815036458e-218,635,0.03689609260198339
grcapx,-0.03564640457728133,0.003019644028431222,-11.804836676659699,3.685057923764748e-32,635,0.03564640457728133
RIVolSpread,-0.03526427204816047,0.00401584614406203,-8.781280652473066,1.6162369197143787e-18,635,0.03526427204816047
DelCOA,-0.03507085756751509,0.0031117538663302884,-11.270447173533805,1.8363487855508754e-29,635,0.03507085756751509
STreversal,-0.03487067732726469,0.0030894922255939737,-11.28686359473217,1.5237746675850066e-29,635,0.03487067732726469
GP,0.034170073283565805,0.003734029982569099,9.150990603470197,5.64138356070523e-20,635,0.034170073283565805
RD,-0.03313635629725482,0.004574028759328009,-7.244457357133676,4.341739841218825e-13,635,0.03313635629725482
Herf,-0.031240413122575396,0.0023848535159180745,-13.099510269312734,3.3138900361811125e-39,635,0.031240413122575396
CompositeDebtIssuance,-0.030945815442278923,0.002271507741020902,-13.62346906569233,2.904370418828384e-42,635,0.030945815442278923
ChInv,-0.030206962719547602,0.00292060591081342,-10.34270409701891,4.516111515801242e-25,635,0.030206962719547602
CoskewACX,0.029820873170104012,0.014871891413710911,2.0051836273233623,0.04494341975802903,635,0.029820873170104012
ChInvIA,-0.02908280769219395,0.002566143876046416,-11.33327244963404,8.978625723733421e-30,635,0.02908280769219395
DelLTI,-0.028846152786233495,0.0023047996652509404,-12.515687684765783,6.127487906709984e-36,635,0.028846152786233495
HerfBE,-0.028324350969139947,0.0019131092127182287,-14.805402002583783,1.3517644130060711e-49,635,0.028324350969139947
Investment,-0.027553274596088792,0.0027595886672472955,-9.984558540593419,1.780920514307988e-23,635,0.027553274596088792
Accruals,0.027469244485083703,0.0026899780684062897,10.211698306283289,1.757611544269082e-24,635,0.027469244485083703
AbnormalAccruals,0.026361086567295654,0.0022279153564361276,11.832175980627927,2.6615142835506653e-32,635,0.026361086567295654
BetaTailRisk,-0.025352140038897467,0.0062365423665022655,-4.065095456589689,4.801280703955081e-05,635,0.025352140038897467
MomOffSeason16YrPlus,-0.025020002675359043,0.004307675617091648,-5.808237411398085,6.3133950516549024e-09,635,0.025020002675359043
NetDebtFinance,-0.024442860680463432,0.002337987605392391,-10.454657939198578,1.3950123878023394e-25,635,0.024442860680463432
DelFINL,-0.023908308180292902,0.002692732224635519,-8.878828708461372,6.756806384977852e-19,635,0.023908308180292902
MomSeason06YrPlus,0.02370528098497784,0.0023896740711793147,9.919880401631165,3.4116472450344683e-23,635,0.02370528098497784
PctTotAcc,-0.02341931440709296,0.0025816669553724953,-9.071392558345664,1.1750548400040624e-19,635,0.02341931440709296
Cash,0.02295015414172279,0.0029385937548540367,7.80991047293053,5.722862186628717e-15,635,0.02295015414172279
tang,-0.022671761101258216,0.0035455132575137765,-6.394493393364535,1.61080513424794e-10,635,0.022671761101258216
InvGrowth,-0.01972769489383365,0.0023008979091968646,-8.573911434740562,1.0002836201523034e-17,635,0.01972769489383365
ShareIss5Y,0.01899565499041998,0.005775006492683683,3.289287209371184,0.001004414729381687,635,0.01899565499041998
ReturnSkew,0.018244393361687268,0.00216716725572682,8.418544214100587,3.811913087803852e-17,635,0.018244393361687268
AnalystRevision,0.018168063895584275,0.0021720689792446893,8.364404661725798,6.041921965273631e-17,635,0.018168063895584275
MomSeason11YrPlus,0.016404269011427233,0.0018902979928974218,8.67813914687758,4.0229666704483556e-18,635,0.016404269011427233
ReturnSkew3F,0.016072598111745315,0.002119345748683566,7.583754619428579,3.35695778691111e-14,635,0.016072598111745315
AnnouncementReturn,0.015835091572172062,0.0014965659828830257,10.580951159712257,3.652314822668593e-26,635,0.015835091572172062
EarningsStreak,0.014079325528014875,0.0026126932499093373,5.388816895555358,7.092301811672445e-08,635,0.014079325528014875
REV6,0.013772571566780448,0.0023209231987738584,5.934091905348908,2.9547629191438536e-09,635,0.013772571566780448
MomSeason16YrPlus,0.012862273719649906,0.0015543550631336143,8.274990717834621,1.2846562661792142e-16,635,0.012862273719649906
DelNetFin,0.012680650180287889,0.0032089962662879335,3.951593934061029,7.763238843580401e-05,635,0.012680650180287889
CF,0.012587598673237284,0.00710587597006485,1.771435179317154,0.07648836290015402,635,0.012587598673237284
ExclExp,-0.011874385678451727,0.001864492808347517,-6.368694813564813,1.9064351528186794e-10,635,0.011874385678451727
IndMom,0.011268212991086473,0.004916465628700086,2.2919336454439505,0.0219094724132825,635,0.011268212991086473
PctAcc,0.011092154300309567,0.002412899843594735,4.597022263379358,4.28571840613935e-06,635,0.011092154300309567
ChNWC,0.010987737861738879,0.0019149047532145314,5.738007513582007,9.579686713021262e-09,635,0.010987737861738879
RevenueSurprise,0.010958900918403423,0.0030483574778810067,3.5950183001572515,0.0003243687753243024,635,0.010958900918403423
BookLeverage,-0.010560490054470097,0.0038560320671657713,-2.738693524982063,0.006168384494358785,635,0.010560490054470097
EarningsSurprise,0.010382066311452234,0.002569221462908892,4.040938650612696,5.323768546913747e-05,635,0.010382066311452234
EarningsConsistency,0.010379170469317248,0.0022125311315183034,4.691084487563688,2.717607132756047e-06,635,0.010379170469317248
BetaLiquidityPS,-0.009692879392815748,0.00254725324359688,-3.8052280106742744,0.00014167362063788292,635,0.009692879392815748
ShareIss1Y,0.009617343980847168,0.007679208408606712,1.2523874166597992,0.21042872924764655,635,0.009617343980847168
NetDebtPrice,-0.00956646217082759,0.0011351172704964102,-8.427730261423983,3.524343053090645e-17,635,0.00956646217082759
Mom6mJunk,0.009496863255425217,0.0010195994140616573,9.31430827092543,1.2274975967419352e-20,635,0.009496863255425217
GrAdExp,-0.009350892726048785,0.001380807222150615,-6.772047955749187,1.2697203402693759e-11,635,0.009350892726048785
CPVolSpread,0.009071314016856593,0.002013302625415674,4.505688266801766,6.615815204607172e-06,635,0.009071314016856593
ResidualMomentum,0.008708214412482422,0.0036382893583240907,2.3934914337032547,0.01668887103305348,635,0.008708214412482422
BPEBM,-0.007622447185709669,0.002609619338133586,-2.9209038553344278,0.003490175170459327,635,0.007622447185709669
NOA,-0.0075009412015940745,0.0024247026023274925,-3.093551017099523,0.0019777654526809884,635,0.0075009412015940745
betaVIX,0.0065550834217429545,0.001978662348760546,3.312886317288609,0.0009233850439928763,635,0.0065550834217429545
EarningsForecastDisparity,0.0055112210412037715,0.0019438177752120471,2.8352560160134166,0.004578897533855056,635,0.0055112210412037715
FirmAgeMom,0.005018241433054139,0.0006323718532947441,7.935586327741206,2.0950320762391116e-15,635,0.005018241433054139
TrendFactor,0.004987335112558862,0.0035353165474202525,1.4107181197672833,0.15832774598499966,635,0.004987335112558862
fgr5yrLag,0.004809916469145778,0.0037278359748281016,1.2902704146921522,0.19695678527828542,635,0.004809916469145778
std_turn,-0.004763718807402844,0.00025491067151878726,-18.687796705489248,6.223043664066807e-78,635,0.004763718807402844
ChAssetTurnover,0.0037778203603402545,0.0022622268450824333,1.6699564716740838,0.0949279760391802,635,0.0037778203603402545
PayoutYield,0.0031214509492342776,0.004260893268414764,0.7325813515144892,0.463813808515238,635,0.0031214509492342776
SmileSlope,0.0019345077429889824,0.0018212696217885845,1.0621753747197473,0.28815607688558775,635,0.0019345077429889824
RDAbility,-0.001929640434457465,0.0008574223436197529,-2.2505133541437266,0.024416376760660417,635,0.001929640434457465
ChNNCOA,0.0018549779296211538,0.0019373085868464818,0.9575025590738002,0.33831365535875946,635,0.0018549779296211538
retConglomerate,0.0017681448205225264,0.001134419207053544,1.5586344179723244,0.1190829320230876,635,0.0017681448205225264
PS,0.0015121915553162851,0.00032434738427414755,4.662259135218239,3.127570302331025e-06,635,0.0015121915553162851
Activism1,0.0008588003488737858,0.0003405651097559167,2.5216921060683193,0.01167918840928985,635,0.0008588003488737858
OrderBacklog,-0.0006262530146330086,0.0009963107044750645,-0.6285720025089646,0.5296292944421485,635,0.0006262530146330086
ChangeInRecommendation,0.0004818620184951305,0.000324714162841077,1.483957503667512,0.13782019493791783,635,0.0004818620184951305
EarnSupBig,0.00044441974975668614,0.0003021997280594504,1.4706159817233768,0.14139499940098776,635,0.00044441974975668614
OrderBacklogChg,0.0004371550809561082,0.0005891764777838378,0.7419764662032136,0.45810159437311015,635,0.0004371550809561082
CustomerMomentum,0.0004365716260498267,0.0002893170198631415,1.5089731888443427,0.131305634549687,635,0.0004365716260498267
sfe,-0.00043286196497229244,0.0003122233913536222,-1.3863854437543912,0.16562923881986158,635,0.00043286196497229244
dVolCall,0.0003095964487483183,0.0009648398762736059,0.32087857929757047,0.7483024075071658,635,0.0003095964487483183
dCPVolSpread,-0.00022382294542434757,0.0005253903021493792,-0.42601270809279257,0.6700985859826042,635,0.00022382294542434757
IndRetBig,0.00018506770421320158,0.00023949836632728886,0.7727305494864858,0.4396818629536182,635,0.00018506770421320158
ChNAnalyst,-0.00013187714625293988,7.52047082385184e-06,-17.53575664899594,7.642550824547264e-69,635,0.00013187714625293988
RDcap,7.244651181933777e-05,1.5285880446348668e-05,4.739439908196001,2.1430977853174944e-06,635,7.244651181933777e-05
