yyyymm,R2,N_stocks,N_features
197201,0.9086578730323785,2560,143
197202,0.8992378372308366,2570,143
197203,0.9125809122600549,2581,143
197204,0.887030354147296,2590,143
197205,0.9185590874605362,2605,143
197206,0.887896404883099,2608,143
197207,0.9201676782309457,2618,143
197208,0.9161708474176602,2636,143
197209,0.8847781577923105,2650,143
197210,0.9216257740242457,2660,143
197211,0.9299784347486844,2675,143
197212,0.9000299150376878,5655,143
197301,0.9002311758807452,5669,143
197302,0.910323172953384,5649,143
197303,0.90266338148474,5619,143
197304,0.8696211445358498,5558,143
197305,0.8967510106493816,5515,143
197306,0.9147050767207396,5484,143
197307,0.8838546747506454,5443,143
197308,0.9080909076511992,5398,143
197309,0.91504434108069,5398,143
197310,0.9149038242461683,5305,143
197311,0.909244142921825,5226,143
197312,0.9262940569266304,5205,143
197401,0.9118353146991292,5179,143
197402,0.9116042596140369,5173,143
197403,0.8921385217824201,5159,143
197404,0.9182461421283048,5130,143
197405,0.8836547121401215,5107,143
197406,0.901000716994479,5086,143
197407,0.9180153988049646,5043,143
197408,0.9206577390197418,5004,143
197409,0.9218851204081818,4967,143
197410,0.9192031208117821,4927,143
197411,0.8930030725709797,4891,143
197412,0.9245603785163168,4869,143
197501,0.9253355232959343,4884,143
197502,0.9120729922664902,4895,143
197503,0.9113731825226485,4898,143
197504,0.9192424692106753,4886,143
197505,0.9055431375138523,4888,143
197506,0.9028931222851345,4905,143
197507,0.9065083465849838,4924,143
197508,0.9041723482579973,4925,143
197509,0.9124237517169966,4930,143
197510,0.9213849761027627,4924,143
197511,0.9069301815599845,4919,143
197512,0.9133032492511406,4833,143
197601,0.9316896391170901,4930,143
197602,0.913494773321299,4892,143
197603,0.9174174049897554,4928,143
197604,0.9277274437670481,4930,143
197605,0.9126596204994724,4928,143
197606,0.9235863252570644,4962,143
197607,0.9221018361622066,4687,143
197608,0.9124981992513375,4983,143
197609,0.9334219595528486,4967,143
197610,0.9208083558207001,5012,143
197611,0.935181707749208,4998,143
197612,0.8867025018811694,4936,143
197701,0.9014476596218086,4986,143
197702,0.8869039603785305,4972,143
197703,0.8958689458104723,4978,143
197704,0.8850796969070369,4980,143
197705,0.9048313802077125,4977,143
197706,0.9012422590365107,4959,143
197707,0.8990597415959286,4948,143
197708,0.9012750775975739,4932,143
197709,0.8830693062019848,4922,143
197710,0.9005143260327777,4928,143
197711,0.8918448755370009,4910,143
197712,0.9115900602343803,4879,143
197801,0.8985793615718419,4880,143
197802,0.8747416063901696,4853,143
197803,0.898545837699992,4865,143
197804,0.9069847731814145,4857,143
197805,0.8924154483444418,4830,143
197806,0.9047190055903468,4825,143
197807,0.8810057511937368,4811,143
197808,0.869861175399139,4822,143
197809,0.8860633284037933,4831,143
197810,0.8937325015822508,4832,143
197811,0.8821574098007229,4832,143
197812,0.8859735263630516,4818,143
197901,0.914491650397785,4811,143
197902,0.9108791393903459,4812,143
197903,0.9046640253841751,4815,143
197904,0.8892686178336656,4801,143
197905,0.8834926701833374,4794,143
197906,0.8621886439025359,4793,143
197907,0.902126728286522,4783,143
197908,0.8843347631708163,4785,143
197909,0.8882148924689351,4793,143
197910,0.8855137397300157,4794,143
197911,0.9003351399716369,4784,143
197912,0.8734205618466353,4775,143
198001,0.8819822626264442,4796,143
198002,0.9149357094818176,4799,143
198003,0.9149242101443218,4808,143
198004,0.892992854031623,4800,143
198005,0.8993053597528234,4806,143
198006,0.9107978385279668,4832,143
198007,0.9152465392616977,4841,143
198008,0.8881885992999373,4845,143
198009,0.8863772365089732,4890,143
198010,0.908306889558046,4907,143
198011,0.9074232183961604,4943,143
198012,0.9196529486546409,4972,143
198101,0.9166581115610252,4993,143
198102,0.914732401213967,5015,143
198103,0.9114952892169964,5049,143
198104,0.9022266959011905,5115,143
198105,0.8955817417830523,5163,143
198106,0.866756343818062,5214,143
198107,0.9007555912089521,5267,143
198108,0.9125972323562255,5275,143
198109,0.9199802749954602,5310,143
198110,0.8798794996037625,5339,143
198111,0.8890725952582205,5340,143
198112,0.9086700629029477,5371,143
198201,0.8954152734093896,5386,143
198202,0.898307259049285,5366,143
198203,0.896807888598244,5345,143
198204,0.8927774106643781,5339,143
198205,0.8957584714610641,5327,143
198206,0.8422391662156039,5309,143
198207,0.8949397555970225,5328,143
198208,0.8977564966847642,5295,143
198209,0.8716609781334116,5273,143
198210,0.8850688693523248,5271,143
198211,0.8109115965074561,5466,143
198212,0.7947397108845914,5487,143
198301,0.8537111281462129,5492,143
198302,0.86144519804208,5498,143
198303,0.8362327333363995,5541,143
198304,0.8524037103110471,5575,143
198305,0.8294866105756625,5605,143
198306,0.854290491553559,5696,143
198307,0.8534504304091458,5753,143
198308,0.8306958712163269,5838,143
198309,0.8601397415879442,5898,143
198310,0.8473138115134912,5991,143
198311,0.8538033539680064,6056,143
198312,0.8574353885382685,6143,143
198401,0.8575351502288356,6174,143
198402,0.8554513862012207,6218,143
198403,0.8454948847650505,6264,143
198404,0.8508235766127159,6274,143
198405,0.8475632528368179,6279,143
198406,0.8543498975353839,6296,143
198407,0.8349918624396464,6311,143
198408,0.8532032266693761,6289,143
198409,0.8353714283662662,6269,143
198410,0.8476478987774163,6259,143
198411,0.8530553734271363,6271,143
198412,0.868254097680931,6254,143
198501,0.8763141283002693,6262,143
198502,0.8746743745351547,6246,143
198503,0.8616520657621063,6247,143
198504,0.867995899433627,6231,143
198505,0.8772080118227374,6233,143
198506,0.8625250659535488,6242,143
198507,0.8735175470599655,6241,143
198508,0.8513730126556691,6250,143
198509,0.8546874487174848,6251,143
198510,0.8583275459356037,6255,143
198511,0.8741820224311643,6259,143
198512,0.883712992270391,6242,143
198601,0.8814810323275959,6236,143
198602,0.8817438807603142,6244,143
198603,0.8876238125290351,6257,143
198604,0.8679781576981376,6275,143
198605,0.8782869650442907,6321,143
198606,0.8594734574690734,6390,143
198607,0.8723312288595955,6453,143
198608,0.871074354538576,6488,143
198609,0.8756717365831764,6514,143
198610,0.8648269727967752,6549,143
198611,0.8643175984933829,6546,143
198612,0.8830610347962653,6604,143
198701,0.8695776179243603,6659,143
198702,0.8586085943268165,6713,143
198703,0.8582611552381245,6778,143
198704,0.8784512770762485,6830,143
198705,0.8584793181179993,6890,143
198706,0.8480280619112107,6961,143
198707,0.830524087210629,7039,143
198708,0.8526815901865453,7103,143
198709,0.832260921699568,7134,143
198710,0.8594417710766082,7141,143
198711,0.8628671350850636,7121,143
198712,0.8634724932169529,7116,143
198801,0.8365551195803271,7080,143
198802,0.8664064541963482,7067,143
198803,0.8448148615140171,7049,143
198804,0.8356364221907178,7018,143
198805,0.8310052046117105,7011,143
198806,0.8379955228972463,7023,143
198807,0.8447865700411945,6999,143
198808,0.8292487882594047,6978,143
198809,0.8469310351391983,6974,143
198810,0.8346409396416193,6973,143
198811,0.8517364811844437,6921,143
198812,0.8528353223736889,6907,143
198901,0.8542893342265385,6904,143
198902,0.841967533094222,6881,143
198903,0.8494257290753336,6875,143
198904,0.8409070777896734,6847,143
198905,0.8453719374296365,6814,143
198906,0.8477995371979795,6816,143
198907,0.8566789527854368,6807,143
198908,0.8593100468628109,6775,143
198909,0.8520774653731278,6768,143
198910,0.8639588082472405,6751,143
198911,0.8357042131276001,6751,143
198912,0.865248496615245,6757,143
199001,0.8678354102560213,6761,143
199002,0.8391841711786588,6746,143
199003,0.8387750660381219,6750,143
199004,0.8373270049229651,6751,143
199005,0.8429844029313152,6744,143
199006,0.8428765784529492,6739,143
199007,0.8425518440956633,6740,143
199008,0.8462742487308256,6737,143
199009,0.8420662550435181,6709,143
199010,0.8301953067726924,6689,143
199011,0.8410457359641438,6679,143
199012,0.8553564335986596,6653,143
199101,0.8448682547197311,6637,143
199102,0.8612697937189928,6617,143
199103,0.8642815318229065,6596,143
199104,0.860196473214964,6594,143
199105,0.8412448312215806,6615,143
199106,0.8433819012623491,6627,143
199107,0.8515055429502856,6652,143
199108,0.8487679187463046,6683,143
199109,0.840614803293535,6687,143
199110,0.8534900894755826,6721,143
199111,0.851271848454344,6743,143
199112,0.8654900275823687,6757,143
199201,0.8668304366271167,6769,143
199202,0.8529295436234829,6779,143
199203,0.8425883727245046,6831,143
199204,0.866247180836979,6824,143
199205,0.8492789664847665,6810,143
199206,0.8545605951652391,6775,143
199207,0.855331569993394,6790,143
199208,0.8491310339859818,6805,143
199209,0.8652363728889855,6798,143
199210,0.857488304812112,6845,143
199211,0.8662706919705967,6873,143
199212,0.8731097304476831,6920,143
199301,0.8777980620786525,6942,143
199302,0.8609223133416147,6974,143
199303,0.8602398744075134,7043,143
199304,0.8845203696006736,7092,143
199305,0.8641973885404218,7155,143
199306,0.8508683172651714,7229,143
199307,0.8647180556876345,7295,143
199308,0.8591934703197415,7360,143
199309,0.864147618433295,7434,143
199310,0.8665053095482085,7507,143
199311,0.8668227299061431,7600,143
199312,0.8605157330989621,7720,143
199401,0.865109253688676,7757,143
199402,0.8638950356374114,7828,143
199403,0.8594193761578414,7894,143
199404,0.8722562859066951,7932,143
199405,0.8583107870953275,7990,143
199406,0.8541925945368493,8047,143
199407,0.8605973761080524,8058,143
199408,0.8532931946212539,8083,143
199409,0.8588922796154118,8087,143
199410,0.8590710743887536,8124,143
199411,0.8562694863651629,8128,143
199412,0.872547074640943,8137,143
199501,0.8690822854674947,8130,143
199502,0.8693040605111726,8124,143
199503,0.8614884240739098,8137,143
199504,0.8716462863795565,8152,143
199505,0.8729577407927922,8150,143
199506,0.8730614560302056,8185,143
199507,0.8840898428445273,8213,143
199508,0.8614644414224009,8261,143
199509,0.8701766703636857,8267,143
199510,0.8740926815495333,8304,143
199511,0.8594584142741977,8349,143
199512,0.8701695711810096,8399,143
199601,0.8714281692454047,8404,143
199602,0.8708833873445244,8434,143
199603,0.8776560296789417,8518,143
199604,0.8740874559741083,8567,143
199605,0.8619223250061012,8661,143
199606,0.8725778852233846,8723,143
199607,0.8637326244960725,8764,143
199608,0.8621380560128037,8815,143
199609,0.8784460680560329,8829,143
199610,0.8575739935059555,8913,143
199611,0.8731664720882606,8966,143
199612,0.8843334401065115,8986,143
199701,0.882124054561859,8987,143
199702,0.8830080087033345,8995,143
199703,0.8909722228268715,9002,143
199704,0.8832280962013914,9012,143
199705,0.8941668573815359,8992,143
199706,0.889981520417182,8999,143
199707,0.8919192619686911,9012,143
199708,0.8743944112295925,9003,143
199709,0.8900681520921552,9001,143
199710,0.8918727240021515,9046,143
199711,0.8760620499820793,9042,143
199712,0.8937901511517855,9036,143
199801,0.8934467742603867,9017,143
199802,0.9010764076365748,8989,143
199803,0.8949238314609963,8974,143
199804,0.8877061053201734,8975,143
199805,0.8942628227405621,8946,143
199806,0.9057519245059134,8939,143
199807,0.9011514600569126,8925,143
199808,0.9149534179430124,8872,143
199809,0.9067107087102005,8759,143
199810,0.9003650518606908,8713,143
199811,0.9013610223848393,8635,143
199812,0.9007713967688836,8616,143
199901,0.9122883807504077,8573,143
199902,0.9031936490981942,8496,143
199903,0.9106034087357359,8441,143
199904,0.9089688800818277,8421,143
199905,0.9071472008522425,8393,143
199906,0.9122027974786939,8378,143
199907,0.9065289536182591,8369,143
199908,0.9064435551379302,8345,143
199909,0.9040750684243192,8325,143
199910,0.9138213182046078,8307,143
199911,0.9045117350968388,8302,143
199912,0.9071354987367787,8295,143
200001,0.9275187305596135,8245,143
200002,0.9208784765557592,8223,143
200003,0.9144084784760791,8243,143
200004,0.9251335538079813,8260,143
200005,0.919242654009747,8233,143
200006,0.9135002837772951,8254,143
200007,0.9178486154913547,8263,143
200008,0.9083207415529327,8278,143
200009,0.9187737549369854,8222,143
200010,0.9177745730342802,8178,143
200011,0.918873213748909,8107,143
200012,0.9258551120710253,8029,143
200101,0.9247963930202484,7973,143
200102,0.9264484791826827,7914,143
200103,0.9322168169848809,7835,143
200104,0.9263542513675045,7750,143
200105,0.9239354739359539,7690,143
200106,0.919415840138104,7641,143
200107,0.9213995934707597,7566,143
200108,0.9243044232189066,7528,143
200109,0.9272607897383224,7497,143
200110,0.9145676249641042,7436,143
200111,0.9217773595489379,7409,143
200112,0.9314624475500957,7373,143
200201,0.935943174405083,7332,143
200202,0.9396425860192417,7295,143
200203,0.9375523695323306,7241,143
200204,0.9355243419878378,7209,143
200205,0.9357142126411591,7184,143
200206,0.9459459277458018,7157,143
200207,0.9496855008757581,7111,143
200208,0.9389124499974577,7076,143
200209,0.9373784190745146,7021,143
200210,0.9430920660935326,7005,143
200211,0.9371888119934902,6991,143
200212,0.9377830726713466,6958,143
200301,0.9355805990607016,6920,143
200302,0.9412080529452178,6857,143
200303,0.937491108526824,6816,143
200304,0.9364447309181739,6776,143
200305,0.9373491145383674,6750,143
200306,0.9379496363804286,6714,143
200307,0.9369592657881235,6690,143
200308,0.9336134335761371,6680,143
200309,0.9411579215362453,6671,143
200310,0.9406966530590316,6654,143
200311,0.9383161149401937,6641,143
200312,0.9364694180989743,6651,143
200401,0.9402541494482791,6642,143
200402,0.9433994357021663,6664,143
200403,0.9328497946014979,6657,143
200404,0.9310299828381808,6654,143
200405,0.9440008460784364,6649,143
200406,0.9380297318465161,6640,143
200407,0.9450085991739778,6658,143
200408,0.9453645424601809,6667,143
200409,0.9450360464031112,6666,143
200410,0.9437826762168288,6678,143
200411,0.9340704828049758,6679,143
200412,0.9292628819677633,6692,143
200501,0.9442630624648517,6686,143
200502,0.9417904316200407,6695,143
200503,0.940977845596666,6690,143
200504,0.9419692145760817,6682,143
200505,0.9449394731876003,6689,143
200506,0.9322779091426866,6703,143
200507,0.9383793230575398,6692,143
200508,0.934997479047604,6708,143
200509,0.9365325845194409,6692,143
200510,0.9469276249289585,6699,143
200511,0.9391016515108207,6695,143
200512,0.9384602642870854,6700,143
200601,0.9462110958612344,6681,143
200602,0.9458544843591605,6688,143
200603,0.9400657597831356,6684,143
200604,0.9442365297537944,6681,143
200605,0.9467851855243625,6700,143
200606,0.9385736802326922,6745,143
200607,0.9409515658256464,6751,143
200608,0.9446814237031866,6747,143
200609,0.9434251883784452,6737,143
200610,0.9461861530108762,6756,143
200611,0.9398195438803385,6764,143
200612,0.9347631499366272,6761,143
200701,0.9455839784409115,6778,143
200702,0.9380507263710801,6820,143
200703,0.9367726803935562,6828,143
200704,0.9370300567904891,6835,143
200705,0.941553968324508,6853,143
200706,0.9391236189146354,6865,143
200707,0.9452604163413421,6857,143
200708,0.9478070279443995,6863,143
200709,0.9438991386514494,6782,143
200710,0.9441821954976798,6790,143
200711,0.9481592777477187,6697,143
200712,0.94364029361156,6716,143
200801,0.9537084508543677,6690,143
200802,0.9512081716280714,6670,143
200803,0.9497000889257645,6658,143
200804,0.9468236627906735,6634,143
200805,0.9474708753849831,6635,143
200806,0.9474356377318759,6620,143
200807,0.9513552637663434,6614,143
200808,0.9531629735165106,6551,143
200809,0.9626480472084539,6461,143
200810,0.9635890012784881,6106,143
200811,0.9611625007264157,6062,143
200812,0.9594028913382252,6021,143
200901,0.958985725875684,5986,143
200902,0.9619962513489483,5949,143
200903,0.961517354038985,5905,143
200904,0.9563973881307196,5878,143
200905,0.9574669680253455,5835,143
200906,0.9393724170312541,5819,143
200907,0.9558525474627779,5798,143
200908,0.9480511687139352,5782,143
200909,0.9498559677607845,5762,143
200910,0.9501602753878748,5751,143
200911,0.9524093086657441,5745,143
200912,0.9484967916006927,5736,143
201001,0.9411442686901704,5723,143
201002,0.9577161289574724,5708,143
201003,0.9488978431027046,5704,143
201004,0.9515224859074194,5714,143
201005,0.9601898930217817,5702,143
201006,0.9455316977831519,5690,143
201007,0.959382466987566,5692,143
201008,0.9547521667113179,5688,143
201009,0.953818313738993,5679,143
201010,0.9511658259266298,5673,143
201011,0.9489147342396146,5662,143
201012,0.9478552538422113,5673,143
201101,0.9494008838740773,5676,143
201102,0.9521844663705628,5666,143
201103,0.9499250458160564,5638,143
201104,0.951628772635015,5639,143
201105,0.9530281127432276,5627,143
201106,0.9453831978081522,5615,143
201107,0.9535647446734605,5627,143
201108,0.9598416453780234,5623,143
201109,0.9614709783804682,5608,143
201110,0.9624955940631762,5586,143
201111,0.951927240087077,5583,143
201112,0.9533426173946222,5570,143
201201,0.9540716196097475,5561,143
201202,0.9482628912650731,5575,143
201203,0.9488059630972863,5577,143
201204,0.9462363563955136,5574,143
201205,0.9460950439147263,5574,143
201206,0.9363148221622055,5545,143
201207,0.9485040006791312,5526,143
201208,0.9428197135773204,5521,143
201209,0.947784564038789,5483,143
201210,0.9502592803820917,5500,143
201211,0.946979808926966,5479,143
201212,0.9471412177934577,5479,143
201301,0.9390695004644044,5467,143
201302,0.9396078719516299,5466,143
201303,0.9481246471639557,5448,143
201304,0.9508338228187081,5447,143
201305,0.9406933116000744,5469,143
201306,0.9292002858405791,5473,143
201307,0.937920175652687,5492,143
201308,0.9284441224692336,5503,143
201309,0.9395939461830296,5516,143
201310,0.9336918925910296,5521,143
201311,0.927923378250755,5542,143
201312,0.9343835022682403,5553,143
201401,0.933807213266234,5555,143
201402,0.9471160028082916,5570,143
201403,0.9397467366812234,5598,143
201404,0.942464790964535,5619,143
201405,0.9387404523612296,5634,143
201406,0.9335662733146515,5655,143
201407,0.9444782755951632,5689,143
201408,0.931546098205841,5695,143
201409,0.9273457487476426,5699,143
201410,0.9381215917779879,5718,143
201411,0.9301101749231134,5736,143
201412,0.9442223607368214,5747,143
201501,0.945334032225198,5736,143
201502,0.9427108227544684,5730,143
201503,0.9388130659847104,5724,143
201504,0.9425498608270262,5738,143
201505,0.9327307472370462,5751,143
201506,0.9252243801236173,5777,143
201507,0.9384983413822375,5799,143
201508,0.9380290735154075,5797,143
201509,0.9317516352826932,5777,143
201510,0.9434297977293591,5789,143
201511,0.9341782955759572,5787,143
201512,0.9434773511072108,5770,143
201601,0.9502900280557155,5752,143
201602,0.9489311900085123,5735,143
201603,0.9451331734362546,5722,143
201604,0.9426445877498053,5703,143
201605,0.9417882758306206,5702,143
201606,0.9326543723960037,5684,143
201607,0.9327465401936911,5684,143
201608,0.9354214229880243,5656,143
201609,0.918274313089652,5666,143
201610,0.933592844102316,5669,143
201611,0.9276843143068343,5684,143
201612,0.9293817895033262,5687,143
201701,0.9335394125118344,5685,143
201702,0.9373451204355707,5666,143
201703,0.9366166943830149,5666,143
201704,0.9353155136474803,5675,143
201705,0.9432674225565879,5671,143
201706,0.9329100886948376,5687,143
201707,0.9340453988607446,5708,143
201708,0.9426175561418355,5687,143
201709,0.9393486573824893,5675,143
201710,0.9355700943955046,5684,143
201711,0.928555117168402,5701,143
201712,0.9276508421591882,5704,143
201801,0.9308202944904757,5711,143
201802,0.9403603649081582,5717,143
201803,0.9318572035507872,5705,143
201804,0.9361047981372848,5708,143
201805,0.9389656735954814,5713,143
201806,0.9261048522860458,5738,143
201807,0.9344905770930814,5749,143
201808,0.934343635426683,5755,143
201809,0.934775940846322,5761,143
201810,0.9326850546595306,5771,143
201811,0.9336484972403748,5755,143
201812,0.9349066352833222,5741,143
201901,0.937968858313601,5724,143
201902,0.9385495842817264,5715,143
201903,0.931271466111843,5708,143
201904,0.9272707714387136,5728,143
201905,0.928460838606684,5753,143
201906,0.9326308336840389,5757,143
201907,0.9276674356113145,5777,143
201908,0.9354229586969359,5757,143
201909,0.9390341107124353,5761,143
201910,0.9364750469506389,5762,143
201911,0.938252908345481,5775,143
201912,0.9379223571202094,5776,143
202001,0.9291344596625397,5777,143
202002,0.9346146945969274,5786,143
202003,0.9343495458714307,5773,143
202004,0.929797605193836,5762,143
202005,0.9227356873091233,5747,143
202006,0.9172775863441953,5768,143
202007,0.9175639063188691,5792,143
202008,0.9204278969887716,5819,143
202009,0.9200625295506722,5856,143
202010,0.8912497287749088,5921,143
202011,0.9155727503697272,5975,143
202012,0.9029894190792984,6037,143
202101,0.919102170866082,6103,143
202102,0.9137628480099101,6160,143
202103,0.8870370114373918,6295,143
202104,0.8749364306333917,6440,143
202105,0.8773415999811348,6515,143
202106,0.890077585097343,6593,143
202107,0.8841069063453632,6681,143
202108,0.8978399810617388,6731,143
202109,0.9068669939637379,6772,143
202110,0.9020593191545351,6841,143
202111,0.908512222327944,6909,143
202112,0.9035313095284564,6995,143
202201,0.9133249878929991,7053,143
202202,0.9230257699968858,7076,143
202203,0.912250546071095,7093,143
202204,0.9108525111586215,7113,143
202205,0.9244048117024647,7116,143
202206,0.9134288038172363,7116,143
202207,0.9148553525886269,7104,143
202208,0.9060330392137609,7115,143
202209,0.9165972111399101,7100,143
202210,0.91946893880851,7092,143
202211,0.9179303661731618,7004,143
202212,0.9113598741450165,6974,143
202301,0.8992403767975662,6944,143
202302,0.907836392611006,6869,143
202303,0.9238766774680854,6866,143
202304,0.9108553800385536,6847,143
202305,0.914818807917396,6806,143
202306,0.9134314672190015,6782,143
202307,0.9160423684233908,6758,143
202308,0.9109413864795691,6748,143
202309,0.9177484428421118,6724,143
202310,0.9176668900593308,6703,143
202311,0.923925835070098,6653,143
202312,0.9229459573070333,6670,143
202401,0.9171833635485247,6657,143
202402,0.9157266881495894,6631,143
202403,0.9217552401582618,6620,143
202404,0.915205905336814,6612,143
202405,0.9172617238606952,6607,143
202406,0.9183522212647909,6590,143
202407,0.9188847990538562,6581,143
202408,0.917625316380276,6575,143
202409,0.9100666705704007,6602,143
202410,0.9128046435005248,6621,143
202411,0.9183575638634626,6606,143
