feature,delta_bar,std_err,t_stat,p_value,n_months,abs_delta_bar
DolVol,-3.2449937575286665,0.07698365363650937,-42.15172447972427,0.0,431,3.2449937575286665
Size,-2.9427221643124155,0.07387542485264435,-39.83357348106109,0.0,431,2.9427221643124155
zerotrade1M,-1.6273749997717926,0.015822503650126093,-102.85192759357167,0.0,431,1.6273749997717926
RealizedVol,-1.3908437864690404,0.09853183205356793,-14.1156797502039,3.0406974484759575e-45,431,1.3908437864690404
VolSD,-1.2216625042063138,0.048369338983132205,-25.256960915515986,9.497286301071144e-141,431,1.2216625042063138
IdioVolAHT,0.9569977185188845,0.029855515674751767,32.0543020909265,1.912308207561852e-225,431,0.9569977185188845
Price,-0.6839512668146308,0.055438861946771556,-12.337036562390333,5.722351777664501e-35,431,0.6839512668146308
Illiquidity,-0.4332554704657383,0.11888431040936866,-3.6443452375999623,0.0002680733841219298,431,0.4332554704657383
MaxRet,0.41853189473480473,0.04491919624829876,9.317439528999941,1.1918162819115087e-20,431,0.41853189473480473
IdioVol3F,-0.3282332444436201,0.06153780279882423,-5.333847318479357,9.615338129101227e-08,431,0.3282332444436201
BidAskSpread,-0.31668870251129,0.03957429821629501,-8.002383283726585,1.2203382711554721e-15,431,0.31668870251129
STreversal,-0.2637489752240911,0.012476416942085901,-21.139801310615347,3.425167058953598e-99,431,0.2637489752240911
AM,-0.17154100650628754,0.04258081063378052,-4.028598891215081,5.611025767625133e-05,431,0.17154100650628754
Herf,0.1420999734720917,0.008596251197677408,16.530458475955797,2.21452798329791e-61,431,0.1420999734720917
NOA,0.12889647338337895,0.004843652560713532,26.611420156112693,5.007286715938246e-156,431,0.12889647338337895
HerfBE,-0.11700858128331867,0.008043747296025033,-14.546526261602057,6.144494391860302e-48,404,0.11700858128331867
Mom12mOffSeason,0.1021538013305347,0.01593636369534882,6.4101073044881165,1.4541725034090174e-10,431,0.1021538013305347
NetEquityFinance,0.09157918728917483,0.006600535764180171,13.87450815525572,9.041113100566348e-44,431,0.09157918728917483
Mom6m,0.08818992681575755,0.008883935629510406,9.926898448342055,3.1799290615493893e-23,431,0.08818992681575755
zerotrade12M,0.08609633001681483,0.06072113703709674,1.4178971972184162,0.156220780812939,431,0.08609633001681483
std_turn,-0.08534994560051701,0.058155735740185927,-1.4676101078287922,0.14221016080262194,103,0.08534994560051701
ShareIss1Y,-0.08371445311625825,0.009248097228950349,-9.052073204226009,1.4027920847328307e-19,431,0.08371445311625825
DelEqu,0.08090351096479227,0.010235726594751157,7.904032040703324,2.7002357101282245e-15,431,0.08090351096479227
ReturnSkew,-0.07792301423670173,0.0187064965160395,-4.1655589634268635,3.105906331879044e-05,431,0.07792301423670173
Beta,-0.0707752836931034,0.009467726643575071,-7.475425343118929,7.695453741304101e-14,431,0.0707752836931034
CF,0.06648325210836152,0.01131423967335546,5.8760689209127035,4.201234677420303e-09,431,0.06648325210836152
IntanSP,-0.06563061437034486,0.01486042012631072,-4.416470988874959,1.0032535870373062e-05,123,0.06563061437034486
zerotrade6M,-0.06495741132640939,0.017809158231578096,-3.647416148576351,0.0002648907156248238,431,0.06495741132640939
grcapx3y,-0.06292977972218468,0.008273346774678853,-7.606326851279291,2.8199559067204565e-14,293,0.06292977972218468
ShareIss5Y,0.05072407571943076,0.012961180049850883,3.913538391129312,9.095343199347591e-05,274,0.05072407571943076
Accruals,0.050031571532924576,0.006808450851967575,7.348451596513463,2.00516051271574e-13,431,0.050031571532924576
MomOffSeason,0.049368469951782575,0.005420070713777909,9.108454955446819,8.356347569029439e-20,431,0.049368469951782575
DelFINL,-0.044856533965252784,0.006834387602594722,-6.563358207577032,5.260926089961228e-11,431,0.044856533965252784
IntanBM,-0.04418763147351945,0.015478991070177596,-2.8546842150877003,0.004307963985792009,73,0.04418763147351945
ForecastDispersion,-0.044111892061393446,0.012715950116202926,-3.4690205339186697,0.0005223595281331579,153,0.044111892061393446
RDS,-0.04326623309636053,0.0063819620216614865,-6.779456372430207,1.206289167716056e-11,431,0.04326623309636053
IntanEP,0.04221421855432868,0.01702773698474396,2.4791443861360203,0.013169798219303131,123,0.04221421855432868
Cash,-0.041198459093303844,0.006963153140783632,-5.916638376370303,3.285880395024173e-09,402,0.041198459093303844
NetDebtFinance,0.04019043614315728,0.008064480008026913,4.983636403482191,6.240028798899567e-07,431,0.04019043614315728
IndRetBig,0.0384574268997569,0.005708102455701045,6.7373399826324105,1.613124336151819e-11,272,0.0384574268997569
CompositeDebtIssuance,-0.03710874264612059,0.0046278560246758365,-8.018560311352795,1.0699174714957561e-15,217,0.03710874264612059
CompEquIss,-0.03604162639814855,0.01169316106650992,-3.0822825575690085,0.002054197469125267,303,0.03604162639814855
Mom12m,0.03439726957659534,0.01951619583581693,1.7624986890871452,0.07798507767483931,431,0.03439726957659534
grcapx,0.03437480668450399,0.006085924101415838,5.648247679675628,1.6209153567457377e-08,388,0.03437480668450399
EntMult,-0.03377915927100092,0.009702395573424715,-3.481527733575769,0.0004985621496732938,326,0.03377915927100092
BookLeverage,-0.03330692489488864,0.012066101266620123,-2.760371735568763,0.005773562441947037,431,0.03330692489488864
EquityDuration,0.03083115343576083,0.008269913770324603,3.7281106299311118,0.00019292069162291656,431,0.03083115343576083
dNoa,-0.03042035102157665,0.007085384944813343,-4.293394255712953,1.7596213940643747e-05,431,0.03042035102157665
XFIN,-0.029173267455997538,0.008351191415514636,-3.4933060451470634,0.0004770794057728497,431,0.029173267455997538
IntMom,-0.0290992306003185,0.006757779537331177,-4.306034317865679,1.662072828983486e-05,431,0.0290992306003185
PctAcc,-0.028118959188428133,0.007367793356227553,-3.8164695762891974,0.0001353747585925981,431,0.028118959188428133
ChNWC,-0.02803717715954271,0.005130174253982873,-5.465151040001362,4.625128144245567e-08,431,0.02803717715954271
AssetGrowth,-0.027755397466454293,0.006002099689379137,-4.624281318680553,3.758994186626639e-06,431,0.027755397466454293
ChEQ,-0.02581321660040814,0.01071188390505515,-2.4097737456084984,0.015962416132018088,431,0.02581321660040814
ReturnSkew3F,-0.02471923568870471,0.007553432150617082,-3.272583270200588,0.0010656947578418538,431,0.02471923568870471
MeanRankRevGrowth,-0.024362675073278193,0.007240419860265849,-3.364815237715187,0.0007659493117170828,197,0.024362675073278193
CashProd,-0.02316339559411671,0.01424040399313614,-1.6265968019784722,0.10382275898778535,431,0.02316339559411671
ChInv,-0.022278296661408088,0.004110654393728948,-5.419647220986269,5.971675639604961e-08,431,0.022278296661408088
PriceDelayRsq,-0.02193593882229574,0.009339584255293226,-2.3487061332375165,0.01883876839653224,427,0.02193593882229574
DelCOL,-0.02162828320824291,0.006100073937217569,-3.5455772226439985,0.0003917541827234949,431,0.02162828320824291
betaVIX,0.02112961387887753,0.0033724690053938706,6.265324854011462,3.7204896698001056e-10,431,0.02112961387887753
IntanCFP,0.020676053531821826,0.01514082364749703,1.3655831421852562,0.1720698407285718,123,0.020676053531821826
EP,-0.019184292909261005,0.017220628882706764,-1.1140297511739647,0.2652664234953538,94,0.019184292909261005
OPLeverage,0.019134665378361497,0.007702281893009781,2.4842852604144747,0.012981177441393623,431,0.019134665378361497
EarningsSurprise,0.018875479586658556,0.004996614562916237,3.7776537191297828,0.0001583127907874302,404,0.018875479586658556
ChAssetTurnover,0.018523166518815293,0.004796927448902417,3.8614648055712353,0.00011270924989985116,338,0.018523166518815293
LRreversal,-0.01801375321643884,0.008453234440213148,-2.130989427046415,0.033090013228313175,426,0.01801375321643884
hire,0.017922864934372253,0.005675042511128137,3.1581904275126536,0.0015875181999755322,431,0.017922864934372253
ResidualMomentum,0.017770629386621276,0.007715418571983138,2.3032618672370475,0.021264113771050388,431,0.017770629386621276
AnnouncementReturn,0.01740284900706516,0.003294929973666005,5.281705270264789,1.2798697584747805e-07,431,0.01740284900706516
BetaTailRisk,0.01632725025617613,0.009258306812557581,1.7635244312740348,0.07781208044646135,139,0.01632725025617613
BPEBM,0.01601747755261755,0.006483193611380117,2.470615334470601,0.013488081713816324,431,0.01601747755261755
BMdec,0.013678237516594983,0.0075783272610674204,1.8049151277571482,0.07108796416736397,431,0.013678237516594983
DelLTI,-0.012139564744028835,0.004039906043913234,-3.0049126420449888,0.002656571371616778,431,0.012139564744028835
IndMom,0.01194590234188165,0.006851340792763253,1.743586066321433,0.08123129469765068,431,0.01194590234188165
GP,-0.011433856294952754,0.0057147150663481375,-2.000774520200061,0.04541669445927408,431,0.011433856294952754
MomSeason,-0.011232107916622984,0.003214985794612828,-3.4936726424869433,0.00047642482553589526,431,0.011232107916622984
CBOperProf,0.010435012650548622,0.005758817171463376,1.8120062401454875,0.06998523231253355,221,0.010435012650548622
FEPS,0.009954141706697886,0.02808379085264543,0.35444437536680445,0.7230058835364732,363,0.009954141706697886
ChTax,0.009297980616864817,0.004432179109702635,2.097835034804954,0.0359197204662888,431,0.009297980616864817
InvestPPEInv,0.009123489937082965,0.004986168337187523,1.82975971128747,0.06728587771786833,427,0.009123489937082965
BM,-0.00837176542162742,0.007656991487390355,-1.0933491875254355,0.2742405142165353,356,0.00837176542162742
roaq,0.008049085161701943,0.008312993571896542,0.9682535048400873,0.33291777927739563,431,0.008049085161701943
RevenueSurprise,-0.007818271675457521,0.006793070112942135,-1.1509187371056535,0.24976566857434723,285,0.007818271675457521
cfp,0.007703379640110705,0.010210818824414271,0.7544330942090335,0.4505892058866281,431,0.007703379640110705
TotalAccruals,0.007473141198925276,0.00613797777790893,1.217524968210492,0.22340454258810782,431,0.007473141198925276
ExclExp,-0.006679875538348974,0.006901940087506767,-0.9678257784996203,0.3331313871306548,357,0.006679875538348974
BetaLiquidityPS,0.0065172078560963445,0.004442346585940533,1.4670642485938594,0.14235857850255662,431,0.0065172078560963445
EBM,-0.006454925402237484,0.009569619162284519,-0.6745227049031828,0.4999790557650221,431,0.006454925402237484
DelCOA,-0.0061881101131040115,0.00908333699111962,-0.6812595546277602,0.4957072704383422,431,0.0061881101131040115
MomSeason06YrPlus,0.005156159911897921,0.004780488145936926,1.0785843944159321,0.28077304116350765,236,0.005156159911897921
AnalystRevision,0.005115998847753048,0.0031778634129582687,1.6098863239029433,0.10742267514279541,346,0.005115998847753048
EarnSupBig,0.005008531356892185,0.00709249713233248,0.7061731944958927,0.48008043797521627,272,0.005008531356892185
Investment,0.004574470575011486,0.005990512092707131,0.7636192873361297,0.4450941520369419,269,0.004574470575011486
RoE,0.004537081012998883,0.006271912529261053,0.723396729758512,0.4694361797948964,431,0.004537081012998883
AbnormalAccruals,0.003878218762999992,0.004714057746518254,0.8226922476425744,0.4106830249680776,431,0.003878218762999992
Tax,-0.003664021732677092,0.004650329896645367,-0.7879057645609673,0.4307518290517104,431,0.003664021732677092
ChNNCOA,-0.0034094635115081303,0.00518498756785018,-0.6575644525454041,0.5108180427073519,431,0.0034094635115081303
CoskewACX,0.0032711607606007572,0.006163140502829663,0.5307619969233023,0.5955837180354928,431,0.0032711607606007572
MomOffSeason06YrPlus,-0.002779349945104658,0.007973405270338622,-0.3485775337977549,0.727406496497928,321,0.002779349945104658
ChInvIA,-0.0022759914863895955,0.004563357666602622,-0.49875369249416085,0.6179529140285104,422,0.0022759914863895955
Leverage,-0.0014356824320269118,0.02402807139119882,-0.059750215015291826,0.9523545773467421,431,0.0014356824320269118
PctTotAcc,0.0008766123435286007,0.006125640027292721,0.14310542892218023,0.8862069174156063,426,0.0008766123435286007
DelNetFin,-0.000629285078723546,0.00555678239631538,-0.11324630583713617,0.9098352850174503,431,0.000629285078723546
MomSeasonShort,-9.625678217461096e-05,0.005251613414744685,-0.018328992363443153,0.9853763987873035,431,9.625678217461096e-05
REV6,3.654853259735014e-05,0.007438070218225214,0.004913711692018811,0.9960794410814047,233,3.654853259735014e-05
